ds,y
1/1/09 0:00,nodata
1/2/09 0:00,nodata
1/3/09 0:00,nodata
1/4/09 0:00,nodata
1/5/09 0:00,nodata
1/6/09 0:00,nodata
1/7/09 0:00,nodata
1/8/09 0:00,nodata
1/9/09 0:00,nodata
1/10/09 0:00,nodata
1/11/09 0:00,nodata
1/12/09 0:00,nodata
1/13/09 0:00,nodata
1/14/09 0:00,nodata
1/15/09 0:00,nodata
1/16/09 0:00,nodata
1/17/09 0:00,nodata
1/18/09 0:00,nodata
1/19/09 0:00,nodata
1/20/09 0:00,nodata
1/21/09 0:00,nodata
1/22/09 0:00,nodata
1/23/09 0:00,nodata
1/24/09 0:00,nodata
1/25/09 0:00,nodata
1/26/09 0:00,nodata
1/27/09 0:00,nodata
1/28/09 0:00,nodata
1/29/09 0:00,nodata
1/30/09 0:00,nodata
1/31/09 0:00,nodata
2/1/09 0:00,nodata
2/2/09 0:00,nodata
2/3/09 0:00,nodata
2/4/09 0:00,nodata
2/5/09 0:00,nodata
2/6/09 0:00,nodata
2/7/09 0:00,nodata
2/8/09 0:00,nodata
2/9/09 0:00,nodata
2/10/09 0:00,nodata
2/11/09 0:00,nodata
2/12/09 0:00,nodata
2/13/09 0:00,nodata
2/14/09 0:00,nodata
2/15/09 0:00,nodata
2/16/09 0:00,nodata
2/17/09 0:00,nodata
2/18/09 0:00,nodata
2/19/09 0:00,nodata
2/20/09 0:00,nodata
2/21/09 0:00,nodata
2/22/09 0:00,nodata
2/23/09 0:00,nodata
2/24/09 0:00,nodata
2/25/09 0:00,nodata
2/26/09 0:00,nodata
2/27/09 0:00,nodata
2/28/09 0:00,nodata
3/1/09 0:00,nodata
3/2/09 0:00,nodata
3/3/09 0:00,nodata
3/4/09 0:00,nodata
3/5/09 0:00,nodata
3/6/09 0:00,nodata
3/7/09 0:00,nodata
3/8/09 0:00,nodata
3/9/09 0:00,nodata
3/10/09 0:00,nodata
3/11/09 0:00,nodata
3/12/09 0:00,nodata
3/13/09 0:00,nodata
3/14/09 0:00,nodata
3/15/09 0:00,nodata
3/16/09 0:00,nodata
3/17/09 0:00,nodata
3/18/09 0:00,nodata
3/19/09 0:00,nodata
3/20/09 0:00,nodata
3/21/09 0:00,nodata
3/22/09 0:00,nodata
3/23/09 0:00,nodata
3/24/09 0:00,nodata
3/25/09 0:00,nodata
3/26/09 0:00,nodata
3/27/09 0:00,nodata
3/28/09 0:00,nodata
3/29/09 0:00,nodata
3/30/09 0:00,nodata
3/31/09 0:00,nodata
4/1/09 0:00,nodata
4/2/09 0:00,nodata
4/3/09 0:00,nodata
4/4/09 0:00,nodata
4/5/09 0:00,nodata
4/6/09 0:00,nodata
4/7/09 0:00,nodata
4/8/09 0:00,nodata
4/9/09 0:00,nodata
4/10/09 0:00,nodata
4/11/09 0:00,nodata
4/12/09 0:00,nodata
4/13/09 0:00,nodata
4/14/09 0:00,nodata
4/15/09 0:00,nodata
4/16/09 0:00,nodata
4/17/09 0:00,nodata
4/18/09 0:00,nodata
4/19/09 0:00,nodata
4/20/09 0:00,nodata
4/21/09 0:00,nodata
4/22/09 0:00,nodata
4/23/09 0:00,nodata
4/24/09 0:00,nodata
4/25/09 0:00,nodata
4/26/09 0:00,nodata
4/27/09 0:00,nodata
4/28/09 0:00,nodata
4/29/09 0:00,nodata
4/30/09 0:00,nodata
5/1/09 0:00,nodata
5/2/09 0:00,nodata
5/3/09 0:00,nodata
5/4/09 0:00,nodata
5/5/09 0:00,nodata
5/6/09 0:00,nodata
5/7/09 0:00,nodata
5/8/09 0:00,nodata
5/9/09 0:00,nodata
5/10/09 0:00,nodata
5/11/09 0:00,nodata
5/12/09 0:00,nodata
5/13/09 0:00,nodata
5/14/09 0:00,nodata
5/15/09 0:00,nodata
5/16/09 0:00,nodata
5/17/09 0:00,nodata
5/18/09 0:00,nodata
5/19/09 0:00,nodata
5/20/09 0:00,nodata
5/21/09 0:00,nodata
5/22/09 0:00,nodata
5/23/09 0:00,nodata
5/24/09 0:00,nodata
5/25/09 0:00,nodata
5/26/09 0:00,nodata
5/27/09 0:00,nodata
5/28/09 0:00,nodata
5/29/09 0:00,nodata
5/30/09 0:00,nodata
5/31/09 0:00,nodata
6/1/09 0:00,nodata
6/2/09 0:00,nodata
6/3/09 0:00,nodata
6/4/09 0:00,nodata
6/5/09 0:00,nodata
6/6/09 0:00,nodata
6/7/09 0:00,nodata
6/8/09 0:00,nodata
6/9/09 0:00,nodata
6/10/09 0:00,nodata
6/11/09 0:00,nodata
6/12/09 0:00,nodata
6/13/09 0:00,nodata
6/14/09 0:00,nodata
6/15/09 0:00,nodata
6/16/09 0:00,nodata
6/17/09 0:00,nodata
6/18/09 0:00,nodata
6/19/09 0:00,nodata
6/20/09 0:00,nodata
6/21/09 0:00,nodata
6/22/09 0:00,nodata
6/23/09 0:00,nodata
6/24/09 0:00,nodata
6/25/09 0:00,nodata
6/26/09 0:00,nodata
6/27/09 0:00,nodata
6/28/09 0:00,nodata
6/29/09 0:00,nodata
6/30/09 0:00,nodata
7/1/09 0:00,nodata
7/2/09 0:00,nodata
7/3/09 0:00,nodata
7/4/09 0:00,nodata
7/5/09 0:00,nodata
7/6/09 0:00,nodata
7/7/09 0:00,nodata
7/8/09 0:00,nodata
7/9/09 0:00,nodata
7/10/09 0:00,nodata
7/11/09 0:00,nodata
7/12/09 0:00,nodata
7/13/09 0:00,nodata
7/14/09 0:00,nodata
7/15/09 0:00,nodata
7/16/09 0:00,nodata
7/17/09 0:00,nodata
7/18/09 0:00,nodata
7/19/09 0:00,nodata
7/20/09 0:00,nodata
7/21/09 0:00,nodata
7/22/09 0:00,nodata
7/23/09 0:00,nodata
7/24/09 0:00,nodata
7/25/09 0:00,nodata
7/26/09 0:00,nodata
7/27/09 0:00,nodata
7/28/09 0:00,nodata
7/29/09 0:00,nodata
7/30/09 0:00,nodata
7/31/09 0:00,nodata
8/1/09 0:00,nodata
8/2/09 0:00,nodata
8/3/09 0:00,nodata
8/4/09 0:00,nodata
8/5/09 0:00,nodata
8/6/09 0:00,nodata
8/7/09 0:00,nodata
8/8/09 0:00,nodata
8/9/09 0:00,nodata
8/10/09 0:00,nodata
8/11/09 0:00,nodata
8/12/09 0:00,nodata
8/13/09 0:00,nodata
8/14/09 0:00,nodata
8/15/09 0:00,nodata
8/16/09 0:00,nodata
8/17/09 0:00,nodata
8/18/09 0:00,nodata
8/19/09 0:00,nodata
8/20/09 0:00,nodata
8/21/09 0:00,nodata
8/22/09 0:00,nodata
8/23/09 0:00,nodata
8/24/09 0:00,nodata
8/25/09 0:00,nodata
8/26/09 0:00,nodata
8/27/09 0:00,nodata
8/28/09 0:00,nodata
8/29/09 0:00,nodata
8/30/09 0:00,nodata
8/31/09 0:00,nodata
9/1/09 0:00,nodata
9/2/09 0:00,nodata
9/3/09 0:00,nodata
9/4/09 0:00,nodata
9/5/09 0:00,nodata
9/6/09 0:00,nodata
9/7/09 0:00,nodata
9/8/09 0:00,nodata
9/9/09 0:00,nodata
9/10/09 0:00,nodata
9/11/09 0:00,nodata
9/12/09 0:00,nodata
9/13/09 0:00,nodata
9/14/09 0:00,nodata
9/15/09 0:00,nodata
9/16/09 0:00,nodata
9/17/09 0:00,nodata
9/18/09 0:00,nodata
9/19/09 0:00,nodata
9/20/09 0:00,nodata
9/21/09 0:00,nodata
9/22/09 0:00,nodata
9/23/09 0:00,nodata
9/24/09 0:00,nodata
9/25/09 0:00,nodata
9/26/09 0:00,nodata
9/27/09 0:00,nodata
9/28/09 0:00,nodata
9/29/09 0:00,nodata
9/30/09 0:00,nodata
10/1/09 0:00,nodata
10/2/09 0:00,nodata
10/3/09 0:00,nodata
10/4/09 0:00,nodata
10/5/09 0:00,nodata
10/6/09 0:00,nodata
10/7/09 0:00,nodata
10/8/09 0:00,nodata
10/9/09 0:00,nodata
10/10/09 0:00,nodata
10/11/09 0:00,nodata
10/12/09 0:00,nodata
10/13/09 0:00,nodata
10/14/09 0:00,nodata
10/15/09 0:00,nodata
10/16/09 0:00,nodata
10/17/09 0:00,nodata
10/18/09 0:00,nodata
10/19/09 0:00,nodata
10/20/09 0:00,nodata
10/21/09 0:00,nodata
10/22/09 0:00,nodata
10/23/09 0:00,nodata
10/24/09 0:00,nodata
10/25/09 0:00,nodata
10/26/09 0:00,nodata
10/27/09 0:00,nodata
10/28/09 0:00,nodata
10/29/09 0:00,nodata
10/30/09 0:00,nodata
10/31/09 0:00,nodata
11/1/09 0:00,nodata
11/2/09 0:00,nodata
11/3/09 0:00,nodata
11/4/09 0:00,nodata
11/5/09 0:00,nodata
11/6/09 0:00,nodata
11/7/09 0:00,nodata
11/8/09 0:00,nodata
11/9/09 0:00,nodata
11/10/09 0:00,nodata
11/11/09 0:00,nodata
11/12/09 0:00,nodata
11/13/09 0:00,nodata
11/14/09 0:00,nodata
11/15/09 0:00,nodata
11/16/09 0:00,nodata
11/17/09 0:00,nodata
11/18/09 0:00,nodata
11/19/09 0:00,nodata
11/20/09 0:00,nodata
11/21/09 0:00,nodata
11/22/09 0:00,nodata
11/23/09 0:00,nodata
11/24/09 0:00,nodata
11/25/09 0:00,nodata
11/26/09 0:00,nodata
11/27/09 0:00,nodata
11/28/09 0:00,nodata
11/29/09 0:00,nodata
11/30/09 0:00,nodata
12/1/09 0:00,nodata
12/2/09 0:00,nodata
12/3/09 0:00,nodata
12/4/09 0:00,nodata
12/5/09 0:00,nodata
12/6/09 0:00,nodata
12/7/09 0:00,nodata
12/8/09 0:00,nodata
12/9/09 0:00,nodata
12/10/09 0:00,nodata
12/11/09 0:00,nodata
12/12/09 0:00,nodata
12/13/09 0:00,nodata
12/14/09 0:00,nodata
12/15/09 0:00,nodata
12/16/09 0:00,nodata
12/17/09 0:00,nodata
12/18/09 0:00,nodata
12/19/09 0:00,nodata
12/20/09 0:00,nodata
12/21/09 0:00,nodata
12/22/09 0:00,nodata
12/23/09 0:00,nodata
12/24/09 0:00,nodata
12/25/09 0:00,nodata
12/26/09 0:00,nodata
12/27/09 0:00,nodata
12/28/09 0:00,nodata
12/29/09 0:00,nodata
12/30/09 0:00,nodata
12/31/09 0:00,nodata
1/1/10 0:00,nodata
1/2/10 0:00,nodata
1/3/10 0:00,nodata
1/4/10 0:00,nodata
1/5/10 0:00,nodata
1/6/10 0:00,nodata
1/7/10 0:00,nodata
1/8/10 0:00,nodata
1/9/10 0:00,nodata
1/10/10 0:00,nodata
1/11/10 0:00,nodata
1/12/10 0:00,nodata
1/13/10 0:00,nodata
1/14/10 0:00,nodata
1/15/10 0:00,nodata
1/16/10 0:00,nodata
1/17/10 0:00,nodata
1/18/10 0:00,nodata
1/19/10 0:00,nodata
1/20/10 0:00,nodata
1/21/10 0:00,nodata
1/22/10 0:00,nodata
1/23/10 0:00,nodata
1/24/10 0:00,nodata
1/25/10 0:00,nodata
1/26/10 0:00,nodata
1/27/10 0:00,nodata
1/28/10 0:00,nodata
1/29/10 0:00,nodata
1/30/10 0:00,nodata
1/31/10 0:00,nodata
2/1/10 0:00,nodata
2/2/10 0:00,nodata
2/3/10 0:00,nodata
2/4/10 0:00,nodata
2/5/10 0:00,nodata
2/6/10 0:00,nodata
2/7/10 0:00,nodata
2/8/10 0:00,nodata
2/9/10 0:00,nodata
2/10/10 0:00,nodata
2/11/10 0:00,nodata
2/12/10 0:00,nodata
2/13/10 0:00,nodata
2/14/10 0:00,nodata
2/15/10 0:00,nodata
2/16/10 0:00,nodata
2/17/10 0:00,nodata
2/18/10 0:00,nodata
2/19/10 0:00,nodata
2/20/10 0:00,nodata
2/21/10 0:00,nodata
2/22/10 0:00,nodata
2/23/10 0:00,nodata
2/24/10 0:00,nodata
2/25/10 0:00,nodata
2/26/10 0:00,nodata
2/27/10 0:00,nodata
2/28/10 0:00,nodata
3/1/10 0:00,nodata
3/2/10 0:00,nodata
3/3/10 0:00,nodata
3/4/10 0:00,nodata
3/5/10 0:00,nodata
3/6/10 0:00,nodata
3/7/10 0:00,nodata
3/8/10 0:00,nodata
3/9/10 0:00,nodata
3/10/10 0:00,nodata
3/11/10 0:00,nodata
3/12/10 0:00,nodata
3/13/10 0:00,nodata
3/14/10 0:00,nodata
3/15/10 0:00,nodata
3/16/10 0:00,nodata
3/17/10 0:00,nodata
3/18/10 0:00,nodata
3/19/10 0:00,nodata
3/20/10 0:00,nodata
3/21/10 0:00,nodata
3/22/10 0:00,nodata
3/23/10 0:00,nodata
3/24/10 0:00,nodata
3/25/10 0:00,nodata
3/26/10 0:00,nodata
3/27/10 0:00,nodata
3/28/10 0:00,nodata
3/29/10 0:00,nodata
3/30/10 0:00,nodata
3/31/10 0:00,nodata
4/1/10 0:00,nodata
4/2/10 0:00,nodata
4/3/10 0:00,nodata
4/4/10 0:00,nodata
4/5/10 0:00,nodata
4/6/10 0:00,nodata
4/7/10 0:00,nodata
4/8/10 0:00,nodata
4/9/10 0:00,nodata
4/10/10 0:00,nodata
4/11/10 0:00,nodata
4/12/10 0:00,nodata
4/13/10 0:00,nodata
4/14/10 0:00,nodata
4/15/10 0:00,nodata
4/16/10 0:00,nodata
4/17/10 0:00,nodata
4/18/10 0:00,nodata
4/19/10 0:00,nodata
4/20/10 0:00,nodata
4/21/10 0:00,nodata
4/22/10 0:00,nodata
4/23/10 0:00,nodata
4/24/10 0:00,nodata
4/25/10 0:00,nodata
4/26/10 0:00,nodata
4/27/10 0:00,nodata
4/28/10 0:00,nodata
4/29/10 0:00,nodata
4/30/10 0:00,nodata
5/1/10 0:00,nodata
5/2/10 0:00,nodata
5/3/10 0:00,nodata
5/4/10 0:00,nodata
5/5/10 0:00,nodata
5/6/10 0:00,nodata
5/7/10 0:00,nodata
5/8/10 0:00,nodata
5/9/10 0:00,nodata
5/10/10 0:00,nodata
5/11/10 0:00,nodata
5/12/10 0:00,nodata
5/13/10 0:00,nodata
5/14/10 0:00,nodata
5/15/10 0:00,nodata
5/16/10 0:00,nodata
5/17/10 0:00,nodata
5/18/10 0:00,nodata
5/19/10 0:00,nodata
5/20/10 0:00,nodata
5/21/10 0:00,nodata
5/22/10 0:00,nodata
5/23/10 0:00,nodata
5/24/10 0:00,nodata
5/25/10 0:00,nodata
5/26/10 0:00,nodata
5/27/10 0:00,nodata
5/28/10 0:00,nodata
5/29/10 0:00,nodata
5/30/10 0:00,nodata
5/31/10 0:00,nodata
6/1/10 0:00,nodata
6/2/10 0:00,nodata
6/3/10 0:00,nodata
6/4/10 0:00,nodata
6/5/10 0:00,nodata
6/6/10 0:00,nodata
6/7/10 0:00,nodata
6/8/10 0:00,nodata
6/9/10 0:00,nodata
6/10/10 0:00,nodata
6/11/10 0:00,nodata
6/12/10 0:00,nodata
6/13/10 0:00,nodata
6/14/10 0:00,nodata
6/15/10 0:00,nodata
6/16/10 0:00,nodata
6/17/10 0:00,nodata
6/18/10 0:00,nodata
6/19/10 0:00,nodata
6/20/10 0:00,nodata
6/21/10 0:00,nodata
6/22/10 0:00,nodata
6/23/10 0:00,nodata
6/24/10 0:00,nodata
6/25/10 0:00,nodata
6/26/10 0:00,nodata
6/27/10 0:00,nodata
6/28/10 0:00,nodata
6/29/10 0:00,nodata
6/30/10 0:00,nodata
7/1/10 0:00,nodata
7/2/10 0:00,nodata
7/3/10 0:00,nodata
7/4/10 0:00,nodata
7/5/10 0:00,nodata
7/6/10 0:00,nodata
7/7/10 0:00,nodata
7/8/10 0:00,nodata
7/9/10 0:00,nodata
7/10/10 0:00,nodata
7/11/10 0:00,nodata
7/12/10 0:00,nodata
7/13/10 0:00,nodata
7/14/10 0:00,nodata
7/15/10 0:00,nodata
7/16/10 0:00,nodata
7/17/10 0:00,nodata
7/18/10 0:00,nodata
7/19/10 0:00,nodata
7/20/10 0:00,nodata
7/21/10 0:00,nodata
7/22/10 0:00,nodata
7/23/10 0:00,nodata
7/24/10 0:00,nodata
7/25/10 0:00,nodata
7/26/10 0:00,nodata
7/27/10 0:00,nodata
7/28/10 0:00,nodata
7/29/10 0:00,nodata
7/30/10 0:00,nodata
7/31/10 0:00,nodata
8/1/10 0:00,nodata
8/2/10 0:00,nodata
8/3/10 0:00,nodata
8/4/10 0:00,nodata
8/5/10 0:00,nodata
8/6/10 0:00,nodata
8/7/10 0:00,nodata
8/8/10 0:00,nodata
8/9/10 0:00,nodata
8/10/10 0:00,nodata
8/11/10 0:00,nodata
8/12/10 0:00,nodata
8/13/10 0:00,nodata
8/14/10 0:00,nodata
8/15/10 0:00,nodata
8/16/10 0:00,nodata
8/17/10 0:00,nodata
8/18/10 0:00,nodata
8/19/10 0:00,nodata
8/20/10 0:00,nodata
8/21/10 0:00,nodata
8/22/10 0:00,nodata
8/23/10 0:00,nodata
8/24/10 0:00,nodata
8/25/10 0:00,nodata
8/26/10 0:00,nodata
8/27/10 0:00,nodata
8/28/10 0:00,nodata
8/29/10 0:00,nodata
8/30/10 0:00,nodata
8/31/10 0:00,nodata
9/1/10 0:00,nodata
9/2/10 0:00,nodata
9/3/10 0:00,nodata
9/4/10 0:00,nodata
9/5/10 0:00,nodata
9/6/10 0:00,nodata
9/7/10 0:00,nodata
9/8/10 0:00,nodata
9/9/10 0:00,nodata
9/10/10 0:00,nodata
9/11/10 0:00,nodata
9/12/10 0:00,nodata
9/13/10 0:00,nodata
9/14/10 0:00,nodata
9/15/10 0:00,nodata
9/16/10 0:00,nodata
9/17/10 0:00,nodata
9/18/10 0:00,nodata
9/19/10 0:00,nodata
9/20/10 0:00,nodata
9/21/10 0:00,nodata
9/22/10 0:00,nodata
9/23/10 0:00,nodata
9/24/10 0:00,nodata
9/25/10 0:00,nodata
9/26/10 0:00,nodata
9/27/10 0:00,nodata
9/28/10 0:00,nodata
9/29/10 0:00,nodata
9/30/10 0:00,nodata
10/1/10 0:00,nodata
10/2/10 0:00,nodata
10/3/10 0:00,nodata
10/4/10 0:00,nodata
10/5/10 0:00,nodata
10/6/10 0:00,nodata
10/7/10 0:00,nodata
10/8/10 0:00,nodata
10/9/10 0:00,nodata
10/10/10 0:00,nodata
10/11/10 0:00,nodata
10/12/10 0:00,nodata
10/13/10 0:00,nodata
10/14/10 0:00,nodata
10/15/10 0:00,nodata
10/16/10 0:00,nodata
10/17/10 0:00,nodata
10/18/10 0:00,nodata
10/19/10 0:00,nodata
10/20/10 0:00,nodata
10/21/10 0:00,nodata
10/22/10 0:00,nodata
10/23/10 0:00,nodata
10/24/10 0:00,nodata
10/25/10 0:00,nodata
10/26/10 0:00,nodata
10/27/10 0:00,nodata
10/28/10 0:00,nodata
10/29/10 0:00,nodata
10/30/10 0:00,nodata
10/31/10 0:00,nodata
11/1/10 0:00,nodata
11/2/10 0:00,nodata
11/3/10 0:00,nodata
11/4/10 0:00,nodata
11/5/10 0:00,nodata
11/6/10 0:00,nodata
11/7/10 0:00,nodata
11/8/10 0:00,nodata
11/9/10 0:00,nodata
11/10/10 0:00,nodata
11/11/10 0:00,nodata
11/12/10 0:00,nodata
11/13/10 0:00,nodata
11/14/10 0:00,nodata
11/15/10 0:00,nodata
11/16/10 0:00,nodata
11/17/10 0:00,nodata
11/18/10 0:00,nodata
11/19/10 0:00,nodata
11/20/10 0:00,nodata
11/21/10 0:00,nodata
11/22/10 0:00,nodata
11/23/10 0:00,nodata
11/24/10 0:00,nodata
11/25/10 0:00,nodata
11/26/10 0:00,nodata
11/27/10 0:00,nodata
11/28/10 0:00,nodata
11/29/10 0:00,nodata
11/30/10 0:00,nodata
12/1/10 0:00,nodata
12/2/10 0:00,nodata
12/3/10 0:00,nodata
12/4/10 0:00,nodata
12/5/10 0:00,nodata
12/6/10 0:00,nodata
12/7/10 0:00,nodata
12/8/10 0:00,nodata
12/9/10 0:00,nodata
12/10/10 0:00,nodata
12/11/10 0:00,nodata
12/12/10 0:00,nodata
12/13/10 0:00,nodata
12/14/10 0:00,nodata
12/15/10 0:00,nodata
12/16/10 0:00,nodata
12/17/10 0:00,nodata
12/18/10 0:00,nodata
12/19/10 0:00,nodata
12/20/10 0:00,nodata
12/21/10 0:00,nodata
12/22/10 0:00,nodata
12/23/10 0:00,nodata
12/24/10 0:00,nodata
12/25/10 0:00,nodata
12/26/10 0:00,nodata
12/27/10 0:00,nodata
12/28/10 0:00,nodata
12/29/10 0:00,nodata
12/30/10 0:00,nodata
12/31/10 0:00,nodata
1/1/11 0:00,nodata
1/2/11 0:00,nodata
1/3/11 0:00,nodata
1/4/11 0:00,nodata
1/5/11 0:00,nodata
1/6/11 0:00,nodata
1/7/11 0:00,nodata
1/8/11 0:00,nodata
1/9/11 0:00,nodata
1/10/11 0:00,nodata
1/11/11 0:00,nodata
1/12/11 0:00,nodata
1/13/11 0:00,nodata
1/14/11 0:00,nodata
1/15/11 0:00,nodata
1/16/11 0:00,nodata
1/17/11 0:00,nodata
1/18/11 0:00,nodata
1/19/11 0:00,nodata
1/20/11 0:00,nodata
1/21/11 0:00,nodata
1/22/11 0:00,nodata
1/23/11 0:00,nodata
1/24/11 0:00,nodata
1/25/11 0:00,nodata
1/26/11 0:00,nodata
1/27/11 0:00,nodata
1/28/11 0:00,nodata
1/29/11 0:00,nodata
1/30/11 0:00,nodata
1/31/11 0:00,nodata
2/1/11 0:00,nodata
2/2/11 0:00,nodata
2/3/11 0:00,nodata
2/4/11 0:00,nodata
2/5/11 0:00,nodata
2/6/11 0:00,nodata
2/7/11 0:00,nodata
2/8/11 0:00,nodata
2/9/11 0:00,nodata
2/10/11 0:00,nodata
2/11/11 0:00,nodata
2/12/11 0:00,nodata
2/13/11 0:00,nodata
2/14/11 0:00,nodata
2/15/11 0:00,nodata
2/16/11 0:00,nodata
2/17/11 0:00,nodata
2/18/11 0:00,nodata
2/19/11 0:00,nodata
2/20/11 0:00,nodata
2/21/11 0:00,nodata
2/22/11 0:00,nodata
2/23/11 0:00,nodata
2/24/11 0:00,nodata
2/25/11 0:00,nodata
2/26/11 0:00,nodata
2/27/11 0:00,nodata
2/28/11 0:00,nodata
3/1/11 0:00,nodata
3/2/11 0:00,nodata
3/3/11 0:00,nodata
3/4/11 0:00,nodata
3/5/11 0:00,nodata
3/6/11 0:00,nodata
3/7/11 0:00,nodata
3/8/11 0:00,nodata
3/9/11 0:00,nodata
3/10/11 0:00,nodata
3/11/11 0:00,nodata
3/12/11 0:00,nodata
3/13/11 0:00,nodata
3/14/11 0:00,nodata
3/15/11 0:00,nodata
3/16/11 0:00,nodata
3/17/11 0:00,nodata
3/18/11 0:00,nodata
3/19/11 0:00,nodata
3/20/11 0:00,nodata
3/21/11 0:00,nodata
3/22/11 0:00,nodata
3/23/11 0:00,nodata
3/24/11 0:00,nodata
3/25/11 0:00,nodata
3/26/11 0:00,nodata
3/27/11 0:00,nodata
3/28/11 0:00,nodata
3/29/11 0:00,nodata
3/30/11 0:00,nodata
3/31/11 0:00,nodata
4/1/11 0:00,nodata
4/2/11 0:00,nodata
4/3/11 0:00,nodata
4/4/11 0:00,nodata
4/5/11 0:00,nodata
4/6/11 0:00,nodata
4/7/11 0:00,nodata
4/8/11 0:00,nodata
4/9/11 0:00,nodata
4/10/11 0:00,nodata
4/11/11 0:00,nodata
4/12/11 0:00,nodata
4/13/11 0:00,nodata
4/14/11 0:00,nodata
4/15/11 0:00,nodata
4/16/11 0:00,nodata
4/17/11 0:00,nodata
4/18/11 0:00,nodata
4/19/11 0:00,nodata
4/20/11 0:00,nodata
4/21/11 0:00,nodata
4/22/11 0:00,nodata
4/23/11 0:00,nodata
4/24/11 0:00,nodata
4/25/11 0:00,nodata
4/26/11 0:00,nodata
4/27/11 0:00,nodata
4/28/11 0:00,nodata
4/29/11 0:00,nodata
4/30/11 0:00,nodata
5/1/11 0:00,nodata
5/2/11 0:00,nodata
5/3/11 0:00,nodata
5/4/11 0:00,nodata
5/5/11 0:00,nodata
5/6/11 0:00,nodata
5/7/11 0:00,nodata
5/8/11 0:00,nodata
5/9/11 0:00,nodata
5/10/11 0:00,nodata
5/11/11 0:00,nodata
5/12/11 0:00,nodata
5/13/11 0:00,nodata
5/14/11 0:00,nodata
5/15/11 0:00,nodata
5/16/11 0:00,nodata
5/17/11 0:00,nodata
5/18/11 0:00,nodata
5/19/11 0:00,nodata
5/20/11 0:00,nodata
5/21/11 0:00,nodata
5/22/11 0:00,nodata
5/23/11 0:00,nodata
5/24/11 0:00,nodata
5/25/11 0:00,nodata
5/26/11 0:00,nodata
5/27/11 0:00,nodata
5/28/11 0:00,nodata
5/29/11 0:00,nodata
5/30/11 0:00,nodata
5/31/11 0:00,nodata
6/1/11 0:00,nodata
6/2/11 0:00,nodata
6/3/11 0:00,nodata
6/4/11 0:00,nodata
6/5/11 0:00,nodata
6/6/11 0:00,nodata
6/7/11 0:00,nodata
6/8/11 0:00,nodata
6/9/11 0:00,nodata
6/10/11 0:00,nodata
6/11/11 0:00,nodata
6/12/11 0:00,nodata
6/13/11 0:00,nodata
6/14/11 0:00,nodata
6/15/11 0:00,nodata
6/16/11 0:00,nodata
6/17/11 0:00,nodata
6/18/11 0:00,nodata
6/19/11 0:00,nodata
6/20/11 0:00,nodata
6/21/11 0:00,nodata
6/22/11 0:00,nodata
6/23/11 0:00,nodata
6/24/11 0:00,nodata
6/25/11 0:00,nodata
6/26/11 0:00,nodata
6/27/11 0:00,nodata
6/28/11 0:00,nodata
6/29/11 0:00,nodata
6/30/11 0:00,nodata
7/1/11 0:00,nodata
7/2/11 0:00,nodata
7/3/11 0:00,nodata
7/4/11 0:00,nodata
7/5/11 0:00,nodata
7/6/11 0:00,nodata
7/7/11 0:00,nodata
7/8/11 0:00,nodata
7/9/11 0:00,nodata
7/10/11 0:00,nodata
7/11/11 0:00,nodata
7/12/11 0:00,nodata
7/13/11 0:00,nodata
7/14/11 0:00,nodata
7/15/11 0:00,nodata
7/16/11 0:00,nodata
7/17/11 0:00,nodata
7/18/11 0:00,nodata
7/19/11 0:00,nodata
7/20/11 0:00,nodata
7/21/11 0:00,nodata
7/22/11 0:00,nodata
7/23/11 0:00,nodata
7/24/11 0:00,nodata
7/25/11 0:00,nodata
7/26/11 0:00,nodata
7/27/11 0:00,nodata
7/28/11 0:00,nodata
7/29/11 0:00,nodata
7/30/11 0:00,nodata
7/31/11 0:00,nodata
8/1/11 0:00,nodata
8/2/11 0:00,nodata
8/3/11 0:00,nodata
8/4/11 0:00,nodata
8/5/11 0:00,nodata
8/6/11 0:00,nodata
8/7/11 0:00,nodata
8/8/11 0:00,nodata
8/9/11 0:00,nodata
8/10/11 0:00,nodata
8/11/11 0:00,nodata
8/12/11 0:00,nodata
8/13/11 0:00,nodata
8/14/11 0:00,nodata
8/15/11 0:00,nodata
8/16/11 0:00,nodata
8/17/11 0:00,nodata
8/18/11 0:00,nodata
8/19/11 0:00,nodata
8/20/11 0:00,nodata
8/21/11 0:00,nodata
8/22/11 0:00,nodata
8/23/11 0:00,nodata
8/24/11 0:00,nodata
8/25/11 0:00,nodata
8/26/11 0:00,nodata
8/27/11 0:00,nodata
8/28/11 0:00,nodata
8/29/11 0:00,nodata
8/30/11 0:00,nodata
8/31/11 0:00,nodata
9/1/11 0:00,nodata
9/2/11 0:00,nodata
9/3/11 0:00,nodata
9/4/11 0:00,nodata
9/5/11 0:00,nodata
9/6/11 0:00,nodata
9/7/11 0:00,nodata
9/8/11 0:00,nodata
9/9/11 0:00,nodata
9/10/11 0:00,nodata
9/11/11 0:00,nodata
9/12/11 0:00,nodata
9/13/11 0:00,nodata
9/14/11 0:00,nodata
9/15/11 0:00,nodata
9/16/11 0:00,nodata
9/17/11 0:00,nodata
9/18/11 0:00,nodata
9/19/11 0:00,nodata
9/20/11 0:00,nodata
9/21/11 0:00,nodata
9/22/11 0:00,nodata
9/23/11 0:00,nodata
9/24/11 0:00,nodata
9/25/11 0:00,nodata
9/26/11 0:00,nodata
9/27/11 0:00,nodata
9/28/11 0:00,nodata
9/29/11 0:00,nodata
9/30/11 0:00,nodata
10/1/11 0:00,nodata
10/2/11 0:00,nodata
10/3/11 0:00,nodata
10/4/11 0:00,nodata
10/5/11 0:00,nodata
10/6/11 0:00,nodata
10/7/11 0:00,nodata
10/8/11 0:00,nodata
10/9/11 0:00,nodata
10/10/11 0:00,nodata
10/11/11 0:00,nodata
10/12/11 0:00,nodata
10/13/11 0:00,nodata
10/14/11 0:00,nodata
10/15/11 0:00,nodata
10/16/11 0:00,nodata
10/17/11 0:00,nodata
10/18/11 0:00,nodata
10/19/11 0:00,nodata
10/20/11 0:00,nodata
10/21/11 0:00,nodata
10/22/11 0:00,nodata
10/23/11 0:00,nodata
10/24/11 0:00,nodata
10/25/11 0:00,nodata
10/26/11 0:00,nodata
10/27/11 0:00,nodata
10/28/11 0:00,nodata
10/29/11 0:00,nodata
10/30/11 0:00,nodata
10/31/11 0:00,nodata
11/1/11 0:00,nodata
11/2/11 0:00,nodata
11/3/11 0:00,nodata
11/4/11 0:00,nodata
11/5/11 0:00,nodata
11/6/11 0:00,nodata
11/7/11 0:00,nodata
11/8/11 0:00,nodata
11/9/11 0:00,nodata
11/10/11 0:00,nodata
11/11/11 0:00,nodata
11/12/11 0:00,nodata
11/13/11 0:00,nodata
11/14/11 0:00,nodata
11/15/11 0:00,nodata
11/16/11 0:00,nodata
11/17/11 0:00,nodata
11/18/11 0:00,nodata
11/19/11 0:00,nodata
11/20/11 0:00,nodata
11/21/11 0:00,nodata
11/22/11 0:00,nodata
11/23/11 0:00,nodata
11/24/11 0:00,nodata
11/25/11 0:00,nodata
11/26/11 0:00,nodata
11/27/11 0:00,nodata
11/28/11 0:00,nodata
11/29/11 0:00,nodata
11/30/11 0:00,nodata
12/1/11 0:00,nodata
12/2/11 0:00,nodata
12/3/11 0:00,nodata
12/4/11 0:00,nodata
12/5/11 0:00,nodata
12/6/11 0:00,nodata
12/7/11 0:00,nodata
12/8/11 0:00,nodata
12/9/11 0:00,nodata
12/10/11 0:00,nodata
12/11/11 0:00,nodata
12/12/11 0:00,nodata
12/13/11 0:00,nodata
12/14/11 0:00,nodata
12/15/11 0:00,nodata
12/16/11 0:00,nodata
12/17/11 0:00,nodata
12/18/11 0:00,nodata
12/19/11 0:00,nodata
12/20/11 0:00,nodata
12/21/11 0:00,nodata
12/22/11 0:00,nodata
12/23/11 0:00,nodata
12/24/11 0:00,nodata
12/25/11 0:00,nodata
12/26/11 0:00,nodata
12/27/11 0:00,nodata
12/28/11 0:00,nodata
12/29/11 0:00,nodata
12/30/11 0:00,nodata
12/31/11 0:00,nodata
1/1/12 0:00,nodata
1/2/12 0:00,nodata
1/3/12 0:00,nodata
1/4/12 0:00,nodata
1/5/12 0:00,nodata
1/6/12 0:00,nodata
1/7/12 0:00,nodata
1/8/12 0:00,nodata
1/9/12 0:00,nodata
1/10/12 0:00,nodata
1/11/12 0:00,nodata
1/12/12 0:00,nodata
1/13/12 0:00,nodata
1/14/12 0:00,nodata
1/15/12 0:00,nodata
1/16/12 0:00,nodata
1/17/12 0:00,nodata
1/18/12 0:00,nodata
1/19/12 0:00,nodata
1/20/12 0:00,nodata
1/21/12 0:00,nodata
1/22/12 0:00,nodata
1/23/12 0:00,nodata
1/24/12 0:00,nodata
1/25/12 0:00,nodata
1/26/12 0:00,nodata
1/27/12 0:00,nodata
1/28/12 0:00,nodata
1/29/12 0:00,nodata
1/30/12 0:00,nodata
1/31/12 0:00,nodata
2/1/12 0:00,nodata
2/2/12 0:00,nodata
2/3/12 0:00,nodata
2/4/12 0:00,nodata
2/5/12 0:00,nodata
2/6/12 0:00,nodata
2/7/12 0:00,nodata
2/8/12 0:00,nodata
2/9/12 0:00,nodata
2/10/12 0:00,nodata
2/11/12 0:00,nodata
2/12/12 0:00,nodata
2/13/12 0:00,nodata
2/14/12 0:00,nodata
2/15/12 0:00,nodata
2/16/12 0:00,nodata
2/17/12 0:00,nodata
2/18/12 0:00,nodata
2/19/12 0:00,nodata
2/20/12 0:00,nodata
2/21/12 0:00,nodata
2/22/12 0:00,nodata
2/23/12 0:00,nodata
2/24/12 0:00,nodata
2/25/12 0:00,nodata
2/26/12 0:00,nodata
2/27/12 0:00,nodata
2/28/12 0:00,nodata
2/29/12 0:00,nodata
3/1/12 0:00,nodata
3/2/12 0:00,nodata
3/3/12 0:00,nodata
3/4/12 0:00,nodata
3/5/12 0:00,nodata
3/6/12 0:00,nodata
3/7/12 0:00,nodata
3/8/12 0:00,nodata
3/9/12 0:00,nodata
3/10/12 0:00,nodata
3/11/12 0:00,nodata
3/12/12 0:00,nodata
3/13/12 0:00,nodata
3/14/12 0:00,nodata
3/15/12 0:00,nodata
3/16/12 0:00,nodata
3/17/12 0:00,nodata
3/18/12 0:00,nodata
3/19/12 0:00,nodata
3/20/12 0:00,nodata
3/21/12 0:00,nodata
3/22/12 0:00,nodata
3/23/12 0:00,nodata
3/24/12 0:00,nodata
3/25/12 0:00,nodata
3/26/12 0:00,nodata
3/27/12 0:00,nodata
3/28/12 0:00,nodata
3/29/12 0:00,nodata
3/30/12 0:00,nodata
3/31/12 0:00,nodata
4/1/12 0:00,nodata
4/2/12 0:00,nodata
4/3/12 0:00,nodata
4/4/12 0:00,nodata
4/5/12 0:00,nodata
4/6/12 0:00,nodata
4/7/12 0:00,nodata
4/8/12 0:00,nodata
4/9/12 0:00,nodata
4/10/12 0:00,nodata
4/11/12 0:00,nodata
4/12/12 0:00,nodata
4/13/12 0:00,nodata
4/14/12 0:00,nodata
4/15/12 0:00,nodata
4/16/12 0:00,nodata
4/17/12 0:00,nodata
4/18/12 0:00,nodata
4/19/12 0:00,nodata
4/20/12 0:00,nodata
4/21/12 0:00,nodata
4/22/12 0:00,nodata
4/23/12 0:00,nodata
4/24/12 0:00,nodata
4/25/12 0:00,nodata
4/26/12 0:00,nodata
4/27/12 0:00,nodata
4/28/12 0:00,nodata
4/29/12 0:00,nodata
4/30/12 0:00,nodata
5/1/12 0:00,nodata
5/2/12 0:00,nodata
5/3/12 0:00,nodata
5/4/12 0:00,nodata
5/5/12 0:00,nodata
5/6/12 0:00,nodata
5/7/12 0:00,nodata
5/8/12 0:00,nodata
5/9/12 0:00,nodata
5/10/12 0:00,nodata
5/11/12 0:00,nodata
5/12/12 0:00,nodata
5/13/12 0:00,nodata
5/14/12 0:00,nodata
5/15/12 0:00,nodata
5/16/12 0:00,nodata
5/17/12 0:00,nodata
5/18/12 0:00,nodata
5/19/12 0:00,nodata
5/20/12 0:00,nodata
5/21/12 0:00,nodata
5/22/12 0:00,nodata
5/23/12 0:00,nodata
5/24/12 0:00,nodata
5/25/12 0:00,nodata
5/26/12 0:00,nodata
5/27/12 0:00,nodata
5/28/12 0:00,nodata
5/29/12 0:00,nodata
5/30/12 0:00,nodata
5/31/12 0:00,nodata
6/1/12 0:00,nodata
6/2/12 0:00,nodata
6/3/12 0:00,nodata
6/4/12 0:00,nodata
6/5/12 0:00,nodata
6/6/12 0:00,nodata
6/7/12 0:00,nodata
6/8/12 0:00,nodata
6/9/12 0:00,nodata
6/10/12 0:00,nodata
6/11/12 0:00,nodata
6/12/12 0:00,nodata
6/13/12 0:00,nodata
6/14/12 0:00,nodata
6/15/12 0:00,nodata
6/16/12 0:00,nodata
6/17/12 0:00,nodata
6/18/12 0:00,nodata
6/19/12 0:00,nodata
6/20/12 0:00,nodata
6/21/12 0:00,nodata
6/22/12 0:00,nodata
6/23/12 0:00,nodata
6/24/12 0:00,nodata
6/25/12 0:00,nodata
6/26/12 0:00,nodata
6/27/12 0:00,nodata
6/28/12 0:00,nodata
6/29/12 0:00,nodata
6/30/12 0:00,nodata
7/1/12 0:00,nodata
7/2/12 0:00,nodata
7/3/12 0:00,nodata
7/4/12 0:00,nodata
7/5/12 0:00,nodata
7/6/12 0:00,nodata
7/7/12 0:00,nodata
7/8/12 0:00,nodata
7/9/12 0:00,nodata
7/10/12 0:00,nodata
7/11/12 0:00,nodata
7/12/12 0:00,nodata
7/13/12 0:00,nodata
7/14/12 0:00,nodata
7/15/12 0:00,nodata
7/16/12 0:00,nodata
7/17/12 0:00,nodata
7/18/12 0:00,nodata
7/19/12 0:00,nodata
7/20/12 0:00,nodata
7/21/12 0:00,nodata
7/22/12 0:00,nodata
7/23/12 0:00,nodata
7/24/12 0:00,nodata
7/25/12 0:00,nodata
7/26/12 0:00,nodata
7/27/12 0:00,nodata
7/28/12 0:00,nodata
7/29/12 0:00,nodata
7/30/12 0:00,nodata
7/31/12 0:00,nodata
8/1/12 0:00,nodata
8/2/12 0:00,nodata
8/3/12 0:00,nodata
8/4/12 0:00,nodata
8/5/12 0:00,nodata
8/6/12 0:00,nodata
8/7/12 0:00,nodata
8/8/12 0:00,nodata
8/9/12 0:00,nodata
8/10/12 0:00,nodata
8/11/12 0:00,nodata
8/12/12 0:00,nodata
8/13/12 0:00,nodata
8/14/12 0:00,nodata
8/15/12 0:00,nodata
8/16/12 0:00,nodata
8/17/12 0:00,nodata
8/18/12 0:00,nodata
8/19/12 0:00,nodata
8/20/12 0:00,nodata
8/21/12 0:00,nodata
8/22/12 0:00,nodata
8/23/12 0:00,nodata
8/24/12 0:00,nodata
8/25/12 0:00,nodata
8/26/12 0:00,nodata
8/27/12 0:00,nodata
8/28/12 0:00,nodata
8/29/12 0:00,nodata
8/30/12 0:00,nodata
8/31/12 0:00,nodata
9/1/12 0:00,nodata
9/2/12 0:00,nodata
9/3/12 0:00,nodata
9/4/12 0:00,nodata
9/5/12 0:00,nodata
9/6/12 0:00,nodata
9/7/12 0:00,nodata
9/8/12 0:00,nodata
9/9/12 0:00,nodata
9/10/12 0:00,nodata
9/11/12 0:00,nodata
9/12/12 0:00,nodata
9/13/12 0:00,nodata
9/14/12 0:00,nodata
9/15/12 0:00,nodata
9/16/12 0:00,nodata
9/17/12 0:00,nodata
9/18/12 0:00,nodata
9/19/12 0:00,nodata
9/20/12 0:00,nodata
9/21/12 0:00,nodata
9/22/12 0:00,nodata
9/23/12 0:00,nodata
9/24/12 0:00,nodata
9/25/12 0:00,nodata
9/26/12 0:00,nodata
9/27/12 0:00,nodata
9/28/12 0:00,nodata
9/29/12 0:00,nodata
9/30/12 0:00,nodata
10/1/12 0:00,nodata
10/2/12 0:00,nodata
10/3/12 0:00,nodata
10/4/12 0:00,84.20545197
10/5/12 0:00,75.16249847
10/6/12 0:00,48.43958282
10/7/12 0:00,48.21666718
10/8/12 0:00,78.1875
10/9/12 0:00,77.49687195
10/10/12 0:00,79.33333588
10/11/12 0:00,78.62812805
10/12/12 0:00,77.84999847
10/13/12 0:00,49.42291641
10/14/12 0:00,49.46979141
10/15/12 0:00,79.01145935
10/16/12 0:00,81.36145782
10/17/12 0:00,79.30000305
10/18/12 0:00,76.62553406
10/19/12 0:00,nodata
10/20/12 0:00,nodata
10/21/12 0:00,nodata
10/22/12 0:00,87.14385986
10/23/12 0:00,66.2043457
10/24/12 0:00,82.59896088
10/25/12 0:00,79.68437195
10/26/12 0:00,77.30208588
10/27/12 0:00,52.36249924
10/28/12 0:00,50.52500153
10/29/12 0:00,78.72187805
10/30/12 0:00,77.51489258
10/31/12 0:00,81.60729218
11/1/12 0:00,80.703125
11/2/12 0:00,78.71979523
11/3/12 0:00,51.47083282
11/4/12 0:00,49.7820015
11/5/12 0:00,81.1177063
11/6/12 0:00,81.3052063
11/7/12 0:00,80.47083282
11/8/12 0:00,78.82499695
11/9/12 0:00,73.68437195
11/10/12 0:00,48.97930908
11/11/12 0:00,nodata
11/12/12 0:00,62.34999847
11/13/12 0:00,80.13749695
11/14/12 0:00,78.42708588
11/15/12 0:00,78.4927063
11/16/12 0:00,75.32187653
11/17/12 0:00,49.82916641
11/18/12 0:00,48.00312424
11/19/12 0:00,77.82187653
11/20/12 0:00,76.54062653
11/21/12 0:00,67.38854218
11/22/12 0:00,46.37083435
11/23/12 0:00,47.02396011
11/24/12 0:00,45.32395935
11/25/12 0:00,46.89270782
11/26/12 0:00,80.27812195
11/27/12 0:00,83.71562195
11/28/12 0:00,84.56874847
11/29/12 0:00,80.18541718
11/30/12 0:00,80.1322937
12/1/12 0:00,51.65208435
12/2/12 0:00,50.29791641
12/3/12 0:00,77.125
12/4/12 0:00,78.49478912
12/5/12 0:00,78.5625
12/6/12 0:00,77.97916412
12/7/12 0:00,77.05104065
12/8/12 0:00,50.59687424
12/9/12 0:00,48.77396011
12/10/12 0:00,80.44166565
12/11/12 0:00,81.42082977
12/12/12 0:00,80.61978912
12/13/12 0:00,81.19791412
12/14/12 0:00,77.26041412
12/15/12 0:00,50.19270706
12/16/12 0:00,50.81354141
12/17/12 0:00,78.65937805
12/18/12 0:00,79.16770935
12/19/12 0:00,80.87916565
12/20/12 0:00,76.99791718
12/21/12 0:00,69.23020935
12/22/12 0:00,43.18437576
12/23/12 0:00,42.94687653
12/24/12 0:00,43.15729141
12/25/12 0:00,43.53333282
12/26/12 0:00,44.09479141
12/27/12 0:00,44.66666794
12/28/12 0:00,44.68229294
12/29/12 0:00,43.42499924
12/30/12 0:00,43.13333511
12/31/12 0:00,44.14896011
1/1/13 0:00,43.89270782
1/2/13 0:00,78.63749695
1/3/13 0:00,79.34631348
1/4/13 0:00,74.4614563
1/5/13 0:00,49.29583359
1/6/13 0:00,48.49166489
1/7/13 0:00,78.75624847
1/8/13 0:00,79.32395935
1/9/13 0:00,77.06041718
1/10/13 0:00,78.15103912
1/11/13 0:00,55.02295303
1/12/13 0:00,47.13020706
1/13/13 0:00,46.53792953
1/14/13 0:00,77.59896088
1/15/13 0:00,79.51667023
1/16/13 0:00,80.05312347
1/17/13 0:00,78.18494415
1/18/13 0:00,77.109375
1/19/13 0:00,50.90833282
1/20/13 0:00,49.03541565
1/21/13 0:00,76.99791718
1/22/13 0:00,82.54895782
1/23/13 0:00,80.54062653
1/24/13 0:00,82.15103912
1/25/13 0:00,79.4614563
1/26/13 0:00,52.36979294
1/27/13 0:00,50.01770782
1/28/13 0:00,80.37812805
1/29/13 0:00,81.31354523
1/30/13 0:00,78.77578735
1/31/13 0:00,73.88021088
2/1/13 0:00,76.12708282
2/2/13 0:00,51.08124924
2/3/13 0:00,49.89270782
2/4/13 0:00,81.21666718
2/5/13 0:00,80.609375
2/6/13 0:00,81.27500153
2/7/13 0:00,80.14687347
2/8/13 0:00,77.55104065
2/9/13 0:00,49.18541718
2/10/13 0:00,48.74375153
2/11/13 0:00,82.01875305
2/12/13 0:00,80.34999847
2/13/13 0:00,79.06145477
2/14/13 0:00,76.40208435
2/15/13 0:00,74.31041718
2/16/13 0:00,47.32708359
2/17/13 0:00,47.06354141
2/18/13 0:00,76.5229187
2/19/13 0:00,79.84896088
2/20/13 0:00,83.02603912
2/21/13 0:00,82.265625
2/22/13 0:00,79.44895935
2/23/13 0:00,49.95729065
2/24/13 0:00,47.64374924
2/25/13 0:00,77.19062805
2/26/13 0:00,77.12916565
2/27/13 0:00,80.46875
2/28/13 0:00,78.140625
3/1/13 0:00,78.32707977
3/2/13 0:00,48.78958511
3/3/13 0:00,47.95520782
3/4/13 0:00,79.19062805
3/5/13 0:00,86.19844055
3/6/13 0:00,79.39250183
3/7/13 0:00,78.671875
3/8/13 0:00,75.22812653
3/9/13 0:00,45.98125076
3/10/13 0:00,45.99347687
3/11/13 0:00,76.8666687
3/12/13 0:00,77.80833435
3/13/13 0:00,77.66041565
3/14/13 0:00,76.97916412
3/15/13 0:00,76.05937195
3/16/13 0:00,48.33437347
3/17/13 0:00,46.00104141
3/18/13 0:00,76.04374695
3/19/13 0:00,77.48229218
3/20/13 0:00,78.85416412
3/21/13 0:00,75.9604187
3/22/13 0:00,74.515625
3/23/13 0:00,47.83124924
3/24/13 0:00,45.63645935
3/25/13 0:00,76.69271088
3/26/13 0:00,77.06041718
3/27/13 0:00,77.1177063
3/28/13 0:00,77.41146088
3/29/13 0:00,77.48020935
3/30/13 0:00,46.19270706
3/31/13 0:00,46.78958511
4/1/13 0:00,76.10832977
4/2/13 0:00,76.40520477
4/3/13 0:00,77.51875305
4/4/13 0:00,73.0552063
4/5/13 0:00,72.26875305
4/6/13 0:00,44.91979218
4/7/13 0:00,43.7885437
4/8/13 0:00,72.81354523
4/9/13 0:00,73.70104218
4/10/13 0:00,74.92812347
4/11/13 0:00,75.52083588
4/12/13 0:00,74.48229218
4/13/13 0:00,46.625
4/14/13 0:00,47.83541489
4/15/13 0:00,74.37311554
4/16/13 0:00,77.65520477
4/17/13 0:00,75.85416412
4/18/13 0:00,76.0395813
4/19/13 0:00,74.64375305
4/20/13 0:00,46.67291641
4/21/13 0:00,44.49375153
4/22/13 0:00,73.01667023
4/23/13 0:00,72.34999847
4/24/13 0:00,77.10729218
4/25/13 0:00,71.90416718
4/26/13 0:00,71.87395477
4/27/13 0:00,45.02708435
4/28/13 0:00,44.72291565
4/29/13 0:00,74.65000153
4/30/13 0:00,75.02812195
5/1/13 0:00,73.09375
5/2/13 0:00,71.93854523
5/3/13 0:00,68.21666718
5/4/13 0:00,43.76354218
5/5/13 0:00,42.82291794
5/6/13 0:00,72.26354218
5/7/13 0:00,75.70520782
5/8/13 0:00,76.31562805
5/9/13 0:00,75.93645477
5/10/13 0:00,73.89687347
5/11/13 0:00,49.14583206
5/12/13 0:00,45.78541565
5/13/13 0:00,77.12708282
5/14/13 0:00,75.6635437
5/15/13 0:00,74.86978912
5/16/13 0:00,72.18645477
5/17/13 0:00,69.77812195
5/18/13 0:00,47.52500153
5/19/13 0:00,46.79895782
5/20/13 0:00,74.1166687
5/21/13 0:00,77.23020935
5/22/13 0:00,76.27500153
5/23/13 0:00,77.00937653
5/24/13 0:00,71.41428375
5/25/13 0:00,46.10729218
5/26/13 0:00,45.11145782
5/27/13 0:00,44.18021011
5/28/13 0:00,75.515625
5/29/13 0:00,74.71075439
5/30/13 0:00,75.31771088
5/31/13 0:00,71.6958313
6/1/13 0:00,46.04791641
6/2/13 0:00,45.65833282
6/3/13 0:00,72.04062653
6/4/13 0:00,72.41666412
6/5/13 0:00,73.65000153
6/6/13 0:00,77.76249695
6/7/13 0:00,74.63645935
6/8/13 0:00,49.01250076
6/9/13 0:00,45.80625153
6/10/13 0:00,74.10729218
6/11/13 0:00,76.3989563
6/12/13 0:00,74.56041718
6/13/13 0:00,78.17082977
6/14/13 0:00,71.81771088
6/15/13 0:00,43.29999924
6/16/13 0:00,43.91666794
6/17/13 0:00,71.77083588
6/18/13 0:00,74.13124847
6/19/13 0:00,70.2104187
6/20/13 0:00,71.07499695
6/21/13 0:00,68.83333588
6/22/13 0:00,45.01250076
6/23/13 0:00,44.43473816
6/24/13 0:00,71.5552063
6/25/13 0:00,74.84791565
6/26/13 0:00,74.90416718
6/27/13 0:00,72.57395935
6/28/13 0:00,69.9604187
6/29/13 0:00,46.33333206
6/30/13 0:00,44.18021011
7/1/13 0:00,72.29166412
7/2/13 0:00,71.85520935
7/3/13 0:00,69.52603912
7/4/13 0:00,44.57500076
7/5/13 0:00,62.23645782
7/6/13 0:00,42.59791565
7/7/13 0:00,42.94478989
7/8/13 0:00,69.96666718
7/9/13 0:00,75.11145782
7/10/13 0:00,73.41874695
7/11/13 0:00,71.94999695
7/12/13 0:00,70.2114563
7/13/13 0:00,46.82291794
7/14/13 0:00,44.45280838
7/15/13 0:00,70.5708313
7/16/13 0:00,71.44895935
7/17/13 0:00,70.9614563
7/18/13 0:00,70.76145935
7/19/13 0:00,67.43579102
7/20/13 0:00,47.28125
7/21/13 0:00,45.03645706
7/22/13 0:00,71.23229218
7/23/13 0:00,72.19687653
7/24/13 0:00,72.24516296
7/25/13 0:00,72.05937195
7/26/13 0:00,66.90000153
7/27/13 0:00,46.44374847
7/28/13 0:00,44.99166489
7/29/13 0:00,71.35832977
7/30/13 0:00,69.94999695
7/31/13 0:00,72.77894592
8/1/13 0:00,74.54895782
8/2/13 0:00,68.95262909
8/3/13 0:00,44.7416687
8/4/13 0:00,43.39791489
8/5/13 0:00,68.96562195
8/6/13 0:00,75.234375
8/7/13 0:00,72.7416687
8/8/13 0:00,72.84062195
8/9/13 0:00,70.8125
8/10/13 0:00,45.69062424
8/11/13 0:00,45.11979294
8/12/13 0:00,70.578125
8/13/13 0:00,73.5864563
8/14/13 0:00,75.60842133
8/15/13 0:00,74.1635437
8/16/13 0:00,69.39270782
8/17/13 0:00,47.83229065
8/18/13 0:00,47.50728989
8/19/13 0:00,75.51249695
8/20/13 0:00,76.11875153
8/21/13 0:00,76.828125
8/22/13 0:00,76.16146088
8/23/13 0:00,66.54479218
8/24/13 0:00,45.50833511
8/25/13 0:00,43.21250153
8/26/13 0:00,74.28749847
8/27/13 0:00,76.57499695
8/28/13 0:00,76.42292023
8/29/13 0:00,76.07395935
8/30/13 0:00,69.8447876
8/31/13 0:00,48.50104141
9/1/13 0:00,46.234375
9/2/13 0:00,48.62708282
9/3/13 0:00,72.92708588
9/4/13 0:00,72.40439606
9/5/13 0:00,77.26145935
9/6/13 0:00,74.02603912
9/7/13 0:00,45.85416794
9/8/13 0:00,44.30416489
9/9/13 0:00,71.15000153
9/10/13 0:00,72.22042847
9/11/13 0:00,75.07282257
9/12/13 0:00,76.19791412
9/13/13 0:00,73.29890442
9/14/13 0:00,47.33369446
9/15/13 0:00,43.93999863
9/16/13 0:00,74.07707977
9/17/13 0:00,73.40000153
9/18/13 0:00,74.58912659
9/19/13 0:00,75.32499695
9/20/13 0:00,71.57499695
9/21/13 0:00,49.28125
9/22/13 0:00,46.96562576
9/23/13 0:00,74.67894745
9/24/13 0:00,76.23542023
9/25/13 0:00,74.83020782
9/26/13 0:00,74.03749847
9/27/13 0:00,71.60631561
9/28/13 0:00,51.05312347
9/29/13 0:00,46.48854065
9/30/13 0:00,75.42812347
10/1/13 0:00,76.24583435
10/2/13 0:00,75.59791565
10/3/13 0:00,74.453125
10/4/13 0:00,72.59270477
10/5/13 0:00,48.31145859
10/6/13 0:00,46.29583359
10/7/13 0:00,76.95833588
10/8/13 0:00,72.74375153
10/9/13 0:00,74.90625
10/10/13 0:00,71.84791565
10/11/13 0:00,69.92500305
10/12/13 0:00,45.19478989
10/13/13 0:00,44.109375
10/14/13 0:00,72.07291412
10/15/13 0:00,74.82917023
10/16/13 0:00,77.65833282
10/17/13 0:00,75.33437347
10/18/13 0:00,73.79374695
10/19/13 0:00,46.78645706
10/20/13 0:00,45.671875
10/21/13 0:00,73.61042023
10/22/13 0:00,75.53541565
10/23/13 0:00,80.55937195
10/24/13 0:00,78.96353912
10/25/13 0:00,75.63437653
10/26/13 0:00,50.78020859
10/27/13 0:00,45.77708435
10/28/13 0:00,75.6333313
10/29/13 0:00,74.97187805
10/30/13 0:00,75.91562653
10/31/13 0:00,82.77763367
11/1/13 0:00,72.66874695
11/2/13 0:00,50.51145935
11/3/13 0:00,49.71099854
11/4/13 0:00,74.44791412
11/5/13 0:00,75.69166565
11/6/13 0:00,75.2572937
11/7/13 0:00,77.4302063
11/8/13 0:00,75.53646088
11/9/13 0:00,48.03229141
11/10/13 0:00,46.66145706
11/11/13 0:00,76.25624847
11/12/13 0:00,77.57707977
11/13/13 0:00,76.75416565
11/14/13 0:00,75.52500153
11/15/13 0:00,73.0697937
11/16/13 0:00,47.15833282
11/17/13 0:00,47.29166794
11/18/13 0:00,72.9135437
11/19/13 0:00,79.1635437
11/20/13 0:00,79.0479126
11/21/13 0:00,76.63854218
11/22/13 0:00,74.79479218
11/23/13 0:00,48.18125153
11/24/13 0:00,48.07395935
11/25/13 0:00,75.7114563
11/26/13 0:00,76.03437805
11/27/13 0:00,65.71250153
11/28/13 0:00,43.08541489
11/29/13 0:00,43.85625076
11/30/13 0:00,44.17604065
12/1/13 0:00,44.96250153
12/2/13 0:00,73.08666992
12/3/13 0:00,75.5708313
12/4/13 0:00,75.19374847
12/5/13 0:00,78.74583435
12/6/13 0:00,73.59166718
12/7/13 0:00,45.84999847
12/8/13 0:00,46.24062347
12/9/13 0:00,75.60520935
12/10/13 0:00,76.58333588
12/11/13 0:00,76.34062195
12/12/13 0:00,74.16041565
12/13/13 0:00,72.91874695
12/14/13 0:00,48.20624924
12/15/13 0:00,46.44895935
12/16/13 0:00,76.92812347
12/17/13 0:00,79.56666565
12/18/13 0:00,77.7427063
12/19/13 0:00,76.16562653
12/20/13 0:00,72.74478912
12/21/13 0:00,44.49375153
12/22/13 0:00,45.81041718
12/23/13 0:00,67.96250153
12/24/13 0:00,58.46562576
12/25/13 0:00,41.33854294
12/26/13 0:00,43.62395859
12/27/13 0:00,44.03229141
12/28/13 0:00,41.17812347
12/29/13 0:00,40.7416687
12/30/13 0:00,40.87395859
12/31/13 0:00,39.82083511
1/1/14 0:00,38.98749924
1/2/14 0:00,63.58020782
1/3/14 0:00,64.07917023
1/4/14 0:00,42.65104294
1/5/14 0:00,42.10625076
1/6/14 0:00,73.18854523
1/7/14 0:00,71.81874847
1/8/14 0:00,75.10416412
1/9/14 0:00,70.57917023
1/10/14 0:00,71.4068222
1/11/14 0:00,45.50104141
1/12/14 0:00,44.49895859
1/13/14 0:00,72.13854218
1/14/14 0:00,72.86210632
1/15/14 0:00,71.56702423
1/16/14 0:00,73.49478912
1/17/14 0:00,69.92292023
1/18/14 0:00,44.71666718
1/19/14 0:00,44.17499924
1/20/14 0:00,46.48854065
1/21/14 0:00,75.21666718
1/22/14 0:00,74.53646088
1/23/14 0:00,77.8208313
1/24/14 0:00,74.43516541
1/25/14 0:00,44.11145782
1/26/14 0:00,43.40937424
1/27/14 0:00,72.55000305
1/28/14 0:00,76.22916412
1/29/14 0:00,74.63645935
1/30/14 0:00,73.88124847
1/31/14 0:00,69.27603912
2/1/14 0:00,47.32708359
2/2/14 0:00,46.51904678
2/3/14 0:00,nodata
2/4/14 0:00,nodata
2/5/14 0:00,nodata
2/6/14 0:00,nodata
2/7/14 0:00,nodata
2/8/14 0:00,nodata
2/9/14 0:00,nodata
2/10/14 0:00,nodata
2/11/14 0:00,nodata
2/12/14 0:00,nodata
2/13/14 0:00,nodata
2/14/14 0:00,51.67930985
2/15/14 0:00,46.16145706
2/16/14 0:00,44.07291794
2/17/14 0:00,71.40520477
2/18/14 0:00,73.91249847
2/19/14 0:00,73.20769501
2/20/14 0:00,74.40729523
2/21/14 0:00,71.1177063
2/22/14 0:00,45.01979065
2/23/14 0:00,44.03125
2/24/14 0:00,73.70520782
2/25/14 0:00,76.29673767
2/26/14 0:00,85.35438538
2/27/14 0:00,75.11875153
2/28/14 0:00,70.27894592
3/1/14 0:00,46.34583282
3/2/14 0:00,45.03853989
3/3/14 0:00,76.80104065
3/4/14 0:00,77.96770477
3/5/14 0:00,75.54479218
3/6/14 0:00,73.37233734
3/7/14 0:00,68.47916412
3/8/14 0:00,45.51874924
3/9/14 0:00,41.32391357
3/10/14 0:00,67.42708588
3/11/14 0:00,68.37083435
3/12/14 0:00,68.10312653
3/13/14 0:00,67.71353912
3/14/14 0:00,69.59583282
3/15/14 0:00,43.54999924
3/16/14 0:00,40.53749847
3/17/14 0:00,68.97396088
3/18/14 0:00,69.13021088
3/19/14 0:00,70.6958313
3/20/14 0:00,69.77083588
3/21/14 0:00,65.54479218
3/22/14 0:00,41.41145706
3/23/14 0:00,38.97708511
3/24/14 0:00,69.70520782
3/25/14 0:00,70.33958435
3/26/14 0:00,73.5854187
3/27/14 0:00,68.77083588
3/28/14 0:00,65.36354065
3/29/14 0:00,41.39583206
3/30/14 0:00,41.37291718
3/31/14 0:00,66.25521088
4/1/14 0:00,65.04166412
4/2/14 0:00,63.28541565
4/3/14 0:00,63.65208435
4/4/14 0:00,66.24583435
4/5/14 0:00,43.72291565
4/6/14 0:00,38.24583435
4/7/14 0:00,67.38124847
4/8/14 0:00,70.12187195
4/9/14 0:00,67.2416687
4/10/14 0:00,65.3208313
4/11/14 0:00,66.22916412
4/12/14 0:00,39.83437347
4/13/14 0:00,39.13541794
4/14/14 0:00,66.54623413
4/15/14 0:00,68.73369598
4/16/14 0:00,68.28421021
4/17/14 0:00,65.85520935
4/18/14 0:00,63.10625076
4/19/14 0:00,38.57500076
4/20/14 0:00,36.85416794
4/21/14 0:00,64.32917023
4/22/14 0:00,68.10416412
4/23/14 0:00,68.0385437
4/24/14 0:00,63.39347839
4/25/14 0:00,63.484375
4/26/14 0:00,38.54895782
4/27/14 0:00,39.77708435
4/28/14 0:00,65.30210876
4/29/14 0:00,67.29166412
4/30/14 0:00,68.18437195
5/1/14 0:00,66.3677063
5/2/14 0:00,63.59583282
5/3/14 0:00,40.42395782
5/4/14 0:00,38.62812424
5/5/14 0:00,65.09479523
5/6/14 0:00,67.10312653
5/7/14 0:00,67.79270935
5/8/14 0:00,64.296875
5/9/14 0:00,62.58958435
5/10/14 0:00,38.60729218
5/11/14 0:00,36.90416718
5/12/14 0:00,66.41249847
5/13/14 0:00,67.62812805
5/14/14 0:00,65.92708588
5/15/14 0:00,66.52187347
5/16/14 0:00,67.80833435
5/17/14 0:00,39.63958359
5/18/14 0:00,38.92395782
5/19/14 0:00,67.49478912
5/20/14 0:00,67.1166687
5/21/14 0:00,67.78526306
5/22/14 0:00,68.90729523
5/23/14 0:00,66.11042023
5/24/14 0:00,40.96562576
5/25/14 0:00,41.14479065
5/26/14 0:00,39.51770782
5/27/14 0:00,67.12916565
5/28/14 0:00,69.91702271
5/29/14 0:00,67.55319214
5/30/14 0:00,59.76770782
5/31/14 0:00,36.984375
6/1/14 0:00,34.97126389
6/2/14 0:00,64.921875
6/3/14 0:00,68.65103912
6/4/14 0:00,68.11250305
6/5/14 0:00,69.46458435
6/6/14 0:00,63.90312576
6/7/14 0:00,40.70520782
6/8/14 0:00,39.75312424
6/9/14 0:00,69.84062195
6/10/14 0:00,67.140625
6/11/14 0:00,65.68958282
6/12/14 0:00,65.171875
6/13/14 0:00,68.66117859
6/14/14 0:00,41.3520546
6/15/14 0:00,nodata
6/16/14 0:00,75.58070374
6/17/14 0:00,67.29270935
6/18/14 0:00,67.68681335
6/19/14 0:00,nodata
6/20/14 0:00,nodata
6/21/14 0:00,nodata
6/22/14 0:00,nodata
6/23/14 0:00,71.62622833
6/24/14 0:00,66.22187805
6/25/14 0:00,65.54062653
6/26/14 0:00,64.81562805
6/27/14 0:00,60.15520859
6/28/14 0:00,39.18437576
6/29/14 0:00,37.13750076
6/30/14 0:00,62.27500153
7/1/14 0:00,64.34583282
7/2/14 0:00,65.65833282
7/3/14 0:00,61.83854294
7/4/14 0:00,39.71458435
7/5/14 0:00,40.14896011
7/6/14 0:00,39.80625153
7/7/14 0:00,63.69166565
7/8/14 0:00,66.56210327
7/9/14 0:00,67.51354218
7/10/14 0:00,65.17292023
7/11/14 0:00,62.80736923
7/12/14 0:00,42.25520706
7/13/14 0:00,43.27666855
7/14/14 0:00,65.13645935
7/15/14 0:00,67.98750305
7/16/14 0:00,67.28125
7/17/14 0:00,67.52500153
7/18/14 0:00,63.51333237
7/19/14 0:00,43.25416565
7/20/14 0:00,40.49479294
7/21/14 0:00,64.71770477
7/22/14 0:00,67.20417023
7/23/14 0:00,70.18333435
7/24/14 0:00,66.45937347
7/25/14 0:00,62.88541794
7/26/14 0:00,40.47499847
7/27/14 0:00,41.20126724
7/28/14 0:00,67.18958282
7/29/14 0:00,66.87395477
7/30/14 0:00,61.42000198
7/31/14 0:00,67.140625
8/1/14 0:00,63.91875076
8/2/14 0:00,40.59375
8/3/14 0:00,42.75520706
8/4/14 0:00,59.31066513
8/5/14 0:00,69.64687347
8/6/14 0:00,67.28020477
8/7/14 0:00,65.10444641
8/8/14 0:00,63.11771011
8/9/14 0:00,42.40312576
8/10/14 0:00,41.64941025
8/11/14 0:00,nodata
8/12/14 0:00,nodata
8/13/14 0:00,nodata
8/14/14 0:00,nodata
8/15/14 0:00,50.19687653
8/16/14 0:00,41.24375153
8/17/14 0:00,39.84895706
8/18/14 0:00,66.70729065
8/19/14 0:00,67.15520477
8/20/14 0:00,70.27603912
8/21/14 0:00,67.09791565
8/22/14 0:00,63.05416489
8/23/14 0:00,42.60312653
8/24/14 0:00,39.36145782
8/25/14 0:00,67.96315765
8/26/14 0:00,69.73332977
8/27/14 0:00,68.84166718
8/28/14 0:00,68.12291718
8/29/14 0:00,62.76979065
8/30/14 0:00,41.54999924
8/31/14 0:00,41.97083282
9/1/14 0:00,40.81874847
9/2/14 0:00,71.19271088
9/3/14 0:00,70.13957977
9/4/14 0:00,69.56145477
9/5/14 0:00,68.02083588
9/6/14 0:00,43.69895935
9/7/14 0:00,39.69062424
9/8/14 0:00,67.98542023
9/9/14 0:00,70.2427063
9/10/14 0:00,68.54479218
9/11/14 0:00,68.63749695
9/12/14 0:00,66.2729187
9/13/14 0:00,43.65833282
9/14/14 0:00,41.93854141
9/15/14 0:00,68.36978912
9/16/14 0:00,67.9302063
9/17/14 0:00,67.1010437
9/18/14 0:00,68.55312347
9/19/14 0:00,65.97187805
9/20/14 0:00,42.29479218
9/21/14 0:00,41.37708282
9/22/14 0:00,69.10416412
9/23/14 0:00,68.38749695
9/24/14 0:00,68.55000305
9/25/14 0:00,73.00468445
9/26/14 0:00,49.23225784
9/27/14 0:00,40.33854294
9/28/14 0:00,39.10312653
9/29/14 0:00,67.72291565
9/30/14 0:00,70.18228912
10/1/14 0:00,69.69687653
10/2/14 0:00,69.09062195
10/3/14 0:00,64.75624847
10/4/14 0:00,45.20520782
10/5/14 0:00,42.97812653
10/6/14 0:00,68.4135437
10/7/14 0:00,68.13437653
10/8/14 0:00,70.65416718
10/9/14 0:00,67.68333435
10/10/14 0:00,65.84791565
10/11/14 0:00,40.64270782
10/12/14 0:00,38.93021011
10/13/14 0:00,66.82395935
10/14/14 0:00,67.73332977
10/15/14 0:00,70.65208435
10/16/14 0:00,68.484375
10/17/14 0:00,67.45104218
10/18/14 0:00,46.81770706
10/19/14 0:00,43.68437576
10/20/14 0:00,69.68333435
10/21/14 0:00,68.34270477
10/22/14 0:00,68.96562195
10/23/14 0:00,68.09999847
10/24/14 0:00,64.11145782
10/25/14 0:00,40.63437653
10/26/14 0:00,42.14583206
10/27/14 0:00,67.4168396
10/28/14 0:00,69.48526001
10/29/14 0:00,60.29000092
10/30/14 0:00,66.54561615
10/31/14 0:00,66.59642792
11/1/14 0:00,44.18315887
11/2/14 0:00,42.06499863
11/3/14 0:00,69.02500153
11/4/14 0:00,69.44166565
11/5/14 0:00,69.95729065
11/6/14 0:00,68.5697937
11/7/14 0:00,68.69999695
11/8/14 0:00,42.67468262
11/9/14 0:00,42.04000092
11/10/14 0:00,66.83548737
11/11/14 0:00,66.21770477
11/12/14 0:00,67.44421387
11/13/14 0:00,66.87073517
11/14/14 0:00,69.58292389
11/15/14 0:00,44.61951065
11/16/14 0:00,43.70722961
11/17/14 0:00,69.66551971
11/18/14 0:00,66.84368134
11/19/14 0:00,67.49622345
11/20/14 0:00,59.56206894
11/21/14 0:00,62.45000076
11/22/14 0:00,nodata
11/23/14 0:00,39.5
11/24/14 0:00,72.42692566
11/25/14 0:00,66.47916412
11/26/14 0:00,58.01354218
11/27/14 0:00,40.19374847
11/28/14 0:00,40.45937347
11/29/14 0:00,40.89571381
11/30/14 0:00,42
12/1/14 0:00,78.86603546
12/2/14 0:00,70.67812347
12/3/14 0:00,70.66666412
12/4/14 0:00,70.66249847
12/5/14 0:00,68.53333282
12/6/14 0:00,43.52604294
12/7/14 0:00,43.07500076
12/8/14 0:00,71.5229187
12/9/14 0:00,71.2729187
12/10/14 0:00,67.5
12/11/14 0:00,68.05104065
12/12/14 0:00,66.53229523
12/13/14 0:00,46.14270782
12/14/14 0:00,44.77083206
12/15/14 0:00,71.0541687
12/16/14 0:00,70.22083282
12/17/14 0:00,69.36978912
12/18/14 0:00,72.24687195
12/19/14 0:00,70.32395935
12/20/14 0:00,43.49583435
12/21/14 0:00,41.34270859
12/22/14 0:00,63.6231575
12/23/14 0:00,61.86145782
12/24/14 0:00,49.64687347
12/25/14 0:00,34.69583511
12/26/14 0:00,35.95208359
12/27/14 0:00,35.41979218
12/28/14 0:00,36.68854141
12/29/14 0:00,38.44791794
12/30/14 0:00,38.63541794
12/31/14 0:00,38.89479065
1/1/15 0:00,35.671875
1/2/15 0:00,36.25937653
1/3/15 0:00,34.19791794
1/4/15 0:00,34.70624924
1/5/15 0:00,67.97916412
1/6/15 0:00,71.83437347
1/7/15 0:00,71.90312195
1/8/15 0:00,70.0552063
1/9/15 0:00,68.75104523
1/10/15 0:00,43.30833435
1/11/15 0:00,43.77812576
1/12/15 0:00,68.52500153
1/13/15 0:00,68.88124847
1/14/15 0:00,71.37395477
1/15/15 0:00,70.60624695
1/16/15 0:00,67.40000153
1/17/15 0:00,40.14166641
1/18/15 0:00,41.71041489
1/19/15 0:00,44.40000153
1/20/15 0:00,68.63021088
1/21/15 0:00,70.0239563
1/22/15 0:00,68.78646088
1/23/15 0:00,67.453125
1/24/15 0:00,42.08854294
1/25/15 0:00,41.22499847
1/26/15 0:00,70.92526245
1/27/15 0:00,70.6333313
1/28/15 0:00,69.15833282
1/29/15 0:00,69.61978912
1/30/15 0:00,66.75312805
1/31/15 0:00,44.62187576
2/1/15 0:00,45.27083206
2/2/15 0:00,66.24062347
2/3/15 0:00,72.62604523
2/4/15 0:00,73.49791718
2/5/15 0:00,72.75521088
2/6/15 0:00,71.27500153
2/7/15 0:00,41.80729294
2/8/15 0:00,42.00624847
2/9/15 0:00,69.05833435
2/10/15 0:00,73.77812195
2/11/15 0:00,73.70207977
2/12/15 0:00,73.31562805
2/13/15 0:00,70.83020782
2/14/15 0:00,43.15208435
2/15/15 0:00,40.72083282
2/16/15 0:00,70.53541565
2/17/15 0:00,76.20207977
2/18/15 0:00,74.33020782
2/19/15 0:00,73.1010437
2/20/15 0:00,70.63854218
2/21/15 0:00,44.453125
2/22/15 0:00,41.28437424
2/23/15 0:00,73.64631653
2/24/15 0:00,75.12187195
2/25/15 0:00,74.27603912
2/26/15 0:00,75.0854187
2/27/15 0:00,71.85312653
2/28/15 0:00,43.83229065
3/1/15 0:00,43.90520859
3/2/15 0:00,74.3979187
3/3/15 0:00,74.95833588
3/4/15 0:00,73.07187653
3/5/15 0:00,74.03749847
3/6/15 0:00,70.47396088
3/7/15 0:00,44.38854218
3/8/15 0:00,44.10217285
3/9/15 0:00,72.50624847
3/10/15 0:00,73.1802063
3/11/15 0:00,71.57291412
3/12/15 0:00,69.47291565
3/13/15 0:00,66.23229218
3/14/15 0:00,40.72812653
3/15/15 0:00,42.29999924
3/16/15 0:00,70.02708435
3/17/15 0:00,71.87187195
3/18/15 0:00,73.05728912
3/19/15 0:00,71.13854218
3/20/15 0:00,71.53437805
3/21/15 0:00,46.07395935
3/22/15 0:00,40.140625
3/23/15 0:00,69.79895782
3/24/15 0:00,70.58437347
3/25/15 0:00,71.22812653
3/26/15 0:00,73.32553101
3/27/15 0:00,71.32707977
3/28/15 0:00,42.25520706
3/29/15 0:00,38.45624924
3/30/15 0:00,68.59896088
3/31/15 0:00,70.31041718
4/1/15 0:00,68.40520477
4/2/15 0:00,64.97083282
4/3/15 0:00,61.29166794
4/4/15 0:00,40.18645859
4/5/15 0:00,42.53749847
4/6/15 0:00,66.9614563
4/7/15 0:00,71.16146088
4/8/15 0:00,72.42395782
4/9/15 0:00,70.56874847
4/10/15 0:00,66.8041687
4/11/15 0:00,41.01666641
4/12/15 0:00,39.18125153
4/13/15 0:00,66.61354065
4/14/15 0:00,68.8197937
4/15/15 0:00,66.69999695
4/16/15 0:00,66.88645935
4/17/15 0:00,66.53020477
4/18/15 0:00,40.24166489
4/19/15 0:00,38.98854065
4/20/15 0:00,66.69999695
4/21/15 0:00,69.0697937
4/22/15 0:00,69.0893631
4/23/15 0:00,71.37604523
4/24/15 0:00,67.34791565
4/25/15 0:00,42.00312424
4/26/15 0:00,38.63228989
4/27/15 0:00,66.01979065
4/28/15 0:00,65.99062347
4/29/15 0:00,65.88021088
4/30/15 0:00,66.08125305
5/1/15 0:00,63.53229141
5/2/15 0:00,38.10833359
5/3/15 0:00,35.52708435
5/4/15 0:00,63.56770706
5/5/15 0:00,68.13437653
5/6/15 0:00,67.40937805
5/7/15 0:00,63.25520706
5/8/15 0:00,62.67291641
5/9/15 0:00,36.78020859
5/10/15 0:00,35.04583359
5/11/15 0:00,67.53333282
5/12/15 0:00,68.23958588
5/13/15 0:00,67.98936462
5/14/15 0:00,65.94062805
5/15/15 0:00,65.36354065
5/16/15 0:00,39.58646011
5/17/15 0:00,36.08958435
5/18/15 0:00,68.29166412
5/19/15 0:00,68.16146088
5/20/15 0:00,68.48958588
5/21/15 0:00,68.14270782
5/22/15 0:00,64.3822937
5/23/15 0:00,41.41145706
5/24/15 0:00,40.06562424
5/25/15 0:00,39.86562347
5/26/15 0:00,69.63021088
5/27/15 0:00,68.21720123
5/28/15 0:00,68.15368652
5/29/15 0:00,63.11354065
5/30/15 0:00,41.26354218
5/31/15 0:00,42.90208435
6/1/15 0:00,69.79479218
6/2/15 0:00,68.98020935
6/3/15 0:00,67.26457977
6/4/15 0:00,67.38437653
6/5/15 0:00,65.16146088
6/6/15 0:00,40.46250153
6/7/15 0:00,38.23333359
6/8/15 0:00,68.0385437
6/9/15 0:00,70.3979187
6/10/15 0:00,58.18947601
6/11/15 0:00,76.01818085
6/12/15 0:00,64.88437653
6/13/15 0:00,39.546875
6/14/15 0:00,40.33333206
6/15/15 0:00,68.03646088
6/16/15 0:00,68.33020782
6/17/15 0:00,66.69062805
6/18/15 0:00,65.77083588
6/19/15 0:00,62.78020859
6/20/15 0:00,41.4604187
6/21/15 0:00,38.35520935
6/22/15 0:00,66.34526062
6/23/15 0:00,68.28437805
6/24/15 0:00,68.98750305
6/25/15 0:00,67.67604065
6/26/15 0:00,64.19166565
6/27/15 0:00,41.53853989
6/28/15 0:00,40.00937653
6/29/15 0:00,66.18125153
6/30/15 0:00,67.38854218
7/1/15 0:00,67.4229126
7/2/15 0:00,63.99583435
7/3/15 0:00,38.57395935
7/4/15 0:00,37.96250153
7/5/15 0:00,36.66562653
7/6/15 0:00,67.12187195
7/7/15 0:00,73.40987396
7/8/15 0:00,58.98285675
7/9/15 0:00,69.27916718
7/10/15 0:00,62.17708206
7/11/15 0:00,37.19791794
7/12/15 0:00,36.671875
7/13/15 0:00,65.0625
7/14/15 0:00,68.01770782
7/15/15 0:00,70.2427063
7/16/15 0:00,67.62812805
7/17/15 0:00,65.14687347
7/18/15 0:00,42.86666489
7/19/15 0:00,42.87916565
7/20/15 0:00,67.38736725
7/21/15 0:00,69.38124847
7/22/15 0:00,67.5541687
7/23/15 0:00,67.83125305
7/24/15 0:00,62.81145859
7/25/15 0:00,42.95208359
7/26/15 0:00,39.38020706
7/27/15 0:00,63.5854187
7/28/15 0:00,67.48958588
7/29/15 0:00,70.2510376
7/30/15 0:00,67.61263275
7/31/15 0:00,63.86562347
8/1/15 0:00,39.96458435
8/2/15 0:00,39.04479218
8/3/15 0:00,67.53749847
8/4/15 0:00,69.13645935
8/5/15 0:00,69.19062805
8/6/15 0:00,65.06874847
8/7/15 0:00,65.2427063
8/8/15 0:00,41.54999924
8/9/15 0:00,40.88020706
8/10/15 0:00,68.59166718
8/11/15 0:00,69.45729065
8/12/15 0:00,66.95417023
8/13/15 0:00,65.91666412
8/14/15 0:00,65.3520813
8/15/15 0:00,40.38958359
8/16/15 0:00,38.40531921
8/17/15 0:00,68.45417023
8/18/15 0:00,69.1947937
8/19/15 0:00,69.45937347
8/20/15 0:00,69.95937347
8/21/15 0:00,63.95520782
8/22/15 0:00,41.90208435
8/23/15 0:00,39.02396011
8/24/15 0:00,69.13854218
8/25/15 0:00,68.71666718
8/26/15 0:00,70.52708435
8/27/15 0:00,70.0072937
8/28/15 0:00,66.9375
8/29/15 0:00,41.26770782
8/30/15 0:00,38.53958511
8/31/15 0:00,67.76249695
9/1/15 0:00,70.59999847
9/2/15 0:00,69.00312805
9/3/15 0:00,71.03125
9/4/15 0:00,65.79792023
9/5/15 0:00,38.81562424
9/6/15 0:00,37.98749924
9/7/15 0:00,39.49166489
9/8/15 0:00,69.03749847
9/9/15 0:00,70.72812653
9/10/15 0:00,69.49895477
9/11/15 0:00,65.73020935
9/12/15 0:00,43.71979141
9/13/15 0:00,42.60729218
9/14/15 0:00,69.31666565
9/15/15 0:00,70.42604065
9/16/15 0:00,68.84583282
9/17/15 0:00,70.42082977
9/18/15 0:00,65.69271088
9/19/15 0:00,40.30937576
9/20/15 0:00,38.39479065
9/21/15 0:00,67.23645782
9/22/15 0:00,67.79895782
9/23/15 0:00,68.9291687
9/24/15 0:00,68.3364563
9/25/15 0:00,63.01145935
9/26/15 0:00,39.97083282
9/27/15 0:00,41.71146011
9/28/15 0:00,68.29479218
9/29/15 0:00,72.58229065
9/30/15 0:00,72.17292023
10/1/15 0:00,71.42395782
10/2/15 0:00,67.46875
10/3/15 0:00,40.98749924
10/4/15 0:00,37.96562576
10/5/15 0:00,68.05625153
10/6/15 0:00,69.0708313
10/7/15 0:00,68.11562347
10/8/15 0:00,67.94895935
10/9/15 0:00,67.26457977
10/10/15 0:00,40.29375076
10/11/15 0:00,38.48958206
10/12/15 0:00,62.203125
10/13/15 0:00,68.85624695
10/14/15 0:00,70.02916718
10/15/15 0:00,69.27708435
10/16/15 0:00,66.3510437
10/17/15 0:00,40.59999847
10/18/15 0:00,40.23645782
10/19/15 0:00,67.34166718
10/20/15 0:00,69.36562347
10/21/15 0:00,71.70104218
10/22/15 0:00,70.61562347
10/23/15 0:00,65.99895477
10/24/15 0:00,43.41562653
10/25/15 0:00,41.40937424
10/26/15 0:00,67.65729523
10/27/15 0:00,69.48750305
10/28/15 0:00,70.74062347
10/29/15 0:00,68.671875
10/30/15 0:00,67.15208435
10/31/15 0:00,40.31770706
11/1/15 0:00,38.5909996
11/2/15 0:00,68.03541565
11/3/15 0:00,69.07707977
11/4/15 0:00,70.71562195
11/5/15 0:00,65.65760803
11/6/15 0:00,66.40000153
11/7/15 0:00,39.55729294
11/8/15 0:00,38.91979218
11/9/15 0:00,67.32707977
11/10/15 0:00,70.49375153
11/11/15 0:00,69.77916718
11/12/15 0:00,69.33125305
11/13/15 0:00,67.1947937
11/14/15 0:00,40.72187424
11/15/15 0:00,38.22708511
11/16/15 0:00,68.63437653
11/17/15 0:00,69.92082977
11/18/15 0:00,69.91041565
11/19/15 0:00,68.11354065
11/20/15 0:00,66.59687805
11/21/15 0:00,41.46979141
11/22/15 0:00,40.76250076
11/23/15 0:00,71.85832977
11/24/15 0:00,70.79792023
11/25/15 0:00,58.42604065
11/26/15 0:00,39.16666794
11/27/15 0:00,40.03958511
11/28/15 0:00,39.76666641
11/29/15 0:00,38.81978989
11/30/15 0:00,67.31771088
12/1/15 0:00,70.96458435
12/2/15 0:00,73.0395813
12/3/15 0:00,71.8364563
12/4/15 0:00,67.95520782
12/5/15 0:00,41.79479218
12/6/15 0:00,40.296875
12/7/15 0:00,68.703125
12/8/15 0:00,70.14167023
12/9/15 0:00,67.11978912
12/10/15 0:00,65.41562653
12/11/15 0:00,66.015625
12/12/15 0:00,40.33854294
12/13/15 0:00,39.92291641
12/14/15 0:00,69.28749847
12/15/15 0:00,68.54479218
12/16/15 0:00,70.00737
12/17/15 0:00,71.8510437
12/18/15 0:00,68.54895782
12/19/15 0:00,42.06145859
12/20/15 0:00,40.88333511
12/21/15 0:00,68.40937805
12/22/15 0:00,66.68228912
12/23/15 0:00,62.91562653
12/24/15 0:00,50.57291794
12/25/15 0:00,36.54479218
12/26/15 0:00,35.35520935
12/27/15 0:00,35.35312653
12/28/15 0:00,36.78437424
12/29/15 0:00,37.71979141
12/30/15 0:00,38.06978989
12/31/15 0:00,36.77396011
1/1/16 0:00,36.68958282
1/2/16 0:00,37.45208359
1/3/16 0:00,37.91041565
1/4/16 0:00,70.140625
1/5/16 0:00,74.4229126
1/6/16 0:00,70.96353912
1/7/16 0:00,69.87708282
1/8/16 0:00,66.41562653
1/9/16 0:00,40.15208435
1/10/16 0:00,38.47499847
1/11/16 0:00,70.07187653
1/12/16 0:00,69.79270935
1/13/16 0:00,71.33958435
1/14/16 0:00,71.61875153
1/15/16 0:00,66.66562653
1/16/16 0:00,39.54166794
1/17/16 0:00,39.88854218
1/18/16 0:00,43.14166641
1/19/16 0:00,71.32187653
1/20/16 0:00,72.49375153
1/21/16 0:00,70.95833588
1/22/16 0:00,70.296875
1/23/16 0:00,43.84583282
1/24/16 0:00,41.70624924
1/25/16 0:00,69.2427063
1/26/16 0:00,64.5552063
1/27/16 0:00,63.23333359
1/28/16 0:00,63.84736633
1/29/16 0:00,62.38541794
1/30/16 0:00,39.65729141
1/31/16 0:00,37.71463394
2/1/16 0:00,63.55312347
2/2/16 0:00,63.48854065
2/3/16 0:00,63.68333435
2/4/16 0:00,60.80625153
2/5/16 0:00,62.29999924
2/6/16 0:00,39.48229218
2/7/16 0:00,37.90625
2/8/16 0:00,63.05208206
2/9/16 0:00,64.09166718
2/10/16 0:00,53.48157883
2/11/16 0:00,nodata
2/12/16 0:00,nodata
2/13/16 0:00,nodata
2/14/16 0:00,nodata
2/15/16 0:00,nodata
2/16/16 0:00,nodata
2/17/16 0:00,nodata
2/18/16 0:00,nodata
2/19/16 0:00,nodata
2/20/16 0:00,nodata
2/21/16 0:00,nodata
2/22/16 0:00,nodata
2/23/16 0:00,nodata
2/24/16 0:00,nodata
2/25/16 0:00,nodata
2/26/16 0:00,nodata
2/27/16 0:00,nodata
2/28/16 0:00,nodata
2/29/16 0:00,nodata
3/1/16 0:00,nodata
3/2/16 0:00,nodata
3/3/16 0:00,nodata
3/4/16 0:00,nodata
3/5/16 0:00,nodata
3/6/16 0:00,nodata
3/7/16 0:00,nodata
3/8/16 0:00,nodata
3/9/16 0:00,nodata
3/10/16 0:00,nodata
3/11/16 0:00,nodata
3/12/16 0:00,nodata
3/13/16 0:00,nodata
3/14/16 0:00,nodata
3/15/16 0:00,nodata
3/16/16 0:00,nodata
3/17/16 0:00,nodata
3/18/16 0:00,nodata
3/19/16 0:00,nodata
3/20/16 0:00,nodata
3/21/16 0:00,nodata
3/22/16 0:00,nodata
3/23/16 0:00,nodata
3/24/16 0:00,nodata
3/25/16 0:00,nodata
3/26/16 0:00,nodata
3/27/16 0:00,nodata
3/28/16 0:00,nodata
3/29/16 0:00,39.06000137
3/30/16 0:00,56.98229218
3/31/16 0:00,57.43125153
4/1/16 0:00,55.67604065
4/2/16 0:00,36.16562653
4/3/16 0:00,35.70104218
4/4/16 0:00,62.03853989
4/5/16 0:00,62.63333511
4/6/16 0:00,63.11458206
4/7/16 0:00,61.51770782
4/8/16 0:00,59.29583359
4/9/16 0:00,36.1177063
4/10/16 0:00,34.27708435
4/11/16 0:00,59.21595764
4/12/16 0:00,60.09791565
4/13/16 0:00,58.79999924
4/14/16 0:00,56.26145935
4/15/16 0:00,53.296875
4/16/16 0:00,32.53749847
4/17/16 0:00,31.73854256
4/18/16 0:00,54.89896011
4/19/16 0:00,56.83958435
4/20/16 0:00,56.97291565
4/21/16 0:00,59.27500153
4/22/16 0:00,60.96666718
4/23/16 0:00,40.54270935
4/24/16 0:00,38.73854065
4/25/16 0:00,59.36562347
4/26/16 0:00,61.01145935
4/27/16 0:00,58.66666794
4/28/16 0:00,58.71146011
4/29/16 0:00,60.23645782
4/30/16 0:00,38.27812576
5/1/16 0:00,37.49687576
5/2/16 0:00,61.33020782
5/3/16 0:00,62.19270706
5/4/16 0:00,62.30937576
5/5/16 0:00,61.74583435
5/6/16 0:00,59.53645706
5/7/16 0:00,37.61562347
5/8/16 0:00,35.81978989
5/9/16 0:00,58.43541718
5/10/16 0:00,58.45624924
5/11/16 0:00,58.31458282
5/12/16 0:00,57.29052734
5/13/16 0:00,59.86458206
5/14/16 0:00,39.78125
5/15/16 0:00,37.55416489
5/16/16 0:00,57.77291489
5/17/16 0:00,62.453125
5/18/16 0:00,60.34583282
5/19/16 0:00,60.18125153
5/20/16 0:00,56.37187576
5/21/16 0:00,39.18541718
5/22/16 0:00,40.07604218
5/23/16 0:00,59.24062347
5/24/16 0:00,61.26250076
5/25/16 0:00,61.48749924
5/26/16 0:00,62.70104218
5/27/16 0:00,61.71979141
5/28/16 0:00,45.72603989
5/29/16 0:00,44.11249924
5/30/16 0:00,41.14166641
5/31/16 0:00,62.43958282
6/1/16 0:00,61.80869675
6/2/16 0:00,65.02187347
6/3/16 0:00,60.31874847
6/4/16 0:00,39.98333359
6/5/16 0:00,41.95729065
6/6/16 0:00,57.52291489
6/7/16 0:00,59.98958206
6/8/16 0:00,62
6/9/16 0:00,59.42083359
6/10/16 0:00,57.36354065
6/11/16 0:00,39.25937653
6/12/16 0:00,38.41770935
6/13/16 0:00,61.32604218
6/14/16 0:00,59.08124924
6/15/16 0:00,59.97291565
6/16/16 0:00,60.08646011
6/17/16 0:00,60.38854218
6/18/16 0:00,40.41458511
6/19/16 0:00,38.48085022
6/20/16 0:00,61.28333282
6/21/16 0:00,59.55104065
6/22/16 0:00,60.73541641
6/23/16 0:00,60.92708206
6/24/16 0:00,55.69894791
6/25/16 0:00,35.18333435
6/26/16 0:00,32.54857254
6/27/16 0:00,56.27083206
6/28/16 0:00,57.62395859
6/29/16 0:00,59.14270782
6/30/16 0:00,59.09999847
7/1/16 0:00,57.91041565
7/2/16 0:00,38.63437653
7/3/16 0:00,37.02916718
7/4/16 0:00,35.29791641
7/5/16 0:00,60.84166718
7/6/16 0:00,63.125
7/7/16 0:00,62.33124924
7/8/16 0:00,61.14270782
7/9/16 0:00,41.59791565
7/10/16 0:00,40.58333206
7/11/16 0:00,59.32916641
7/12/16 0:00,62.72291565
7/13/16 0:00,62.99062347
7/14/16 0:00,62.79791641
7/15/16 0:00,60.06041718
7/16/16 0:00,40.66875076
7/17/16 0:00,38.67291641
7/18/16 0:00,61.15208435
7/19/16 0:00,60.26874924
7/20/16 0:00,61.79583359
7/21/16 0:00,61.24791718
7/22/16 0:00,58.71458435
7/23/16 0:00,38.67812347
7/24/16 0:00,36.98749924
7/25/16 0:00,60.59375
7/26/16 0:00,62.58229065
7/27/16 0:00,63.22916794
7/28/16 0:00,63.39166641
7/29/16 0:00,59.25104141
7/30/16 0:00,41.07916641
7/31/16 0:00,39.83118439
8/1/16 0:00,60.08020782
8/2/16 0:00,63.18958282
8/3/16 0:00,61.45416641
8/4/16 0:00,61.40208435
8/5/16 0:00,59.89374924
8/6/16 0:00,40.64374924
8/7/16 0:00,38.20624924
8/8/16 0:00,59.67916489
8/9/16 0:00,60.78749847
8/10/16 0:00,63.69166565
8/11/16 0:00,60.61458206
8/12/16 0:00,60.25416565
8/13/16 0:00,38.59375
8/14/16 0:00,39.49062347
8/15/16 0:00,61.69687653
8/16/16 0:00,63.58333206
8/17/16 0:00,64.53541565
8/18/16 0:00,66.49687195
8/19/16 0:00,60.20104218
8/20/16 0:00,41.6020813
8/21/16 0:00,40.96770859
8/22/16 0:00,60.94270706
8/23/16 0:00,61.37812424
8/24/16 0:00,61.83124924
8/25/16 0:00,65.0395813
8/26/16 0:00,62.8041687
8/27/16 0:00,41.9135437
8/28/16 0:00,40.71875
8/29/16 0:00,63.33333206
8/30/16 0:00,63.4302063
8/31/16 0:00,67.13645935
9/1/16 0:00,64.30625153
9/2/16 0:00,60.85416794
9/3/16 0:00,40.85625076
9/4/16 0:00,40.40729141
9/5/16 0:00,40.32187653
9/6/16 0:00,62.71041489
9/7/16 0:00,63.93958282
9/8/16 0:00,64.86978912
9/9/16 0:00,63.67812347
9/10/16 0:00,42.08750153
9/11/16 0:00,40.89583206
9/12/16 0:00,63.68125153
9/13/16 0:00,65.04166412
9/14/16 0:00,65.12708282
9/15/16 0:00,64.94062805
9/16/16 0:00,61.91458511
9/17/16 0:00,40.28020859
9/18/16 0:00,38.86458206
9/19/16 0:00,61.59479141
9/20/16 0:00,65.63749695
9/21/16 0:00,65.70937347
9/22/16 0:00,64.7104187
9/23/16 0:00,62.9135437
9/24/16 0:00,43.07708359
9/25/16 0:00,43.65625
9/26/16 0:00,64.125
9/27/16 0:00,62.04062653
9/28/16 0:00,61.67083359
9/29/16 0:00,63.32916641
9/30/16 0:00,61.83229065
10/1/16 0:00,43.21354294
10/2/16 0:00,40.18229294
10/3/16 0:00,63.13437653
10/4/16 0:00,65.55000305
10/5/16 0:00,65.2114563
10/6/16 0:00,62.07604218
10/7/16 0:00,59.21146011
10/8/16 0:00,40.99479294
10/9/16 0:00,40.26559067
10/10/16 0:00,60.49791718
10/11/16 0:00,62.34375
10/12/16 0:00,63.34999847
10/13/16 0:00,64.86145782
10/14/16 0:00,61.33020782
10/15/16 0:00,41.25
10/16/16 0:00,40.74479294
10/17/16 0:00,62.29270935
10/18/16 0:00,60.23749924
10/19/16 0:00,61.515625
10/20/16 0:00,62.32500076
10/21/16 0:00,60.92042923
10/22/16 0:00,41.46041489
10/23/16 0:00,41.27812576
10/24/16 0:00,62.01874924
10/25/16 0:00,59.29111099
10/26/16 0:00,69.04399872
10/27/16 0:00,67.5697937
10/28/16 0:00,61.82395935
10/29/16 0:00,39.42291641
10/30/16 0:00,39.72083282
10/31/16 0:00,62.59062576
11/1/16 0:00,62.96250153
11/2/16 0:00,61.65833282
11/3/16 0:00,62.50728989
11/4/16 0:00,59.71250153
11/5/16 0:00,40.98125076
11/6/16 0:00,39.54600143
11/7/16 0:00,63.54375076
11/8/16 0:00,64.37291718
11/9/16 0:00,64.20625305
11/10/16 0:00,64.48020935
11/11/16 0:00,62.01250076
11/12/16 0:00,40.62395859
11/13/16 0:00,40.4291687
11/14/16 0:00,62.42315674
11/15/16 0:00,63.05208206
11/16/16 0:00,64.35729218
11/17/16 0:00,63.52708435
11/18/16 0:00,61.93333435
11/19/16 0:00,43.05521011
11/20/16 0:00,43.23125076
11/21/16 0:00,63.53749847
11/22/16 0:00,64.06458282
11/23/16 0:00,56.4375
11/24/16 0:00,40.90208435
11/25/16 0:00,39.73125076
11/26/16 0:00,39.91041565
11/27/16 0:00,39.57500076
11/28/16 0:00,64.93541718
11/29/16 0:00,64.75
11/30/16 0:00,64.078125
12/1/16 0:00,67.95833588
12/2/16 0:00,nodata
12/3/16 0:00,nodata
12/4/16 0:00,nodata
12/5/16 0:00,nodata
12/6/16 0:00,51.96875
12/7/16 0:00,61.66562653
12/8/16 0:00,64.1958313
12/9/16 0:00,60.81458282
12/10/16 0:00,40.84270859
12/11/16 0:00,41.97812653
12/12/16 0:00,63.82395935
12/13/16 0:00,65.75937653
12/14/16 0:00,67.13645935
12/15/16 0:00,67.51979065
12/16/16 0:00,63.15520859
12/17/16 0:00,41.77083206
12/18/16 0:00,40.94895935
12/19/16 0:00,66.0697937
12/20/16 0:00,64.65833282
12/21/16 0:00,64.30833435
12/22/16 0:00,62.46770859
12/23/16 0:00,53.17604065
12/24/16 0:00,34.80937576
12/25/16 0:00,34.515625
12/26/16 0:00,35.94062424
12/27/16 0:00,35.73229218
12/28/16 0:00,35.74479294
12/29/16 0:00,35.82395935
12/30/16 0:00,35.77083206
12/31/16 0:00,34.77083206
1/1/17 0:00,33.47812653
1/2/17 0:00,35.27604294
1/3/17 0:00,61.828125
1/4/17 0:00,63.8510437
1/5/17 0:00,65.60729218
1/6/17 0:00,63.41770935
1/7/17 0:00,41.29375076
1/8/17 0:00,40.08842087
1/9/17 0:00,66.6791687
1/10/17 0:00,67.1322937
1/11/17 0:00,62.98333359
1/12/17 0:00,62.27291489
1/13/17 0:00,60.98020935
1/14/17 0:00,40.50208282
1/15/17 0:00,40.26458359
1/16/17 0:00,41.1947937
1/17/17 0:00,65.15416718
1/18/17 0:00,64.1239624
1/19/17 0:00,62.55937576
1/20/17 0:00,61.4375
1/21/17 0:00,37.85416794
1/22/17 0:00,38.06145859
1/23/17 0:00,52.96829224
1/24/17 0:00,65.12653351
1/25/17 0:00,61.84583282
1/26/17 0:00,63.13645935
1/27/17 0:00,62.46666718
1/28/17 0:00,45.859375
1/29/17 0:00,42.76770782
1/30/17 0:00,66.19791412
1/31/17 0:00,65.5697937
2/1/17 0:00,64.55833435
2/2/17 0:00,64.37604523
2/3/17 0:00,58.8677063
2/4/17 0:00,39.43068314
2/5/17 0:00,38.41562653
2/6/17 0:00,59.68333435
2/7/17 0:00,62.79270935
2/8/17 0:00,60.43052673
2/9/17 0:00,62.32395935
2/10/17 0:00,62.33541489
2/11/17 0:00,39.98229218
2/12/17 0:00,38.70229721
2/13/17 0:00,61.81458282
2/14/17 0:00,61.44166565
2/15/17 0:00,63.85416794
2/16/17 0:00,64.46562195
2/17/17 0:00,61.39687347
2/18/17 0:00,40.81458282
2/19/17 0:00,40.00104141
2/20/17 0:00,61.34270859
2/21/17 0:00,61.38958359
2/22/17 0:00,59.02708435
2/23/17 0:00,59.75937653
2/24/17 0:00,56.38333511
2/25/17 0:00,39.30416489
2/26/17 0:00,37.41249847
2/27/17 0:00,60.33124924
2/28/17 0:00,60.75312424
3/1/17 0:00,60.11354065
3/2/17 0:00,61.13750076
3/3/17 0:00,60.54583359
3/4/17 0:00,41.94583511
3/5/17 0:00,41.31354141
3/6/17 0:00,61.1166687
3/7/17 0:00,61.58437347
3/8/17 0:00,61.53020859
3/9/17 0:00,61.02396011
3/10/17 0:00,60.02604294
3/11/17 0:00,39.88020706
3/12/17 0:00,39.42173767
3/13/17 0:00,63.56041718
3/14/17 0:00,47.93021011
3/15/17 0:00,43.28437424
3/16/17 0:00,63.31562424
3/17/17 0:00,58.97291565
3/18/17 0:00,40.234375
3/19/17 0:00,39.54062653
3/20/17 0:00,62.53333282
3/21/17 0:00,61.89479065
3/22/17 0:00,61.57916641
3/23/17 0:00,59.94374847
3/24/17 0:00,59.3677063
3/25/17 0:00,40.24895859
3/26/17 0:00,38.44166565
3/27/17 0:00,60.36145782
3/28/17 0:00,62.85416794
3/29/17 0:00,60.81666565
3/30/17 0:00,61.45520782
3/31/17 0:00,59.57916641
4/1/17 0:00,40.93229294
4/2/17 0:00,39.33646011
4/3/17 0:00,58.26770782
4/4/17 0:00,59.04841995
4/5/17 0:00,58.10315704
4/6/17 0:00,59.08854294
4/7/17 0:00,57.21041489
4/8/17 0:00,37.45937347
4/9/17 0:00,36.63437653
4/10/17 0:00,57.79791641
4/11/17 0:00,59.50208282
4/12/17 0:00,59.66249847
4/13/17 0:00,59.16353989
4/14/17 0:00,57.54791641
4/15/17 0:00,38.06562424
4/16/17 0:00,35.97083282
4/17/17 0:00,58.4145813
4/18/17 0:00,59.91562653
4/19/17 0:00,61.52187347
4/20/17 0:00,60.8979187
4/21/17 0:00,56.9135437
4/22/17 0:00,39.10208511
4/23/17 0:00,37.29784775
4/24/17 0:00,56.80208206
4/25/17 0:00,60.77396011
4/26/17 0:00,60.53749847
4/27/17 0:00,61.01666641
4/28/17 0:00,57.70104218
4/29/17 0:00,38.67499924
4/30/17 0:00,38.57291794
5/1/17 0:00,62.16145706
5/2/17 0:00,61.0864563
5/3/17 0:00,59.87708282
5/4/17 0:00,60.8677063
5/5/17 0:00,58.63541794
5/6/17 0:00,39.76874924
5/7/17 0:00,39.54791641
5/8/17 0:00,59.86666489
5/9/17 0:00,59.55937576
5/10/17 0:00,59.68021011
5/11/17 0:00,58.16145706
5/12/17 0:00,56.60625076
5/13/17 0:00,39.49271011
5/14/17 0:00,38.58437347
5/15/17 0:00,59.06770706
5/16/17 0:00,59.69062424
5/17/17 0:00,59.76666641
5/18/17 0:00,60.41789627
5/19/17 0:00,62.23958206
5/20/17 0:00,39.37291718
5/21/17 0:00,38.93125153
5/22/17 0:00,61.91979218
5/23/17 0:00,61.48854065
5/24/17 0:00,62.37291718
5/25/17 0:00,64.015625
5/26/17 0:00,61.52396011
5/27/17 0:00,42.11458206
5/28/17 0:00,40.11354065
5/29/17 0:00,40.50416565
5/30/17 0:00,60.65416718
5/31/17 0:00,59.84545517
6/1/17 0:00,62.18021011
6/2/17 0:00,59.66145706
6/3/17 0:00,41.64166641
6/4/17 0:00,41.19374847
6/5/17 0:00,63.43125153
6/6/17 0:00,63.32395935
6/7/17 0:00,61.13645935
6/8/17 0:00,61.19270706
6/9/17 0:00,58.53125
6/10/17 0:00,40.75520706
6/11/17 0:00,38.49583435
6/12/17 0:00,61.609375
6/13/17 0:00,61.74791718
6/14/17 0:00,60.42291641
6/15/17 0:00,60.77291489
6/16/17 0:00,60.44895935
6/17/17 0:00,39.75520706
6/18/17 0:00,39.90416718
6/19/17 0:00,62.91979218
6/20/17 0:00,61.88333511
6/21/17 0:00,61.77187347
6/22/17 0:00,61.39374924
6/23/17 0:00,63.46875
6/24/17 0:00,43.265625
6/25/17 0:00,42.58842087
6/26/17 0:00,62.20208359
6/27/17 0:00,62.26458359
6/28/17 0:00,60.99375153
6/29/17 0:00,61.57291794
6/30/17 0:00,59.20105362
7/1/17 0:00,43.70833206
7/2/17 0:00,41.56666565
7/3/17 0:00,54.44166565
7/4/17 0:00,40.35312653
7/5/17 0:00,60.94687653
7/6/17 0:00,63.04270935
7/7/17 0:00,60.98958206
7/8/17 0:00,41.8833313
7/9/17 0:00,40.40625
7/10/17 0:00,61.13437653
7/11/17 0:00,61.48958206
7/12/17 0:00,63.140625
7/13/17 0:00,63.71354294
7/14/17 0:00,58.79166794
7/15/17 0:00,39.84895706
7/16/17 0:00,39.15652084
7/17/17 0:00,nodata
7/18/17 0:00,nodata
7/19/17 0:00,68.02711487
7/20/17 0:00,62.39896011
7/21/17 0:00,60.26145935
7/22/17 0:00,43.02500153
7/23/17 0:00,43.36562347
7/24/17 0:00,61.85103989
7/25/17 0:00,62.53749847
7/26/17 0:00,61.98333359
7/27/17 0:00,61.85103989
7/28/17 0:00,61.32291794
7/29/17 0:00,41.27500153
7/30/17 0:00,40.18333435
7/31/17 0:00,59.52526474
8/1/17 0:00,61.29583359
8/2/17 0:00,60.47916794
8/3/17 0:00,60.1489563
8/4/17 0:00,58.375
8/5/17 0:00,42.35729218
8/6/17 0:00,41.33333206
8/7/17 0:00,61.33333206
8/8/17 0:00,61.58229065
8/9/17 0:00,63.22708511
8/10/17 0:00,62.01874924
8/11/17 0:00,61.13437653
8/12/17 0:00,43.33020782
8/13/17 0:00,40.76458359
8/14/17 0:00,62.93541718
8/15/17 0:00,63.15104294
8/16/17 0:00,64.54479218
8/17/17 0:00,62.43854141
8/18/17 0:00,60.43333435
8/19/17 0:00,43.39583206
8/20/17 0:00,41.27500153
8/21/17 0:00,65.23958588
8/22/17 0:00,66.07604218
8/23/17 0:00,66.47187805
8/24/17 0:00,62.71684265
8/25/17 0:00,61.97812653
8/26/17 0:00,44.9604187
8/27/17 0:00,43.18021011
8/28/17 0:00,61.80937576
8/29/17 0:00,59.51250076
8/30/17 0:00,63.79999924
8/31/17 0:00,61.75520706
9/1/17 0:00,59.10625076
9/2/17 0:00,41.07916641
9/3/17 0:00,40.32187653
9/4/17 0:00,39.20833206
9/5/17 0:00,62.04895782
9/6/17 0:00,62.36354065
9/7/17 0:00,62.8833313
9/8/17 0:00,59.52708435
9/9/17 0:00,41.16875076
9/10/17 0:00,40.37187576
9/11/17 0:00,59.17499924
9/12/17 0:00,59.10625076
9/13/17 0:00,62.83646011
9/14/17 0:00,63.02187347
9/15/17 0:00,59.97291565
9/16/17 0:00,42.69583511
9/17/17 0:00,43.31874847
9/18/17 0:00,62.83333206
9/19/17 0:00,64.109375
9/20/17 0:00,65.08020782
9/21/17 0:00,65.0083313
9/22/17 0:00,62.0625
9/23/17 0:00,44.11979294
9/24/17 0:00,42.02396011
9/25/17 0:00,64.12812805
9/26/17 0:00,64.3354187
9/27/17 0:00,65.17708588
9/28/17 0:00,61.12812424
9/29/17 0:00,59.64583206
9/30/17 0:00,41.98958206
10/1/17 0:00,39.96875
10/2/17 0:00,59.99375153
10/3/17 0:00,60.046875
10/4/17 0:00,61.84270859
10/5/17 0:00,61.90416718
10/6/17 0:00,59.73541641
10/7/17 0:00,43.70104218
10/8/17 0:00,41.03229141
10/9/17 0:00,59.74375153
10/10/17 0:00,64.21353912
10/11/17 0:00,63.86354065
10/12/17 0:00,61.42708206
10/13/17 0:00,59.24062347
10/14/17 0:00,43.12083435
10/15/17 0:00,41.60729218
10/16/17 0:00,61.65208435
10/17/17 0:00,61.94895935
10/18/17 0:00,61.21562576
10/19/17 0:00,61.58958435
10/20/17 0:00,59.42499924
10/21/17 0:00,42.55833435
10/22/17 0:00,40.45624924
10/23/17 0:00,61.20729065
10/24/17 0:00,48.41525269
10/25/17 0:00,60.11249924
10/26/17 0:00,59.55625153
10/27/17 0:00,56.60729218
10/28/17 0:00,38.81978989
10/29/17 0:00,39.03020859
10/30/17 0:00,59.02812576
10/31/17 0:00,59.86562347
11/1/17 0:00,60.68229294
11/2/17 0:00,58.45624924
11/3/17 0:00,57.53229141
11/4/17 0:00,39.69687653
11/5/17 0:00,38.97100067
11/6/17 0:00,59.95937347
11/7/17 0:00,61.28437424
11/8/17 0:00,62.15208435
11/9/17 0:00,61.01979065
11/10/17 0:00,59.76250076
11/11/17 0:00,43.2104187
11/12/17 0:00,42.45000076
11/13/17 0:00,60.92499924
11/14/17 0:00,61.78437424
11/15/17 0:00,61.43021011
11/16/17 0:00,60.09583282
11/17/17 0:00,58.625
11/18/17 0:00,41.796875
11/19/17 0:00,39.67708206
11/20/17 0:00,61.91562653
11/21/17 0:00,59.11145782
11/22/17 0:00,52.171875
11/23/17 0:00,42.90104294
11/24/17 0:00,42.00624847
11/25/17 0:00,40.44062424
11/26/17 0:00,40.84895706
11/27/17 0:00,62.10833359
11/28/17 0:00,63.01770782
11/29/17 0:00,62.609375
11/30/17 0:00,62.10208511
12/1/17 0:00,60.70416641
12/2/17 0:00,40.96146011
12/3/17 0:00,39.13228989
12/4/17 0:00,60.45624924
12/5/17 0:00,61.17499924
12/6/17 0:00,61.69478989
12/7/17 0:00,60.3294754
12/8/17 0:00,60.17604065
12/9/17 0:00,40.18333435
12/10/17 0:00,38.46458435
12/11/17 0:00,62.44791794
12/12/17 0:00,63.87291718
12/13/17 0:00,63.50208282
12/14/17 0:00,64.82291412
12/15/17 0:00,59.77708435
12/16/17 0:00,41.73333359
12/17/17 0:00,40.06458282
12/18/17 0:00,61.95208359
12/19/17 0:00,59.99166489
12/20/17 0:00,61.11979294
12/21/17 0:00,59.47916794
12/22/17 0:00,51.7739563
12/23/17 0:00,32.67812347
12/24/17 0:00,31.85416603
12/25/17 0:00,32.16353989
12/26/17 0:00,33.65000153
12/27/17 0:00,35.79479218
12/28/17 0:00,34.75728989
12/29/17 0:00,34.390625
12/30/17 0:00,33.32500076
12/31/17 0:00,33.67812347
1/1/18 0:00,33.65000153
1/2/18 0:00,59.33958435
1/3/18 0:00,62.57500076
1/4/18 0:00,60.8989563
1/5/18 0:00,58.29583359
1/6/18 0:00,39.99479294
1/7/18 0:00,38.93894577
1/8/18 0:00,62.17812347
1/9/18 0:00,62.84791565
1/10/18 0:00,62.57187653
1/11/18 0:00,60.71354294
1/12/18 0:00,57.29583359
1/13/18 0:00,37.95729065
1/14/18 0:00,41.57083511
1/15/18 0:00,42.79375076
1/16/18 0:00,61.74687576
1/17/18 0:00,61.82187653
1/18/18 0:00,61.68333435
1/19/18 0:00,61.56145859
1/20/18 0:00,38.47916794
1/21/18 0:00,37.72083282
1/22/18 0:00,60.08437347
1/23/18 0:00,60.00312424
1/24/18 0:00,61.46666718
1/25/18 0:00,58.25104141
1/26/18 0:00,56.84479141
1/27/18 0:00,38.83124924
1/28/18 0:00,38.14896011
1/29/18 0:00,60.21979141
1/30/18 0:00,62.03125
1/31/18 0:00,63.64270782
2/1/18 0:00,60.75728989
2/2/18 0:00,59.58124924
2/3/18 0:00,41.14166641
2/4/18 0:00,39.60416794
2/5/18 0:00,62.10520935
2/6/18 0:00,61.72812653
2/7/18 0:00,58.40625
2/8/18 0:00,60.56874847
2/9/18 0:00,58.92499924
2/10/18 0:00,40.36145782
2/11/18 0:00,37.78541565
2/12/18 0:00,60.20624924
2/13/18 0:00,62.95416641
2/14/18 0:00,60.82187653
2/15/18 0:00,60.32187653
2/16/18 0:00,58.35684204
2/17/18 0:00,42.89791489
2/18/18 0:00,41.54270935
2/19/18 0:00,60.16458511
2/20/18 0:00,58.35578918
2/21/18 0:00,60.1305275
2/22/18 0:00,59.15729141
2/23/18 0:00,58.29062653
2/24/18 0:00,40.75833511
2/25/18 0:00,39.24271011
2/26/18 0:00,59.38020706
2/27/18 0:00,60.19052505
2/28/18 0:00,58.95833206
3/1/18 0:00,60.3125
3/2/18 0:00,41.85103989
3/3/18 0:00,40.24583435
3/4/18 0:00,38.08229065
3/5/18 0:00,61.015625
3/6/18 0:00,58.984375
3/7/18 0:00,61.17395782
3/8/18 0:00,62.05312347
3/9/18 0:00,60.34999847
3/10/18 0:00,40.12083435
3/11/18 0:00,38.79130554
3/12/18 0:00,60.01666641
3/13/18 0:00,61.48020935
3/14/18 0:00,60.34999847
3/15/18 0:00,59.90520859
3/16/18 0:00,58.93229294
3/17/18 0:00,38.88958359
3/18/18 0:00,38.72083282
3/19/18 0:00,60.74583435
3/20/18 0:00,62.484375
3/21/18 0:00,63.19062424
3/22/18 0:00,61.33229065
3/23/18 0:00,60.65416718
3/24/18 0:00,39.54999924
3/25/18 0:00,39.12604141
3/26/18 0:00,59.04270935
3/27/18 0:00,60.10312653
3/28/18 0:00,60.625
3/29/18 0:00,58.94895935
3/30/18 0:00,56.93541718
3/31/18 0:00,38.93854141
4/1/18 0:00,37.47916794
4/2/18 0:00,57.86458206
4/3/18 0:00,59.140625
4/4/18 0:00,59.38541794
4/5/18 0:00,58.59895706
4/6/18 0:00,57.734375
4/7/18 0:00,37.11354065
4/8/18 0:00,36.54479218
4/9/18 0:00,59.95520782
4/10/18 0:00,61.56458282
4/11/18 0:00,61.23125076
4/12/18 0:00,60.66562653
4/13/18 0:00,58.79270935
4/14/18 0:00,37.42916489
4/15/18 0:00,37.80104065
4/16/18 0:00,58.07187653
4/17/18 0:00,59.09479141
4/18/18 0:00,60.88124847
4/19/18 0:00,60.64516068
4/20/18 0:00,59.0239563
4/21/18 0:00,40.05208206
4/22/18 0:00,38.01979065
4/23/18 0:00,58.70937347
4/24/18 0:00,59.265625
4/25/18 0:00,59.92395782
4/26/18 0:00,61.10520935
4/27/18 0:00,56.19583511
4/28/18 0:00,38.12604141
4/29/18 0:00,38.31458282
4/30/18 0:00,58.36354065
5/1/18 0:00,57.79375076
5/2/18 0:00,57.63750076
5/3/18 0:00,59.8041687
5/4/18 0:00,60.37395859
5/5/18 0:00,40.3052063
5/6/18 0:00,38.09791565
5/7/18 0:00,61.15729141
5/8/18 0:00,59.96354294
5/9/18 0:00,55.0241394
5/10/18 0:00,57.06354141
5/11/18 0:00,57.0697937
5/12/18 0:00,41.26666641
5/13/18 0:00,36.99271011
5/14/18 0:00,58.91458511
5/15/18 0:00,60.36562347
5/16/18 0:00,60.98541641
5/17/18 0:00,60.61875153
5/18/18 0:00,57.52916718
5/19/18 0:00,40.06978989
5/20/18 0:00,40.82291794
5/21/18 0:00,60.09166718
5/22/18 0:00,61.39687347
5/23/18 0:00,60.62604141
5/24/18 0:00,59.74583435
5/25/18 0:00,55.94166565
5/26/18 0:00,41.93645859
5/27/18 0:00,40.38228989
5/28/18 0:00,42.29895782
5/29/18 0:00,61.37916565
5/30/18 0:00,64.02500153
5/31/18 0:00,62.84062576
6/1/18 0:00,57.81458282
6/2/18 0:00,39.65937424
6/3/18 0:00,38.67499924
6/4/18 0:00,58.53853989
6/5/18 0:00,61.01458359
6/6/18 0:00,59.79270935
6/7/18 0:00,60.21666718
6/8/18 0:00,59.13645935
6/9/18 0:00,39.41145706
6/10/18 0:00,38.09999847
6/11/18 0:00,60.69791794
6/12/18 0:00,59.671875
6/13/18 0:00,57.86145782
6/14/18 0:00,57.22395706
6/15/18 0:00,56.00937653
6/16/18 0:00,41.30105209
6/17/18 0:00,39.98125076
6/18/18 0:00,58.46875
6/19/18 0:00,55.60520935
6/20/18 0:00,58.12812424
6/21/18 0:00,55.62083435
6/22/18 0:00,57.69062424
6/23/18 0:00,40.09583282
6/24/18 0:00,42.16979218
6/25/18 0:00,58.75728989
6/26/18 0:00,57.42499924
6/27/18 0:00,59.67083359
6/28/18 0:00,59.62421036
6/29/18 0:00,56.19583511
6/30/18 0:00,38.859375
7/1/18 0:00,37.59583282
7/2/18 0:00,57.60105133
7/3/18 0:00,59.31770706
7/4/18 0:00,44.84999847
7/5/18 0:00,58.95833206
7/6/18 0:00,57.09270859
7/7/18 0:00,40.56978989
7/8/18 0:00,40.68854141
7/9/18 0:00,58.43125153
7/10/18 0:00,60.23176575
7/11/18 0:00,55.1510849
7/12/18 0:00,55.40208435
7/13/18 0:00,53.48958206
7/14/18 0:00,36.23333359
7/15/18 0:00,36.265625
7/16/18 0:00,54.68125153
7/17/18 0:00,57.47916794
7/18/18 0:00,57.69062424
7/19/18 0:00,57.82500076
7/20/18 0:00,57.9291687
7/21/18 0:00,41.16562653
7/22/18 0:00,41.21354294
7/23/18 0:00,58.13750076
7/24/18 0:00,59.59791565
7/25/18 0:00,59.18854141
7/26/18 0:00,59.38437653
7/27/18 0:00,56.14374924
7/28/18 0:00,39.12083435
7/29/18 0:00,38.24166489
7/30/18 0:00,54.921875
7/31/18 0:00,57.71146011
8/1/18 0:00,57.38854218
8/2/18 0:00,57.77187347
8/3/18 0:00,58.49271011
8/4/18 0:00,40.29791641
8/5/18 0:00,39.63124847
8/6/18 0:00,60.15789413
8/7/18 0:00,59.31666565
8/8/18 0:00,59.75312424
8/9/18 0:00,57.65729141
8/10/18 0:00,56.08124924
8/11/18 0:00,40.4302063
8/12/18 0:00,39.125
8/13/18 0:00,61.43958282
8/14/18 0:00,58.58750153
8/15/18 0:00,59.86979294
8/16/18 0:00,60.15000153
8/17/18 0:00,55.50728989
8/18/18 0:00,39.48125076
8/19/18 0:00,38.24791718
8/20/18 0:00,58.29999924
8/21/18 0:00,58.49375153
8/22/18 0:00,58.20729065
8/23/18 0:00,58.14166641
8/24/18 0:00,55.93437576
8/25/18 0:00,38.15312576
8/26/18 0:00,37.57187653
8/27/18 0:00,58.64479065
8/28/18 0:00,60.24895859
8/29/18 0:00,61.1875
8/30/18 0:00,60.10416794
8/31/18 0:00,56.37395859
9/1/18 0:00,40.71354294
9/2/18 0:00,39.83124924
9/3/18 0:00,40.10625076
9/4/18 0:00,60.30833435
9/5/18 0:00,62.49271011
9/6/18 0:00,64.7416687
9/7/18 0:00,59.43645859
9/8/18 0:00,40.88228989
9/9/18 0:00,39.73125076
9/10/18 0:00,61.01666641
9/11/18 0:00,58.51874924
9/12/18 0:00,57.31145859
9/13/18 0:00,55.92916489
9/14/18 0:00,55.74791718
9/15/18 0:00,37.33750153
9/16/18 0:00,35.97812653
9/17/18 0:00,58.65625
9/18/18 0:00,59.21875
9/19/18 0:00,63.04999924
9/20/18 0:00,60.69270706
9/21/18 0:00,55.32916641
9/22/18 0:00,40.59166718
9/23/18 0:00,40.37812424
9/24/18 0:00,59.53229141
9/25/18 0:00,59.51666641
9/26/18 0:00,58.69062424
9/27/18 0:00,57.88645935
9/28/18 0:00,57.33958435
9/29/18 0:00,41.58958435
9/30/18 0:00,39.58437347
10/1/18 0:00,61.29791641
10/2/18 0:00,61.5625
10/3/18 0:00,59.79791641
10/4/18 0:00,59.18105316
10/5/18 0:00,55.78437424
10/6/18 0:00,38.43437576
10/7/18 0:00,37.34166718
10/8/18 0:00,56.47083282
10/9/18 0:00,59.42499924
10/10/18 0:00,60.41979218
10/11/18 0:00,59.43541718
10/12/18 0:00,57.05416489
10/13/18 0:00,40.23020935
10/14/18 0:00,38.59270859
10/15/18 0:00,57.10208511
10/16/18 0:00,57.70729065
10/17/18 0:00,60.23958206
10/18/18 0:00,60.12604141
10/19/18 0:00,55.32500076
10/20/18 0:00,38.28437424
10/21/18 0:00,36.80625153
10/22/18 0:00,57.71770859
10/23/18 0:00,56.40833282
10/24/18 0:00,59.88124847
10/25/18 0:00,59.71770859
10/26/18 0:00,55.91041565
10/27/18 0:00,40.3041687
10/28/18 0:00,38.70520782
10/29/18 0:00,57.99271011
10/30/18 0:00,58.94687653
10/31/18 0:00,59.62083435
11/1/18 0:00,60.21562576
11/2/18 0:00,57.23958206
11/3/18 0:00,41.18854141
11/4/18 0:00,37.80900192
11/5/18 0:00,58.79375076
11/6/18 0:00,59.78125
11/7/18 0:00,59.77500153
11/8/18 0:00,58.8666687
11/9/18 0:00,57.23541641
11/10/18 0:00,39.65833282
11/11/18 0:00,39.76666641
11/12/18 0:00,59.7260437
11/13/18 0:00,59.29479218
11/14/18 0:00,58.21770859
11/15/18 0:00,56.51874924
11/16/18 0:00,54.23229218
11/17/18 0:00,37.55312347
11/18/18 0:00,35.97291565
11/19/18 0:00,55.71770859
11/20/18 0:00,55.54999924
11/21/18 0:00,50.16770935
11/22/18 0:00,37.91353989
11/23/18 0:00,38.86562347
11/24/18 0:00,38.59791565
11/25/18 0:00,37.19895935
11/26/18 0:00,57.21770859
11/27/18 0:00,57.87916565
11/28/18 0:00,58.2270813
11/29/18 0:00,58.78125
11/30/18 0:00,57.67812347
12/1/18 0:00,39.73333359
12/2/18 0:00,38.88228989
12/3/18 0:00,57.69583511
12/4/18 0:00,58.88333511
12/5/18 0:00,59.70624924
12/6/18 0:00,57.46774292
12/7/18 0:00,55.84375
12/8/18 0:00,37.58229065
12/9/18 0:00,37.14374924
12/10/18 0:00,56.86383057
12/11/18 0:00,56.99479294
12/12/18 0:00,59.36771011
12/13/18 0:00,58.89896011
12/14/18 0:00,56.74583435
12/15/18 0:00,39.54479218
12/16/18 0:00,36.76458359
12/17/18 0:00,59.30208206
12/18/18 0:00,60.08229065
12/19/18 0:00,58.58124924
12/20/18 0:00,55.38645935
12/21/18 0:00,50.42499924
12/22/18 0:00,32.48333359
12/23/18 0:00,31.66979218
12/24/18 0:00,30.67812538
12/25/18 0:00,31.18437576
12/26/18 0:00,33.05833435
12/27/18 0:00,34.65000153
12/28/18 0:00,32.84583282
12/29/18 0:00,32.125
12/30/18 0:00,31.45000076
12/31/18 0:00,30.56979179
1/1/19 0:00,31.19479179
1/2/19 0:00,56.66979218
1/3/19 0:00,59.52291489
1/4/19 0:00,58.46875
1/5/19 0:00,38.29895782
1/6/19 0:00,38.06562424
1/7/19 0:00,60.75520706
1/8/19 0:00,58.69374847
1/9/19 0:00,59.91249847
1/10/19 0:00,58.81354141
1/11/19 0:00,57.74166489
1/12/19 0:00,39.89270782
1/13/19 0:00,39.63854218
1/14/19 0:00,61.49791718
1/15/19 0:00,64.55312347
1/16/19 0:00,60.85833359
1/17/19 0:00,60.97083282
1/18/19 0:00,57.96770859
1/19/19 0:00,39.48645782
1/20/19 0:00,39.41458511
1/21/19 0:00,41.25937653
1/22/19 0:00,62.57916641
1/23/19 0:00,63.35625076
1/24/19 0:00,61.64687347
1/25/19 0:00,60.26354218
1/26/19 0:00,41.29791641
1/27/19 0:00,39.28541565
1/28/19 0:00,61.49895859
1/29/19 0:00,61.34166718
1/30/19 0:00,61.92708206
1/31/19 0:00,60.86145782
2/1/19 0:00,62.61771011
2/2/19 0:00,44.35833359
2/3/19 0:00,41.51041794
2/4/19 0:00,57.03229141
2/5/19 0:00,57.15208435
2/6/19 0:00,60.3125
2/7/19 0:00,58.33958435
2/8/19 0:00,57.11041641
2/9/19 0:00,41.61979294
2/10/19 0:00,40.53333282
2/11/19 0:00,59.75416565
2/12/19 0:00,56.86875153
2/13/19 0:00,59.6645813
2/14/19 0:00,59.68333435
2/15/19 0:00,57.22708511
2/16/19 0:00,41.59270859
2/17/19 0:00,39.50624847
2/18/19 0:00,61.06145859
2/19/19 0:00,61.703125
2/20/19 0:00,63.37291718
2/21/19 0:00,59.74166489
2/22/19 0:00,58.89479065
2/23/19 0:00,40.26979065
2/24/19 0:00,38.19270706
2/25/19 0:00,60.03958511
2/26/19 0:00,60.90104294
2/27/19 0:00,62.43333435
2/28/19 0:00,61.12291718
3/1/19 0:00,57.62291718
3/2/19 0:00,39.27083206
3/3/19 0:00,39.59895706
3/4/19 0:00,59.69791794
3/5/19 0:00,59.96562576
3/6/19 0:00,62.74271011
3/7/19 0:00,65.32291412
3/8/19 0:00,59.54062653
3/9/19 0:00,39.33750153
3/10/19 0:00,37.89673996
3/11/19 0:00,58.18437576
3/12/19 0:00,61.89687347
3/13/19 0:00,60.78125
3/14/19 0:00,57.14896011
3/15/19 0:00,54.81666565
3/16/19 0:00,38.76250076
3/17/19 0:00,39.62083435
3/18/19 0:00,59.91979218
3/19/19 0:00,60.68125153
3/20/19 0:00,58.671875
3/21/19 0:00,59.40729141
3/22/19 0:00,57.55104065
3/23/19 0:00,39.33333206
3/24/19 0:00,38.5
3/25/19 0:00,58.50833511
3/26/19 0:00,58.54791641
3/27/19 0:00,60.24000168
3/28/19 0:00,54.05416489
3/29/19 0:00,53.66562653
3/30/19 0:00,35.20624924
3/31/19 0:00,35.83020782
4/1/19 0:00,55.97603989
4/2/19 0:00,54.55208206
4/3/19 0:00,55.79791641
4/4/19 0:00,56.61771011
4/5/19 0:00,56.19687653
4/6/19 0:00,36.68333435
4/7/19 0:00,35.74166489
4/8/19 0:00,53.95729065
4/9/19 0:00,53.73125076
4/10/19 0:00,56.37187576
4/11/19 0:00,56.82500076
4/12/19 0:00,53.34791565
4/13/19 0:00,36.59270859
4/14/19 0:00,36.07291794
4/15/19 0:00,54.15208435
4/16/19 0:00,60.36923218
4/17/19 0:00,nodata