Date,CW.FP.TONS,MASS.FLOW
7/17/13 5:00,201.3679962,656.6419067
7/25/13 18:00,122.3560028,664.1804199
7/26/13 21:45,154.7330017,352.6769104
7/29/13 17:45,127.4059982,327.0191956
7/31/13 1:45,103.9120026,367.4057922
8/3/13 12:30,101.0220032,676.2592773
8/6/13 22:15,167.4589996,607.7073975
8/11/13 4:45,50.00230026,490.6688538
8/11/13 7:00,45.16519928,321.5906677
8/15/13 6:15,27.30209923,674.7206421
8/17/13 12:00,106.0699997,327.2610474
8/19/13 2:30,129.8099976,671.2947388
8/19/13 12:45,186.8179932,679.5454102
8/20/13 1:45,104.5619965,666.8984985
8/20/13 21:45,175.5789948,586.166748
8/24/13 9:15,34.60319901,335.210022
8/24/13 16:00,106.560997,319.1008911
8/24/13 23:15,50.54539871,675.4111328
8/25/13 10:45,110.2279968,654.2392578
9/3/13 2:00,121.7249985,337.6636047
9/7/13 11:15,71.33650208,343.1496582
9/10/13 2:00,128.628006,332.2516479
9/15/13 5:00,20.27090073,1019.308533
9/16/13 22:00,18.67040062,1011.724121
9/17/13 5:15,19.30949974,1406.899536
9/17/13 10:00,18.87709999,1007.924011
9/18/13 7:30,20.11660004,1257.648682
9/19/13 13:45,128.6600037,319.7604675
9/22/13 1:00,32.12580109,672.717041
9/22/13 15:15,32.46519852,672.5619507
9/22/13 16:45,24.22979927,677.4863892
9/23/13 3:00,19.91889954,683.1830444
9/23/13 8:45,20.89520073,695.777832
9/24/13 3:45,20.0182991,1015.997375
9/26/13 6:15,20.52339935,1031.043823
9/26/13 9:00,18.30179977,1009.624878
9/27/13 2:00,18.78779984,674.2709351
9/28/13 0:30,22.63870049,341.8784485
9/29/13 4:30,19.92639923,1004.478271
9/29/13 5:45,20.73660088,1004.001709
10/2/13 13:00,112.4000015,679.2072754
10/3/13 3:30,36.28350067,677.6431885
10/3/13 6:45,23.8302002,335.1498718
10/6/13 16:30,217.0130005,667.8345337
10/8/13 3:30,27.23839951,671.2752686
10/12/13 8:45,19.48270035,1052.126587
10/17/13 9:00,32.63460159,1036.647217
10/21/13 8:00,25.35980034,1408.144531
10/21/13 10:00,30.18910027,1244.6875
10/23/13 7:00,19.83810043,1413.612671
10/23/13 15:00,24.51269913,1404.630493
10/23/13 23:15,20.27639961,1429.819092
10/27/13 7:45,18.60759926,1403.576294
10/27/13 18:30,21.16869926,1381.489624
10/28/13 3:00,20.12929916,1347.399292
10/28/13 7:15,21.10379982,1762.183838
10/30/13 2:00,19.83580017,1399.404785
10/30/13 10:15,22.00119972,1743.776001
10/30/13 12:00,27.25729942,1394.322632
10/30/13 19:30,26.86240005,890.4511108
10/31/13 0:45,19.45529938,1033.89502
11/1/13 23:15,22.3757,338.4675293
11/2/13 4:45,19.35630035,677.557373
11/2/13 8:15,19.60820007,684.630249
11/2/13 15:00,16.75959969,665.585083
11/2/13 23:00,19.29319954,1041.2948
11/3/13 4:00,19.67620087,1035.989258
11/3/13 7:30,20.46839905,1389.064941
11/5/13 6:15,20.27420044,1435.140869
11/5/13 15:00,21.0401001,1362.095459
11/6/13 1:45,20.37870026,678.4935303
11/6/13 14:30,24.70509911,687.005249
11/6/13 19:30,24.99430084,345.1304932
11/7/13 0:00,24.40769959,669.3753052
11/7/13 1:30,29.1814003,665.1871338
11/7/13 11:15,18.93959999,1386.689941
11/8/13 7:45,20.0182991,1762.60376
11/8/13 8:15,18.79030037,1557.025269
11/8/13 8:30,18.97179985,1394.44165
11/8/13 16:00,19.92060089,1401.984253
11/8/13 21:00,18.08259964,1742.083862
11/9/13 4:30,19.80719948,1371.724976
11/9/13 11:00,19.14069939,1037.707642
11/9/13 11:30,18.35960007,1299.239136
11/10/13 22:45,19.9307003,1399.488647
11/10/13 23:00,19.49600029,1401.554443
11/10/13 23:30,19.93180084,1050.525269
11/11/13 4:45,18.50200081,2192.901367
11/11/13 11:00,20.4423008,1764.778931
11/11/13 16:15,19.20770073,1424.251099
11/11/13 23:45,17.89949989,1536.410645
11/12/13 0:00,19.69849968,1758.035034
11/12/13 18:45,18.75970078,2202.678711
11/13/13 0:15,20.36199951,1807.690796
11/15/13 8:45,19.52939987,1385.465332
11/16/13 4:30,21.69829941,1022.446594
11/17/13 7:30,18.17320061,666.8469849
11/17/13 10:15,31.41570091,660.0640259
11/17/13 13:30,25.52129936,669.3148193
11/18/13 1:45,26.43149948,321.9909668
11/18/13 21:30,19.6711998,1387.811157
11/19/13 22:00,19.68650055,1794.786743
11/20/13 3:45,21.25119972,1793.313477
11/21/13 20:00,20.4333992,1413.136597
11/22/13 7:00,21.22509956,1378.461792
11/23/13 18:00,20.64870071,1804.041992
11/24/13 8:00,18.51440048,2207.821045
11/25/13 8:45,19.18790054,2657.295898
11/25/13 12:15,19.56520081,1808.59729
11/25/13 14:45,18.71839905,2033.770752
11/26/13 21:45,20.01670074,1773.204834
11/27/13 0:30,20.14209938,1394.660278
11/27/13 9:00,19.87540054,1777.479492
11/28/13 7:30,18.58130074,1817.787598
11/28/13 8:45,19.46879959,2157.516113
11/29/13 8:00,17.8076992,1783.624634
11/29/13 9:30,17.65670013,1811.248169
11/29/13 14:15,17.23940086,2181.973389
11/29/13 23:15,17.43899918,2229.398193
12/1/13 1:30,18.62299919,1750.956421
12/1/13 3:45,18.34700012,1737.536499
12/2/13 4:30,18.02470016,2198.356445
12/2/13 14:45,18.04669952,1408.838379
12/3/13 13:45,18.22570038,1786.441528
12/3/13 17:15,18.47900009,1765.76062
12/4/13 8:15,17.18589973,1795.870361
12/4/13 14:45,17.69669914,1038.140625
12/4/13 16:30,17.27589989,1018.758972
12/4/13 16:45,18.90699959,1031.428223
12/4/13 17:30,17.26600075,1286.471802
12/5/13 12:45,28.13170052,1016.389832
12/6/13 11:00,18.3708992,1780.458618
12/7/13 8:45,17.81209946,1768.093506
12/7/13 13:00,19.40780067,1754.970947
12/8/13 14:15,17.04750061,1809.123047
12/8/13 22:45,18.08259964,1775.114746
12/9/13 1:15,19.07679939,1821.523193
12/9/13 7:15,18.32679939,2208.359863
12/9/13 17:00,18.60440063,1463.629272
12/9/13 18:30,18.3246994,1778.189697
12/9/13 23:15,17.64439964,1826.477417
12/10/13 3:00,18.63769913,1416.475952
12/10/13 4:00,17.73200035,1818.268311
12/10/13 20:30,17.65390015,2587.817871
12/11/13 5:30,18.82889938,2635.587891
12/11/13 11:30,17.87929916,2222.660645
12/11/13 12:45,18.47579956,2159.455811
12/11/13 23:30,18.37039948,2239.603516
12/11/13 23:45,18.64290047,2229.825684
12/12/13 1:00,19.68280029,1913.417725
12/12/13 3:30,19.01639938,2687.292236
12/12/13 3:45,18.88349915,2703.596924
12/12/13 7:30,17.88629913,2681.147705
12/12/13 12:00,17.7038002,2605.295898
12/14/13 6:15,16.59390068,2223.246338
12/14/13 16:00,18.04809952,2213.684326
12/14/13 16:30,17.62199974,2192.532471
12/14/13 23:45,18.19659996,2190.26416
12/15/13 5:45,17.23489952,1821.027344
12/15/13 16:30,18.25419998,2166.949951
12/15/13 19:00,17.13669968,2191.901855
12/16/13 21:00,18.51110077,3110.311768
12/16/13 21:15,17.45599937,3238.193115
12/18/13 0:15,17.87330055,2151.420898
12/18/13 1:30,18.31040001,2208.592773
12/18/13 9:00,17.8682003,2640.180176
12/18/13 14:15,18.82889938,2221.611572
12/18/13 21:15,18.74449921,2294.462646
12/18/13 23:15,18.81679916,2196.220459
12/19/13 3:30,18.2071991,1818.198364
12/19/13 6:15,19.07679939,2590.273438
12/19/13 8:30,18.12210083,2192.945313
12/19/13 9:30,17.43899918,2215.94751
12/19/13 12:45,18.22940063,1424.029175
12/19/13 17:45,18.32769966,1800.224365
12/19/13 18:30,19.36870003,2115.59668
12/19/13 20:45,18.10680008,1840.928833
12/20/13 5:00,17.86680031,1773.870728
12/20/13 8:30,17.49860001,1430.995239
12/20/13 12:00,17.80369949,1391.784058
12/20/13 14:30,18.78779984,1426.870605
12/21/13 2:00,15.56299973,1031.566528
12/21/13 4:00,15.5916996,873.3971558
12/21/13 4:15,17.4762001,1038.770386
12/21/13 4:45,18.33769989,692.8250122
12/21/13 12:15,24.61930084,672.4868164
12/21/13 23:15,16.30340004,1384.056763
12/23/13 1:00,15.47329998,1404.587769
12/23/13 7:15,13.30889988,2144.357422
12/23/13 19:15,15.24800015,1825.078857
12/24/13 0:15,15.05990028,1756.680298
12/24/13 2:30,15.10079956,1812.240479
12/24/13 7:30,15.48719978,2401.926514
12/24/13 8:45,14.39369965,2601.650879
12/24/13 10:45,14.93889999,2203.768066
12/24/13 20:15,14.47949982,2686.647217
12/25/13 1:45,15.65939999,2573.556152
12/25/13 14:15,12.86859989,2349.881348
12/25/13 16:30,13.34969997,2217.75293
12/25/13 18:45,13.86460018,2233.64502
12/25/13 20:15,12.35770035,2301.120117
12/26/13 22:15,11.22119999,2030.997437
12/27/13 0:00,12.60270023,1802.059204
12/28/13 10:45,12.06709957,1401.959473
12/28/13 12:00,12.47340012,1397.111572
12/29/13 3:00,12.39009953,1391.179443
12/30/13 9:45,11.41730022,2629.007568
12/30/13 17:15,11.66800022,2259.345947
12/31/13 6:15,12.89589977,2459.268555
12/31/13 11:15,17.1515007,2188.380615
12/31/13 19:30,15.50430012,2600.325195
1/1/14 6:00,18.39360046,2599.9375
1/1/14 6:15,18.16729927,2290.589844
1/2/14 16:30,18.31299973,3042.561279
1/2/14 19:45,16.74419975,3140.472656
1/2/14 23:30,16.26950073,3133.874756
1/3/14 1:15,18.20369911,2676.13623
1/3/14 7:00,22.61330032,3712.591553
1/3/14 9:30,18.22940063,3567.506104
1/3/14 20:30,19.11949921,3675.223389
1/4/14 11:30,19.36630058,2202.675537
1/4/14 14:45,18.29710007,2207.628906
1/4/14 16:15,17.59119987,1798.73938
1/5/14 16:00,18.9375,1485.859497
1/6/14 22:15,18.84589958,3606.753906
1/7/14 5:30,18.84230042,3634.246582
1/8/14 7:00,18.74729919,3597.078857
1/8/14 11:15,19.55240059,3241.383057
1/8/14 21:30,19.36809921,3046.022217
1/9/14 9:15,19.50239944,3055.622803
1/9/14 16:00,18.42720032,2587.381104
1/9/14 16:15,19.94610024,2606.237549
1/9/14 22:30,20.51009941,2623.213867
1/10/14 3:00,21.41069984,2194.558838
1/10/14 20:45,20.11940002,1792.589111
1/12/14 17:30,17.92869949,1781.956299
1/15/14 8:00,14.33230019,1819.357056
1/15/14 9:30,18.77510071,1823.012817
1/15/14 15:00,18.88549995,1779.086426
1/16/14 5:15,18.90449905,2207.932129
1/16/14 20:15,16.14150047,2513.417969
1/17/14 23:15,16.85810089,1844.550659
1/18/14 17:00,20.37540054,2176.332031
1/18/14 19:15,17.33550072,1995.983154
1/19/14 9:15,17.53289986,2204.005615
1/19/14 12:30,17.2696991,1782.502563
1/19/14 19:45,18.65130043,1789.640259
1/20/14 7:00,23.89660072,2255.875732
1/20/14 9:00,21.44079971,2235.91626
1/20/14 16:00,23.13890076,3046.468506
1/21/14 2:30,21.31579971,3109.265137
1/21/14 17:45,19.74970055,4063.241699
1/21/14 18:30,19.63500023,3628.120117
1/28/14 4:15,19.24189949,3560.266113
1/28/14 9:45,19.68110085,3850.770264
1/28/14 12:15,18.07180023,3535.847168
1/29/14 5:45,21.5965004,3514.201904
1/29/14 10:30,13.90989971,2605.050781
1/29/14 12:15,19.36809921,3216.353516
1/30/14 11:45,25.20229912,2660.246094
1/31/14 12:30,18.10619926,2192.295898
1/31/14 19:30,19.63660049,2192.135254
1/31/14 20:30,19.76250076,2181.078369
1/31/14 23:30,19.45470047,2184.143066
2/1/14 15:30,23.65189934,1424.262451
2/1/14 22:00,22.38680077,1389.79895
2/2/14 11:30,16.18059921,1799.188965
2/2/14 17:45,21.60740089,1799.719238
2/2/14 19:15,20.46430016,2194.180664
2/14/14 23:45,22.07189941,1819.025635
2/15/14 0:30,19.6121006,1794.966187
2/15/14 2:30,20.75760078,1807.891235
2/15/14 15:15,24.0564003,1813.138306
2/15/14 18:00,22.14669991,2190.437744
2/16/14 7:30,17.54730034,2615.930908
2/16/14 9:45,19.89019966,2613.647461
2/16/14 14:30,25.8927002,2620.470459
2/16/14 23:15,23.16819954,2669.979004
2/17/14 2:15,20.34760094,3103.193604
2/18/14 5:00,19.58029938,2646.769287
2/18/14 23:00,22.20969963,2627.755127
2/19/14 6:30,22.55610085,2208.849609
2/19/14 9:45,24.38689995,1809.274902
2/19/14 22:00,22.41110039,2133.546143
2/20/14 23:45,21.43050003,1739.253296
2/21/14 1:45,22.53630066,1392.788696
2/21/14 7:45,20.90950012,1410.644409
2/22/14 0:30,21.09020042,1399.743896
2/22/14 12:15,22.53580093,1378.625366
2/22/14 15:45,22.74449921,1022.811462
2/22/14 23:00,21.15609932,1391.934448
2/23/14 1:00,20.94799995,1387.492798
2/23/14 8:30,22.59670067,1439.261108
2/23/14 14:45,21.75979996,1365.879517
2/23/14 23:45,19.91110039,2054.922119
2/24/14 11:00,25.79739952,2633.776123
2/24/14 20:30,24.21529961,2874.217285
2/24/14 23:45,21.74939919,2627.248779
2/25/14 5:00,19.2010994,3071.97998
2/25/14 5:30,20.11660004,2667.775879
2/25/14 16:15,21.67350006,2933.586914
2/26/14 20:15,18.70770073,3109.576416
2/27/14 5:30,20.93090057,3094.620117
2/27/14 12:15,25.17609978,2992.714844
2/27/14 21:00,19.42130089,3826.453369
2/28/14 22:15,20.57159996,3109.796143
3/1/14 1:30,20.69779968,2446.874512
3/2/14 4:15,18.4701004,2174.387695
3/2/14 21:45,20.0182991,3088.100098
3/3/14 0:15,19.98769951,3081.283203
3/3/14 14:00,25.0685997,3376.799316
3/3/14 17:15,21.98940086,3537.3396
3/3/14 20:45,20.58519936,3980.681396
3/4/14 3:30,18.45499992,4014.341797
3/5/14 12:15,21.07390022,3049.085938
3/5/14 17:15,23.34160042,2638.631592
3/6/14 6:45,16.69020081,3631.900635
3/6/14 12:30,21.31629944,3029.321777
3/7/14 7:00,25.82550049,2969.557617
3/7/14 15:45,22.94809914,1417.100708
3/8/14 19:45,21.49629974,1817.448242
3/8/14 21:30,19.23019981,1767.092651
3/8/14 23:45,25.79389954,1782.880493
3/9/14 8:15,19.63360024,2187.192627
3/9/14 8:30,20.37870026,2210.708496
3/9/14 15:45,22.56620026,2175.589355
3/9/14 22:45,20.45700073,2147.320801
3/10/14 5:00,19.83880043,2306.253174
3/10/14 7:00,26.65660095,2520.823242
3/11/14 20:15,21.60740089,1379.840454
3/12/14 8:45,21.14749908,1767.319092
3/12/14 13:30,21.59070015,2065.451172
3/12/14 17:15,22.20680046,2628.842773
3/12/14 23:15,21.30369949,3041.140137
3/13/14 11:15,23.79920006,3524.386719
3/13/14 15:00,25.08449936,3112.040771
3/13/14 18:30,24.0564003,3038.70874
3/14/14 9:45,19.83580017,2827.388428
3/14/14 11:00,29.72109985,2554.149658
3/14/14 16:30,24.97400093,1412.282349
3/15/14 5:15,16.05680084,1359.546753
3/15/14 6:45,18.97669983,1023.847046
3/15/14 16:15,19.98999977,1417.119751
3/15/14 17:15,22.22260094,1771.390869
3/16/14 10:45,20.9701004,2233.971924
3/18/14 13:30,20.87870026,1780.256592
3/18/14 18:30,22.40110016,1396.066528
3/18/14 21:00,22.36870003,1789.861694
3/19/14 0:45,23.06439972,1413.147705
3/19/14 11:15,24.18449974,1782.660156
3/19/14 21:00,18.70350075,1800.931396
3/20/14 12:15,24.00239944,1772.131714
3/20/14 14:00,22.47100067,1750.408203
3/20/14 14:30,23.42000008,1770.656616
3/21/14 23:00,22.66449928,2210.893311
3/21/14 23:45,20.02459908,1815.740967
3/22/14 0:45,20.94440079,1776.077637
3/22/14 4:15,21.51070023,1410.742676
3/22/14 6:15,21.01799965,1369.524902
3/23/14 8:45,19.28079987,1835.747314
3/23/14 13:30,20.32830048,2397.043701
3/23/14 15:00,22.02219963,2229.362061
3/23/14 17:00,19.01110077,2239.033936
3/27/14 8:30,21.84720039,3045.557373
3/27/14 20:00,23.83289909,1807.389893
3/28/14 2:15,19.9333992,1021.996826
3/28/14 15:45,28.95369911,1000.774475
3/29/14 6:45,18.30240059,1389.182739
3/30/14 22:45,18.78779984,1785.37207
3/31/14 2:45,17.42379951,1800.683716
3/31/14 15:30,22.48749924,1784.606812
4/3/14 6:30,30.91950035,2243.898682
4/3/14 13:15,22.69330025,1761.749878
4/3/14 14:15,24.47400093,1420.594727
4/3/14 16:15,26.8980999,1761.84436
4/3/14 20:45,24.65279961,1796.845459
4/4/14 17:15,22.94809914,1759.200562
4/4/14 20:00,23.11840057,1409.978027
4/4/14 21:15,21.39089966,1720.435425
4/5/14 18:00,21.52829933,1400.13147
4/7/14 0:15,22.71920013,1413.494141
4/7/14 2:00,22.41449928,1385.736572
4/7/14 4:45,22.44610024,1988.142334
4/7/14 14:15,24.15200043,1801.908325
4/7/14 15:00,25.07670021,1779.214722
4/7/14 15:30,24.30380058,1786.152954
4/7/14 16:45,26.6135006,1789.297852
4/8/14 2:45,22.42280006,1068.5625
4/8/14 9:15,25.05360031,1366.025635
4/8/14 13:45,23.71990013,1437.3927
4/8/14 22:00,22.34370041,1496.390137
4/9/14 6:15,23.2057991,2014.45105
4/9/14 7:00,19.75979996,2193.122559
4/9/14 15:45,24.86070061,1427.666748
4/10/14 1:45,22.7064991,1744.994629
4/10/14 8:15,25.54800034,1423.638184
4/10/14 8:45,24.70509911,1393.869385
4/10/14 14:15,29.79910088,320.2090454
4/10/14 22:15,25.74650002,346.2150574
4/10/14 23:15,24.78149986,326.8948669
4/11/14 2:30,23.63430023,342.1301575
4/11/14 2:45,23.58320045,670.0939331
4/12/14 14:15,20.46990013,328.7156677
4/13/14 0:00,26.37190056,328.9249573
4/13/14 0:45,28.74169922,346.8296509
4/13/14 6:30,25.02370071,332.1559448
4/15/14 1:00,25.77490044,665.4337769
4/15/14 16:30,25.81040001,1873.006592
4/16/14 2:30,24.85029984,1841.145996
4/16/14 9:00,25.09659958,2562.5354
4/16/14 14:00,24.47400093,2188.814453
4/16/14 20:30,23.3307991,1945.078735
4/17/14 1:00,24.67919922,1791.615479
4/17/14 3:15,23.3281002,1781.399048
4/17/14 9:30,24.65550041,2185.73999
4/17/14 15:00,26.24290085,1030.173584
4/17/14 21:45,23.14570045,1392.28833
4/18/14 0:00,20.28000069,1416.08606
4/19/14 12:15,22.9428997,1384.819824
4/20/14 6:00,20.61100006,1757.151733
4/21/14 0:45,26.47570038,671.8012085
4/21/14 12:45,27.93499947,334.3547974
4/22/14 3:45,29.19980049,321.829895
4/22/14 4:45,26.48189926,689.1499023
4/23/14 5:00,23.29780006,1389.01355
4/23/14 14:30,26.14859962,1792.633301
4/24/14 7:15,24.45019913,1777.870728
4/24/14 13:00,23.99580002,1545.481567
4/25/14 7:00,24.84119987,1776.226563
4/26/14 7:15,21.12280083,1031.235107
4/27/14 0:30,18.16690063,1388.050049
4/27/14 11:15,16.92790031,1397.251099
4/27/14 14:30,22.3920002,1022.909119
4/27/14 18:00,28.44190025,1018.64978
4/27/14 20:15,27.64629936,1374.513672
5/1/14 23:15,25.45560074,1290.954712
5/2/14 22:00,51.26369858,1027.156372
5/3/14 20:45,31.8810997,1029.115356
5/4/14 8:00,23.33110046,1028.165527
5/4/14 12:30,39.95500183,678.5577393
5/4/14 18:15,29.80430031,677.6453247
5/5/14 8:15,25.61090088,1374.152466
5/6/14 2:30,22.75600052,1028.180542
5/6/14 16:00,56.09289932,679.9170532
5/8/14 4:45,33.93479919,658.4294434
5/10/14 14:45,110.4069977,338.6000061
5/11/14 4:45,33.91930008,664.2030029
5/11/14 17:45,105.0390015,669.7721558
5/12/14 0:30,42.79940033,684.270813
5/15/14 3:15,147.1309967,336.4874878
5/16/14 3:30,140.8650055,332.6703491
5/17/14 15:15,52.93399811,683.2820435
5/18/14 9:30,35.10720062,728.6954346
5/19/14 6:15,47.08499908,1420.349976
5/20/14 2:15,39.71139908,1031.972046
5/22/14 1:15,106.9820023,680.942627
5/24/14 6:45,47.01029968,674.824585
5/26/14 3:15,68.48490143,337.9255981
6/1/14 20:45,109.0189972,332.8535156
6/4/14 5:00,51.72180176,333.6836243
6/14/14 6:00,36.05519867,684.1622925
6/27/14 7:00,109.0920029,685.3894653
6/27/14 19:15,162.5330048,663.7094116
6/29/14 3:30,142.779007,651.2998047
7/7/14 0:00,96.06790161,655.0056763
7/9/14 0:15,185.1199951,342.6028748
7/9/14 7:30,156.7160034,647.8280029
7/10/14 11:15,115.8099976,696.1239014
7/10/14 11:30,104.7419968,518.2775269
7/11/14 23:45,126.1449966,524.546936
7/12/14 10:00,170.3119965,653.0599365
7/16/14 9:45,100.5849991,656.0368042
7/17/14 11:00,100.4349976,331.2822876
7/20/14 15:45,124.9319992,310.6217651
7/26/14 11:30,110.7570038,327.5914001
7/26/14 11:45,122.3560028,592.897583
7/27/14 12:45,194.8670044,322.5405273
7/27/14 20:45,172.026001,273.2859497
7/28/14 10:30,181.4190063,394.6960754
7/29/14 0:30,66.65239716,684.9165649
7/29/14 7:45,82.1832962,681.4994507
7/31/14 18:30,177.5579987,661.380249
8/3/14 4:45,111.3529968,328.1330566
8/4/14 2:30,154.2100067,334.1373901
8/6/14 8:15,134.2839966,664.2680664
8/7/14 16:30,121.4909973,344.3588867
8/7/14 17:15,131.6679993,652.2192993
8/18/14 20:30,75.46130371,323.1871643
8/18/14 21:15,63.47629929,341.464325
8/19/14 1:30,34.69269943,665.8804321
8/19/14 15:30,161.3999939,331.9243164
8/20/14 6:00,137.0630035,333.2026367
8/23/14 1:30,157.9299927,343.4702759
8/23/14 2:15,152.973999,325.3665466
8/23/14 8:00,148.7870026,653.8153687
8/24/14 16:45,119.9850006,327.5368958
8/26/14 1:45,88.43710327,658.3341064
8/26/14 17:00,177.2230072,327.9537659
8/28/14 10:45,101.0220032,655.779541
8/28/14 11:45,106.1729965,320.1605835
8/29/14 17:00,149.7850037,662.7837524
8/30/14 22:45,182.4490051,547.9020386
9/6/14 23:30,110.7350006,664.0476685
9/8/14 9:00,48.02970123,1018.642334
9/12/14 8:15,37.20629883,1025.546143
9/13/14 8:30,22.29129982,671.6947632
9/14/14 4:30,21.50289917,661.519104
9/15/14 6:45,27.78949928,680.5904541
9/15/14 7:30,23.74500084,671.0653687
9/15/14 14:45,110.9140015,319.8303528
9/16/14 1:00,42.68090057,325.4946289
9/17/14 6:45,20.93090057,997.328125
9/17/14 22:15,30.71730042,682.4049072
9/19/14 5:30,18.66819954,1386.663208
9/19/14 7:00,21.85320091,1032.753662
9/19/14 13:45,15.39949989,650.741333
9/19/14 15:15,16.82290077,329.3536682
10/21/14 1:00,22.02549934,335.3415527
10/21/14 7:30,24.15169907,1030.522827
10/21/14 8:30,25.25379944,1029.107666
10/21/14 13:45,25.89870071,1035.408447
10/22/14 1:30,22.19860077,670.5756836
10/22/14 7:45,24.40550041,980.241333
10/22/14 9:00,22.44709969,1038.835327
10/22/14 22:30,23.74340057,1026.362427
10/23/14 7:30,22.81389999,1062.582031
10/23/14 13:15,25.28380013,673.4174805
10/24/14 11:00,22.05419922,682.1083374
10/25/14 12:30,25.86650085,349.067627
10/25/14 17:30,47.01029968,332.4589233
10/26/14 0:30,15.99750042,673.9578247
10/26/14 3:30,21.16869926,686.5878296
10/26/14 3:45,19.80060005,686.5878296
10/26/14 11:15,28.01269913,686.9006958
10/27/14 14:45,30.46980095,693.9051514
10/28/14 16:30,106.7190018,674.1088257
10/31/14 20:30,22.77939987,1033.175537
11/1/14 23:45,21.3871994,1037.41272
11/2/14 8:30,21.62770081,1395.434937
11/2/14 11:45,23.26370049,1409.852783
11/2/14 14:00,23.0333004,1397.687378
11/2/14 19:30,22.11030006,1057.654419
11/2/14 21:30,22.02549934,1059.750122
11/3/14 4:00,20.73189926,1030.662354
11/4/14 16:00,26.49410057,674.678772
11/5/14 0:45,25.13769913,334.3536682
11/5/14 2:45,24.8927002,680.6037598
11/6/14 7:45,24.81699944,680.9971313
11/7/14 7:15,22.94750023,1408.193481
11/7/14 10:00,21.79170036,1418.999756
11/7/14 10:15,23.85700035,1430.568115
11/7/14 13:30,22.56620026,1038.730225
11/7/14 20:00,23.04809952,1404.12561
11/8/14 6:15,19.36630058,1386.70813
11/9/14 6:45,19.78190041,1030.944702
11/9/14 16:45,21.55949974,707.7026367
11/9/14 20:45,21.61800003,700.9116211
11/10/14 0:00,21.84720039,682.2389526
11/11/14 6:45,23.11840057,1062.185913
11/11/14 7:00,22.65390015,1413.511353
11/12/14 10:15,22.85230064,1037.755249
11/12/14 10:45,24.36420059,713.2357178
11/12/14 17:00,26.10070038,1050.415405
11/12/14 21:00,24.04150009,1399.00647
11/14/14 8:00,23.67919922,1872.764404
11/15/14 0:15,24.67700005,1401.347534
11/15/14 7:30,19.83810043,1060.379639
11/16/14 2:15,20.1753006,1427.587402
11/16/14 20:15,22.85230064,1398.31543
11/16/14 23:45,23.62709999,1080.367432
11/17/14 1:45,20.90500069,1393.972046
11/17/14 12:45,22.55139923,1802.458252
11/17/14 17:45,23.80470085,1405.344238
11/18/14 2:15,21.97640038,1419.283813
11/18/14 6:30,23.17560005,2349.967529
11/18/14 18:30,22.93610001,2287.085693
11/20/14 3:30,20.59539986,1142.145508
11/24/14 23:00,24.93309975,336.9387207
11/25/14 1:15,21.5590992,328.3444214
11/25/14 3:30,20.72430038,339.4535828
11/25/14 15:00,23.80470085,672.5264282
11/26/14 15:15,25.17609978,1434.046997
11/26/14 19:15,20.65369987,1442.165649
11/26/14 20:15,20.92639923,1780.43335
11/27/14 3:30,20.62560081,1426.224243
11/27/14 4:00,19.83580017,1421.681519
11/27/14 10:15,19.99449921,1423.242188
11/27/14 13:45,18.3348999,1298.255737
11/27/14 19:00,19.42259979,1433.161133
11/28/14 16:15,18.32600021,1428.592651
11/28/14 21:30,19.46380043,1814.931396
11/28/14 22:30,19.34399986,1796.535156
11/29/14 7:15,18.7656002,1798.522827
11/29/14 21:15,20.68510056,1141.396118
12/1/14 17:15,24.19519997,1434.183228
12/2/14 9:45,21.76869965,2034.77356
12/3/14 0:00,24.01210022,1036.507568
12/4/14 12:15,23.42919922,1441.667847
12/4/14 17:15,23.03860092,1810.022827
12/4/14 18:15,23.18180084,1773.398438
12/5/14 4:15,20.4022007,1833.267456
12/5/14 6:15,19.77750015,1841.777222
12/6/14 7:45,18.41250038,1032.25293
12/6/14 12:30,18.37859917,1081.199097
12/6/14 18:00,18.60759926,1393.444824
12/6/14 22:45,20.1473999,1063.466187
12/7/14 21:30,18.9484005,1813.077026
12/8/14 7:15,18.69319916,2251.272461
12/8/14 11:00,17.49340057,1857.382202
12/8/14 15:45,19.23019981,1790.756836
12/9/14 2:15,19.2560997,1398.203369
12/9/14 8:15,18.45359993,1815.188477
12/9/14 10:00,19.06489944,1429.40271
12/9/14 13:15,17.75909996,1725.516235
12/10/14 0:30,23.93619919,1420.362305
12/11/14 3:00,19.92060089,1419.065552
12/11/14 5:30,19.80060005,1976.373413
12/11/14 19:45,19.67620087,1792.050903
12/12/14 7:15,18.60759926,2020.855591
12/12/14 9:15,19.28680038,2166.525391
12/12/14 11:30,19.77370071,1775.850098
12/12/14 20:15,19.00309944,1813.386353
12/12/14 23:00,18.57279968,1795.462036
12/13/14 8:45,17.87929916,1427.851685
12/13/14 9:30,17.76320076,1395.245483
12/13/14 11:30,18.00489998,1400.447388
12/13/14 15:30,20.56229973,1420.604614
12/13/14 17:00,19.93009949,1624.832886
12/14/14 0:00,17.9762001,1390.28479
12/14/14 10:15,17.41679955,1042.638916
12/14/14 19:00,18.21579933,1402.699463
12/15/14 6:00,17.14150047,1783.490723
12/15/14 8:15,17.76989937,1798.758301
12/15/14 9:00,17.54249954,1641.311646
12/16/14 5:00,17.75880051,1409.463379
12/16/14 23:45,15.88000011,1034.8302
12/17/14 4:00,16.97109985,675.2628174
12/17/14 5:45,16.62129974,1398.534912
12/17/14 7:00,18.41250038,1392.46167
12/17/14 9:00,18.06220055,1041.85083
12/17/14 13:15,18.83090019,1412.892578
12/17/14 17:45,18.19269943,1777.147583
12/18/14 1:45,18.30179977,1394.358643
12/18/14 3:45,18.6189003,1040.861084
12/20/14 17:30,18.21929932,1412.790527
12/21/14 2:45,19.58359909,1520.472412
12/21/14 11:00,18.30240059,1584.843994
12/21/14 18:30,18.43560028,1436.706543
12/21/14 21:45,18.84620094,1397.853027
12/22/14 1:15,18.50690079,1393.745239
12/23/14 3:45,17.61660004,1034.103394
12/23/14 6:15,17.67650032,1418.259888
12/23/14 10:45,17.7234993,1031.994263
12/23/14 14:30,18.88190079,1024.277344
12/23/14 14:45,18.63769913,1343.295532
12/23/14 16:30,18.44829941,1050.539917
12/23/14 23:00,18.54450035,1056.459106
12/24/14 0:45,18.07180023,666.8359375
12/24/14 8:30,17.96199989,1025.704346
12/24/14 9:30,18.29710007,1043.916504
12/24/14 13:00,19.56279945,1045.642822
12/24/14 14:45,18.90449905,1032.207397
12/25/14 8:30,18.56900024,697.9268188
12/25/14 22:45,18.26790047,1057.295044
12/26/14 5:30,18.27619934,1055.220703
12/26/14 14:30,19.29170036,1015.308533
12/26/14 23:15,19.22780037,1055.248047
12/27/14 3:00,18.84620094,1393.56311
12/27/14 7:00,19.11980057,1030.087158
12/27/14 8:45,18.99909973,1044.609131
12/27/14 9:30,18.18190002,1030.674805
12/28/14 1:00,18.62789917,685.5687866
12/28/14 2:30,19.86020088,669.1751709
12/28/14 11:45,19.2560997,1038.217407
12/28/14 16:30,19.17720032,1051.386719
12/29/14 6:00,19.62459946,1421.147949
12/29/14 10:30,19.01650047,1447.845947
12/29/14 17:45,19.56279945,1432.710449
12/30/14 0:00,18.35589981,1431.047974
12/30/14 2:15,19.13750076,1445.842407
12/30/14 3:15,19.15579987,1773.693359
12/30/14 6:00,18.00009918,1813.801636
12/30/14 9:00,17.77420044,1791.834229
12/31/14 2:00,19.27890015,1845.156982
12/31/14 3:45,19.8635006,1823.968872
12/31/14 14:00,19.36870003,1825.350708
1/1/15 4:30,19.28680038,1807.476685
1/1/15 8:45,18.66690063,1884.929932
1/1/15 13:30,19.13759995,1426.846069
1/1/15 14:15,19.40299988,1406.242188
1/1/15 16:15,18.62689972,1569.752441
1/1/15 20:30,18.56209946,1444.163208
1/2/15 0:15,19.06920052,1436.852417
1/2/15 5:00,18.34539986,1404.837036
1/2/15 16:00,18.36770058,1510.911987
1/2/15 20:45,18.50869942,1407.564819
1/3/15 2:45,18.63170052,1451.858765
1/3/15 3:45,18.81679916,1828.851318
1/3/15 7:15,18.03030014,1666.848267
1/3/15 11:15,18.53059959,1429.121338
1/3/15 12:30,18.40539932,1754.714111
1/3/15 20:00,18.04809952,1400.930176
1/3/15 22:15,17.79719925,1227.109009
1/3/15 23:45,18.15189934,1035.725586
1/4/15 7:15,17.35099983,1025.87915
1/4/15 11:45,15.83010006,690.7616577
1/4/15 23:30,18.41250038,1396.89978
1/5/15 1:15,18.0515995,1254.512573
1/5/15 8:45,18.32679939,2614.443848
1/5/15 18:30,18.38999939,2628.521973
1/6/15 17:00,18.50499916,2209.313477
1/7/15 11:30,17.92869949,2652.901855
1/7/15 12:45,17.57239914,2959.026123
1/7/15 14:45,18.6067009,2642.942871
1/7/15 23:15,18.33889961,2665.760986
1/8/15 3:15,19.7439003,2846.038818
1/8/15 9:45,19.71920013,2715.996582
1/8/15 11:45,18.84230042,2670.532227
1/8/15 22:15,19.7541008,2246.499512
1/9/15 5:30,19.30310059,2265.747803
1/9/15 15:00,18.94599915,2397.162842
1/9/15 16:15,18.01659966,2205.065918
1/9/15 20:15,20.11660004,2263.368164
1/10/15 21:15,18.68250084,2229.886475
1/11/15 23:00,18.72520065,1651.008545
1/12/15 13:45,19.11420059,1817.925171
1/12/15 19:00,20.38080025,1886.276978
1/13/15 5:15,19.11980057,2663.803711
1/13/15 16:45,19.49600029,2659.313721
1/14/15 3:45,19.98209953,3139.177734
1/14/15 4:45,19.0121994,3113.678955
1/14/15 5:45,19.22369957,3190.349854
1/14/15 10:30,20.15710068,3053.546143
1/14/15 11:45,19.0121994,2234.482178
1/14/15 12:00,18.13220024,2249.494141
1/14/15 13:45,20.6201992,2044.662476
1/14/15 15:45,20.05660057,1823.200562
1/14/15 19:30,18.33749962,2196.402588
1/14/15 22:45,17.99780083,2592.158691
1/15/15 5:15,19.31310081,2451.093262
1/15/15 6:00,18.01390076,2656.61377
1/15/15 9:15,19.51390076,2642.443359
1/15/15 14:15,19.83799934,1835.560181
1/16/15 2:15,19.86779976,1407.245483
1/16/15 19:15,19.5095005,2258.589355
1/17/15 0:15,18.38459969,1822.299438
1/17/15 13:30,19.08130074,1789.855347
1/17/15 19:45,19.71920013,1814.627563
1/18/15 6:45,19.60659981,1434.637817
1/19/15 11:00,19.73069954,1850.136597
1/19/15 18:45,19.1718998,1795.950684
1/20/15 7:00,19.06489944,2244.342529
1/20/15 13:00,19.52939987,1799.276733
1/21/15 9:30,17.51749992,3061.977295
1/22/15 3:15,21.31629944,1405.174438
1/22/15 7:30,19.17200089,2225.021484
1/22/15 13:45,21.84250069,2166.381592
1/23/15 8:45,18.75489998,2270.195068
1/23/15 21:45,18.1711998,1795.325928
1/24/15 15:00,19.03249931,1421.776978
1/24/15 19:15,18.27190018,1404.346191
1/24/15 19:30,18.96439934,1415.466553
1/25/15 1:45,19.33810043,1403.850586
1/25/15 2:30,18.93959999,1406.599243
1/26/15 12:45,20.52339935,2638.901367
1/26/15 19:30,18.6385994,2244.41333
1/26/15 20:30,18.79070091,2330.697998
1/27/15 6:30,16.70019913,2275.277344
1/27/15 9:00,18.88850021,2773.740234
1/27/15 9:30,18.30089951,2688.8479
1/27/15 16:15,19.60659981,2461.36377
1/27/15 21:00,25.25629997,2645.164307
1/28/15 5:45,20.64069939,2506.249756
1/28/15 19:30,20.8307991,2263.552734
1/29/15 3:15,21.40239906,2661.50708
1/29/15 17:15,23.39660072,1806.207642
1/29/15 21:45,21.73509979,1782.022705
1/29/15 22:00,21.78829956,1788.597656
1/30/15 9:45,20.77709961,1836.321777
1/30/15 10:00,19.18720055,2195.996582
1/30/15 16:30,19.93230057,2545.039307
1/30/15 20:30,19.02680016,2620.202148
1/30/15 22:00,17.91559982,2620.244873
1/31/15 3:30,19.61109924,2212.915527
1/31/15 6:45,18.0496006,2210.144287
2/1/15 2:45,18.74379921,1795.872192
2/1/15 6:15,18.83090019,1419.421875
2/1/15 14:00,18.06629944,1814.675659
2/1/15 14:45,18.62689972,1827.02356
2/1/15 22:00,19.39889908,1874.432739
2/2/15 6:00,18.49780083,1893.031128
2/2/15 10:00,18.08429909,2669.854492
2/2/15 15:15,21.92169952,2715.026855
2/3/15 7:15,18.7276001,3046.796387
2/4/15 0:00,21.67589951,1540.734009
2/4/15 15:15,20.71820068,1592.008667
2/4/15 19:45,21.59070015,1712.755859
2/5/15 4:00,24.14599991,2246.666504
2/5/15 10:00,19.47949982,2641.204346
2/5/15 14:30,22.29719925,2950.637207
2/6/15 2:15,18.47579956,2227.468994
2/6/15 7:00,18.6067009,2704.692383
2/6/15 9:45,20.46839905,2659.544434
2/7/15 3:15,19.89430046,1803.35144
2/7/15 22:00,17.46380043,1450.462158
2/8/15 2:00,20.94540024,1409.948242
2/8/15 9:30,18.0114994,1050.692261
2/8/15 13:00,17.26989937,1423.562988
2/8/15 13:45,16.90060043,1817.384277
2/9/15 7:15,21.56459999,2310.427002
2/9/15 10:45,20.11809921,2648.425781
2/9/15 16:15,24.03820038,2258.0896
2/10/15 0:30,23.26759911,1776.794922
2/10/15 11:30,19.78230095,2229.776611
2/11/15 9:45,17.65670013,2278.128662
2/12/15 9:15,18.69169998,1828.174561
2/12/15 18:15,18.83449936,2985.689453
2/13/15 10:15,17.02090073,3117.341309
2/13/15 17:45,28.57920074,2669.046631
2/13/15 21:15,17.57239914,2706.413818
2/13/15 23:30,16.75779915,2642.720459
2/14/15 22:45,16.35759926,2223.468994
2/15/15 9:45,17.26989937,2884.476074
2/15/15 12:00,16.36249924,2650.835449
2/15/15 17:30,18.07850075,2949.119385
2/16/15 6:30,16.64039993,3561.583984
2/16/15 10:45,16.19610024,3517.979736
2/17/15 7:00,16.25760078,3121.778809
2/17/15 13:00,16.14719963,2646.313232
2/18/15 2:00,20.33060074,2252.237793
2/19/15 8:00,19.74909973,2703.671631
2/19/15 21:45,20.76889992,3079.442871
2/20/15 1:15,17.16480064,2626.981201
2/20/15 6:00,18.68499947,3130.028809
2/20/15 6:15,17.4321003,3124.720215
2/20/15 8:30,19.59490013,3154.481689
2/20/15 12:15,19.42760086,2850.511475
2/20/15 18:00,19.42910004,2804.587158
2/21/15 0:45,18.83679962,2201.824951
2/21/15 4:45,17.44910049,2173.884766
2/21/15 8:00,18.42709923,2194.822998
2/21/15 9:00,19.87540054,2121.314697
2/21/15 11:15,19.63660049,2164.758301
2/21/15 17:15,20.69479942,2179.916992
2/21/15 20:30,21.03319931,1811.68457
2/21/15 21:45,19.93239975,1818.25708
2/22/15 0:45,17.06089973,1712.88855
2/22/15 1:15,17.57060051,1778.60498
2/22/15 1:30,17.01440048,1768.453125
2/22/15 2:45,18.5095005,1785.670776
2/22/15 9:45,18.59550095,1793.468262
2/22/15 13:30,18.04710007,1796.701904
2/22/15 20:15,18.68499947,1803.771606
2/22/15 23:15,18.35960007,1841.072632
2/23/15 1:00,18.9116993,2227.113281
2/23/15 3:30,18.03860092,2641.432617
2/23/15 8:00,18.28470039,3119.907715
2/23/15 9:30,19.72170067,3150.294922
2/23/15 16:15,20.90010071,2717.436279
2/23/15 17:30,22.60379982,3103.187256
2/24/15 1:30,18.6189003,2574.775146
2/24/15 4:45,17.39520073,3131.940674
2/24/15 23:45,23.06979942,2196.278809
2/25/15 3:15,20.90880013,1911.475342
2/25/15 20:45,17.80369949,2641.821533
2/26/15 2:30,16.74419975,2623.624512
2/27/15 12:15,17.23800087,2215.185791
2/28/15 7:45,19.81279945,2651.575195
2/28/15 9:30,19.38470078,2629.103271
2/28/15 18:30,14.94900036,1829.305664
3/1/15 3:00,20.43709946,2183.156738
3/1/15 9:15,17.68560028,1808.57019
3/1/15 10:45,20.04590034,2025.130005
3/2/15 12:45,17.03829956,1804.164429
3/2/15 14:45,25.4095993,2068.187256
3/2/15 21:15,21.01370049,2207.909424
3/3/15 16:15,24.20999908,1986.994141
3/4/15 5:45,16.04630089,1838.323486
3/4/15 10:15,21.86100006,1428.387695
3/4/15 11:45,20.52269936,1396.628174
3/4/15 22:45,20.6644001,1498.893799
3/5/15 1:45,20.46990013,1787.301758
3/6/15 21:00,22.31419945,2205.358154
3/8/15 8:45,18.67040062,1703.325195
3/8/15 12:30,20.83469963,1416.311279
3/8/15 14:45,27.65069962,1047.402832
3/8/15 18:15,21.9612999,1072.713623
3/8/15 20:45,21.86100006,1419.498901
3/8/15 21:30,22.55610085,1617.956665
3/9/15 4:45,19.98769951,1791.05127
3/9/15 9:30,20.4022007,1800.311768
3/9/15 16:30,27.54140091,1037.743164
3/10/15 0:00,25.55019951,1433.104492
3/10/15 1:45,23.24309921,1402.732422
3/10/15 12:15,34.37149811,671.0764771
3/10/15 13:00,27.60829926,684.1517944
3/11/15 13:15,26.1291008,1021.296204
3/12/15 2:00,23.93619919,1029.35791
3/12/15 2:45,22.01239967,1033.791992
3/12/15 11:45,23.01729965,1622.261475
3/12/15 13:45,25.74860001,1446.53186
3/12/15 16:30,26.25880051,1340.498535
3/13/15 9:30,17.6317997,1832.296631
3/13/15 17:00,29.66609955,680.7293091
3/14/15 0:15,20.1602993,1034.911865
3/14/15 14:15,17.71050072,1029.203247
3/14/15 18:15,21.32780075,842.2767944
3/15/15 4:30,19.75600052,1063.098022
3/15/15 12:30,25.42219925,1419.55188
3/15/15 19:15,21.92609978,1370.455811
3/16/15 1:00,24.74740028,1397.297485
3/16/15 1:45,23.94379997,1436.145386
3/16/15 16:30,26.90719986,677.4238281
3/16/15 18:00,24.37290001,684.1866455
3/17/15 1:15,25.08390045,694.4489136
3/17/15 3:00,21.95599937,686.6955566
3/17/15 6:15,23.13240051,1225.994507
3/17/15 15:15,24.50489998,1419.193115
3/17/15 15:45,25.09000015,1515.66748
3/17/15 18:30,26.75320053,1420.441284
3/19/15 4:15,25.96879959,1821.64209
3/19/15 7:00,27.92760086,2238.463379
3/20/15 5:00,24.17790031,1815.807617
3/20/15 17:45,21.40670013,1407.699829
3/20/15 19:15,22.9109993,1414.369019
3/21/15 2:45,19.52029991,1079.080933
3/21/15 14:15,27.60829926,1034.7677
3/21/15 16:00,18.6984005,747.2859497
3/22/15 7:30,21.09309959,1810.765259
3/22/15 10:00,23.96030045,2195.639648
3/22/15 13:15,27.94020081,2194.26709
3/22/15 23:15,27.77179909,1805.756104
3/23/15 5:00,23.33110046,2625.006836
3/23/15 11:15,15.90820026,2651.084961
3/23/15 16:15,18.01280022,2219.452881
3/24/15 16:00,25.16710091,1448.26062
3/24/15 20:30,23.5991993,1803.380371
3/25/15 9:00,19.10639954,1794.209839
3/26/15 0:00,24.7901001,1046.939575
3/26/15 7:15,24.59810066,1418.087158
3/26/15 15:00,24.17790031,1406.577148
3/26/15 15:30,23.50049973,1412.246216
3/27/15 2:15,19.93009949,1059.277832
3/27/15 3:45,19.03249931,1025.935913
3/27/15 4:15,25.54509926,1352.741699
3/27/15 10:15,21.9612999,1697.960815
3/27/15 15:00,23.03590012,1409.762207
3/28/15 10:00,17.7234993,1441.88147
3/28/15 11:15,21.62290001,1808.615356
3/28/15 22:30,18.15800095,1811.119751
3/28/15 23:45,15.51469994,1830.578979
3/29/15 2:00,16.10770035,1801.526611
3/29/15 2:30,26.68849945,1800.35791
3/29/15 14:00,22.3185997,1401.947998
3/29/15 14:45,19.3519001,1389.645996
3/29/15 20:15,19.3519001,1033.456055
3/30/15 6:45,19.75600052,1782.063477
3/31/15 14:00,17.92060089,1544.069946
4/1/15 2:00,17.80080032,1403.121094
4/1/15 14:30,12.57289982,1411.08667
4/2/15 22:30,20.74200058,680.8145752
4/4/15 3:45,19.83799934,1040.272217
4/4/15 4:00,19.94610024,1047.841797
4/4/15 10:00,18.34539986,1051.446777
4/4/15 18:45,19.92060089,1039.672607
4/5/15 0:15,20.27090073,1047.071167
4/5/15 13:15,14.66259956,1403.495972
4/5/15 14:30,19.00650024,1412.342407
4/5/15 18:45,15.54189968,1407.598389
4/6/15 0:45,17.96409988,1252.122559
4/6/15 6:30,20.02630043,1457.472168
4/6/15 14:15,26.39959908,676.9307251
4/7/15 6:45,14.31499958,1396.246094
4/7/15 8:15,20.43530083,1069.242188
4/7/15 10:30,17.08309937,1421.831787
4/7/15 13:00,18.97669983,1398.392578
4/7/15 21:00,22.05190086,1046.839722
4/8/15 16:15,17.34499931,1041.030029
4/9/15 2:15,17.16900063,1049.824463
4/9/15 5:00,18.94980049,1045.6875
4/9/15 20:00,22.19860077,1059.936523
4/10/15 17:45,21.31170082,1021.647034
4/10/15 23:00,19.99010086,1021.25293
4/11/15 1:00,15.94839954,677.9889526
4/12/15 0:00,33.50419998,1048.622437
4/12/15 15:15,22.05419922,327.7461243
4/13/15 4:30,23.84079933,666.3135376
4/13/15 9:00,37.35449982,687.6552124
4/13/15 11:45,27.84410095,339.0976868
4/13/15 21:15,26.60390091,336.4769897
4/14/15 0:15,26.25880051,332.3311157
4/14/15 3:15,21.25090027,677.0802612
4/15/15 11:00,26.96080017,671.7957764
4/15/15 16:30,29.61420059,325.1152649
4/16/15 6:00,18.32600021,1425.877686
4/17/15 0:45,23.78479958,330.3647156
4/17/15 1:30,27.05179977,352.7113037
4/17/15 10:30,27.81559944,343.474823
4/17/15 18:00,33.11059952,338.9210205
4/17/15 23:00,22.95000076,667.2202148
4/18/15 6:30,21.25119972,1013.592468
4/18/15 21:45,34.21839905,536.1751099
4/19/15 3:45,31.7826004,1026.598022
4/20/15 1:45,24.04520035,329.9142456
4/20/15 5:15,25.72949982,1012.326904
4/20/15 14:15,31.15250015,340.584137
4/21/15 13:45,10.86359978,374.2173462
4/23/15 13:30,16.77499962,1417.856323
4/25/15 7:30,15.26119995,1052.752441
4/25/15 9:30,12.1548996,1399.929932
4/25/15 19:45,28.88209915,693.0354614
4/27/15 22:00,27.93840027,1018.734192
4/28/15 1:30,24.78149986,675.0839233
4/28/15 18:15,35.13079834,673.6130981
4/29/15 9:45,28.34329987,674.9364014
4/30/15 2:15,27.35309982,341.4513245
4/30/15 6:15,20.91650009,682.7722168
5/2/15 12:30,21.8064003,326.9867859
5/2/15 15:30,68.16629791,324.0161743
5/3/15 3:45,19.93079948,665.8859253
5/3/15 5:15,16.62129974,680.2424316
5/3/15 5:45,16.2894001,682.543457
5/6/15 3:30,26.31809998,335.6490784
5/6/15 10:45,32.37580109,331.4769592
5/9/15 15:15,127.3450012,341.1990967
5/9/15 17:00,140.8650055,327.9440613
5/10/15 13:30,159.5529938,351.0518494
5/12/15 5:45,106.9820023,335.7542114
5/12/15 17:30,54.08589935,326.5309753
5/12/15 23:00,25.75550079,323.921936
5/13/15 4:00,21.22509956,666.4980469
5/13/15 9:45,17.60379982,1026.605591
5/13/15 10:45,27.93440056,688.7166748
5/14/15 2:45,26.64100075,675.0909424
5/15/15 3:15,22.43239975,659.7094727
5/15/15 7:45,21.15609932,337.5562134
5/16/15 7:15,25.6602993,330.1983337
5/18/15 6:45,112.2630005,328.9168701
5/19/15 21:45,32.47019959,680.0853882
5/20/15 3:45,13.88920021,675.6271362
5/20/15 23:00,14.94019985,337.8250122
5/21/15 10:15,33.66090012,681.4640503
5/21/15 18:30,28.66500092,323.5827332
5/22/15 1:30,13.32800007,665.6177979
5/22/15 5:15,22.2154007,687.3408203
5/23/15 7:45,30.87540054,669.6941528
5/23/15 18:45,25.54820061,334.6687012
5/24/15 6:15,18.40229988,342.9057007
5/29/15 0:45,26.14550018,693.9827271
5/29/15 3:00,26.0394001,668.3190918
5/30/15 3:00,105.6029968,336.0655518
5/31/15 7:15,29.22270012,673.1168213
6/1/15 20:30,25.60709953,339.3696594
6/1/15 21:00,26.20470047,332.3710327
6/2/15 9:15,25.54000092,676.9127197
6/2/15 11:15,25.24530029,674.864624
6/2/15 15:30,34.06560135,337.6658936
6/2/15 18:45,26.54039955,662.088501
6/3/15 0:30,21.0746994,677.6756592
6/5/15 1:45,37.08720016,331.3034668
6/6/15 9:45,25.77860069,484.6579285
6/7/15 7:00,26.99679947,362.8622742
6/7/15 7:15,25.07509995,693.6803589
6/7/15 8:45,22.48200035,337.7345276
6/9/15 20:15,68.75389862,331.1897888
6/10/15 5:00,26.39699936,335.7254028
6/12/15 7:00,35.13029861,323.4693909
6/15/15 1:45,163.9839935,378.283844
6/18/15 11:30,137.8589935,337.885376
6/19/15 11:30,109.0189972,674.9066162
6/21/15 7:30,140.8690033,335.5008545
6/22/15 3:45,96.15219879,337.5354919
6/22/15 12:15,111.3529968,331.2365417
6/24/15 4:30,53.23649979,672.5296631
6/25/15 20:00,131.7230072,333.6428223
6/28/15 6:45,29.66010094,340.1912842
6/29/15 2:15,38.83919907,331.0450439
6/30/15 8:15,127.3830032,331.0180969
7/2/15 0:15,99.43450165,339.8268127
7/3/15 0:15,31.80010033,678.0696411
7/3/15 2:00,26.88010025,666.8646851
7/5/15 1:45,80.72550201,549.6500854
7/10/15 12:30,161.9790039,657.4144287
7/14/15 7:45,190.8589935,337.3728027
7/15/15 13:30,56.70479965,343.9211426
7/20/15 12:45,157.8419952,320.9637451
7/21/15 3:00,110.4069977,335.368103
7/22/15 10:30,100.5849991,334.2958069
7/22/15 14:45,131.076004,325.7404175
7/28/15 1:45,115.8099976,335.6906738
7/28/15 6:00,132.677002,320.4519959
7/31/15 7:15,150.9369965,335.2973328
8/1/15 3:45,128.3049927,331.7770691
8/1/15 17:45,110.6610031,333.8469238
8/3/15 4:15,142.779007,324.603363
8/3/15 11:15,206.4230042,326.3570251
8/4/15 5:00,100.3740005,689.5274048
8/5/15 17:30,115.2939987,332.1557007
8/6/15 10:00,97.584198,330.0558777
8/6/15 23:45,50.38550186,358.5743408
8/8/15 5:45,31.24530029,342.0256348
8/9/15 5:15,53.23649979,671.2426147
8/9/15 12:45,129.4889984,323.186676
8/10/15 7:45,166.5410004,349.0079651
8/14/15 20:00,168.3300018,346.5818787
8/17/15 7:15,169.9179993,664.3499146
8/21/15 7:30,110.2259979,668.6623535
8/22/15 12:15,119.598999,322.8421936
8/23/15 8:45,55.51929855,339.9420776
8/23/15 15:00,112.348999,321.629425
8/25/15 7:30,45.86780167,345.4876404
8/28/15 6:30,35.88639832,332.8310547
8/28/15 8:45,44.24169922,337.4832764
8/31/15 3:00,133.8339996,341.0577087
9/7/15 8:30,145.1620026,326.7743835
9/8/15 1:45,165.7850037,350.8157043
9/9/15 2:30,153.1679993,326.1803284
9/11/15 5:15,46.00469971,337.0093994
9/11/15 14:15,122.1900024,383.1791687
9/12/15 6:00,38.63140106,332.263031
9/12/15 15:30,121.3679962,319.0076904
9/12/15 19:45,113.1169968,673.482666
9/15/15 5:45,18.65469933,339.454834
9/15/15 7:45,22.36669922,1028.287598
9/19/15 22:15,113.9039993,334.7438965
9/20/15 18:45,50.23939896,335.8382874
9/21/15 9:15,19.9878006,671.9346924
9/23/15 1:30,22.38999939,662.1317749
9/23/15 6:00,18.27619934,676.9813232
9/24/15 1:45,27.02420044,336.8230286
9/27/15 7:00,27.43230057,339.5394897
9/29/15 19:00,201.977005,672.3404541
9/30/15 7:00,116.3639984,1044.286377
10/1/15 22:00,25.79739952,1015.165405
10/2/15 11:30,29.39159966,699.5333862
10/2/15 15:00,28.73209953,681.3895264
10/3/15 15:00,21.59359932,1017.567139
10/3/15 23:30,22.98220062,684.5822754
10/4/15 4:30,21.35000038,689.0805054
10/4/15 6:15,21.75979996,672.3261719
10/4/15 22:30,26.60110092,331.2773743
10/5/15 0:30,27.47290039,674.6763306
10/5/15 2:30,24.01210022,692.5026245
10/5/15 3:15,23.42930031,685.3624268
10/7/15 22:45,52.66820145,673.5878296
10/10/15 6:00,18.03289986,668.5215454
10/10/15 10:15,19.11949921,665.9152222
10/11/15 2:45,18.68300056,670.6611328
10/14/15 2:15,28.19120026,668.9816895
10/14/15 10:00,33.64509964,684.4871216
10/16/15 0:15,23.51409912,347.9810791
10/16/15 5:30,20.84079933,671.1351318
10/16/15 11:45,33.57659912,681.592041
10/17/15 7:00,19.45219994,694.4326782
10/17/15 14:30,22.55139923,1008.831299
10/18/15 5:45,20.3906002,1030.794922
10/18/15 9:45,19.73690033,1047.454956
10/18/15 10:15,20.76519966,1056.00769
10/18/15 14:30,24.76169968,1043.209595
10/18/15 15:30,22.80500031,1385.977539
10/19/15 11:30,24.51740074,1032.114258
10/20/15 3:30,26.30990028,342.1703186
10/22/15 6:15,50.66270065,1008.096069
10/23/15 4:45,19.81030083,673.3620605
10/23/15 17:00,25.25740051,678.428833
10/24/15 19:30,18.64480019,661.8956299
10/25/15 7:00,20.88750076,675.0215454
10/25/15 8:30,18.29330063,673.4912109
10/25/15 21:45,18.41250038,1032.629517
10/25/15 22:15,21.43050003,670.0194092
10/25/15 22:45,22.54170036,1007.898926
10/25/15 23:00,23.17239952,754.3674316
10/26/15 1:45,18.9116993,692.2831421
10/26/15 20:00,20.69149971,1381.225586
10/27/15 0:00,23.03860092,1032.678345
10/27/15 2:30,17.7390995,1043.844604
10/27/15 8:00,18.41250038,1561.471436
10/27/15 19:15,26.71139908,687.1353149
10/28/15 1:30,20.77440071,673.9250488
10/28/15 5:15,19.45219994,692.7329712
10/28/15 5:30,17.87809944,694.7560425
10/29/15 11:00,24.24880028,663.3831177
10/29/15 23:15,19.7548008,1022.383545
10/29/15 23:45,20.32900047,660.5512085
10/30/15 21:30,21.14749908,1023.548645
10/30/15 22:45,21.01370049,1031.821289
10/31/15 3:00,19.57620049,690.0317383
10/31/15 9:15,18.00790024,1404.562256
10/31/15 21:15,18.96279907,1016.034973
11/1/15 9:30,16.59390068,674.5623779
11/2/15 0:30,19.80060005,681.1644287
11/2/15 15:30,29.44540024,683.7700806
11/2/15 16:30,25.72949982,676.6480103
11/3/15 7:00,26.47780037,1024.742065
11/3/15 13:30,30.35540009,671.6797485
11/3/15 13:45,29.79260063,671.6797485
11/3/15 15:45,33.00230026,324.2407532
11/3/15 19:30,22.75600052,326.905426
11/3/15 21:45,23.33110046,864.2601318
11/4/15 2:00,24.8071003,664.4528809
11/4/15 9:00,23.19809914,668.6813354
11/7/15 16:30,26.19029999,668.135376
11/7/15 18:45,22.9116993,679.4092407
11/8/15 4:45,24.55249977,682.0617065
11/8/15 16:15,24.30380058,680.1424561
11/9/15 2:00,21.36339951,1046.959595
11/9/15 17:15,23.62709999,673.4428711
11/10/15 11:15,19.90399933,684.2387695
11/10/15 16:00,22.0468998,1031.096069
11/11/15 6:15,20.71820068,1009.381958
11/11/15 8:00,20.32830048,1016.017944
11/11/15 18:30,20.44120026,1019.676636
11/11/15 22:30,21.85320091,1008.72113
11/11/15 23:15,20.52339935,1021.407776
11/12/15 11:30,22.46899986,664.7253418
11/12/15 20:30,23.16049957,1021.473877
11/13/15 16:15,25.32379913,981.0684814
11/14/15 8:15,19.12809944,1070.90625
11/14/15 12:00,18.5095005,1358.812378
11/14/15 18:15,19.52029991,1367.017212
11/15/15 4:45,21.15609932,1023.454773
11/15/15 13:00,22.25650024,331.7591858
11/16/15 4:00,19.1067009,1017.271729
11/16/15 5:00,19.83580017,1408.393799
11/18/15 13:00,21.4022007,378.6117554
11/18/15 14:15,20.76889992,329.3374634
11/19/15 19:00,24.90180016,665.0845337
11/20/15 17:00,24.85020065,690.4498291
11/20/15 20:15,24.69029999,1297.081421
11/20/15 22:00,22.31419945,1391.902222
11/21/15 12:00,19.64119911,1031.155884
11/21/15 13:30,25.1718998,669.4672241
11/21/15 16:45,19.36969948,1025.130981
11/21/15 19:45,18.48679924,999.0987549
11/22/15 5:15,17.57349968,673.368042
11/22/15 6:15,19.9878006,1037.128906
11/22/15 12:15,20.14800072,1025.845215
11/22/15 23:15,16.70149994,1421.199219
11/23/15 4:00,19.87540054,1515.852661
11/24/15 3:30,19.2010994,1402.756348
11/24/15 8:00,16.17630005,1804.003906
11/24/15 9:00,18.99699974,1778.496704
11/24/15 12:30,17.18959999,1403.315674
11/24/15 17:30,20.7866993,1765.843994
11/24/15 22:15,16.45179939,1405.856323
11/25/15 12:30,18.64859962,1036.131592
11/26/15 11:00,19.03249931,674.5256958
11/26/15 19:15,15.78419971,692.8883667
11/27/15 0:30,18.6385994,688.6361084
11/27/15 3:45,18.22529984,682.6057739
11/27/15 6:30,18.67040062,697.1275024
11/27/15 7:00,21.09020042,691.5134888
11/28/15 4:00,18.95420074,1047.029297
11/29/15 15:30,19.0121994,1423.914673
11/29/15 16:45,19.5632,1424.620972
12/1/15 8:00,18.36359978,1114.376221
12/2/15 3:30,19.9878006,666.1170654
12/2/15 4:30,18.15010071,666.854187
12/2/15 5:00,20.11660004,666.6369629
12/2/15 23:45,21.26339912,1032.297974
12/3/15 2:30,23.71409988,1039.865356
12/3/15 22:30,23.73609924,1052.768921
12/4/15 18:00,24.0564003,1066.763794
12/4/15 20:30,22.72389984,1383.439331
12/5/15 7:00,19.22780037,697.4205933
12/5/15 7:30,19.80139923,1030.555664
12/5/15 20:30,18.02700043,1035.004639
12/7/15 2:30,20.1753006,1341.044556
12/8/15 3:45,20.52560043,1037.043091
12/9/15 7:45,19.1201992,1398.068359
12/10/15 4:30,19.55559921,816.0730591
12/10/15 10:45,19.01110077,933.8178711
12/10/15 17:00,25.08749962,674.0568237
12/10/15 17:45,23.26759911,692.7849731
12/10/15 23:15,27.87080002,694.828064
12/10/15 23:30,28.1385994,1026.580811
12/11/15 2:30,22.20009995,667.9759521
12/11/15 16:30,24.13220024,668.5457764
12/11/15 18:00,23.64669991,664.9085693
12/12/15 10:00,20.10079956,1017.183899
12/12/15 13:15,22.47330093,334.520752
12/13/15 3:45,17.87929916,679.4163818
12/13/15 23:45,24.86940002,344.0138245
12/14/15 5:30,19.87540054,343.9573975
12/14/15 13:15,27.71509933,327.8560791
12/14/15 15:15,29.26740074,334.020752
12/15/15 4:15,22.50270081,659.7371826
12/15/15 9:30,21.03660011,1030.367554
12/15/15 10:15,19.3614006,1040.049927
12/15/15 12:00,23.2057991,1038.2677
12/15/15 12:45,24.19370079,1062.135254
12/15/15 18:00,24.21240044,1045.997559
12/16/15 0:00,23.6678009,1014.853943
12/16/15 2:15,22.91620064,682.9581909
12/16/15 5:00,21.25200081,1041.644409
12/16/15 15:30,22.16600037,1039.611694
12/17/15 6:45,23.6678009,1039.355103
12/17/15 12:30,18.40979958,692.2425537
12/17/15 13:30,17.86849976,1024.371216
12/18/15 3:30,21.43050003,1039.5802
12/18/15 13:15,20.33060074,1403.612061
12/18/15 21:30,18.58790016,1519.49585
12/19/15 10:15,19.05870056,1408.868286
12/19/15 16:30,17.88960075,1788.469238
12/20/15 16:30,20.76889992,1403.852661
12/20/15 18:15,20.28039932,1228.954468
12/20/15 20:00,20.52269936,1049.305786
12/20/15 22:45,20.7241993,1055.651001
12/21/15 12:30,20.69070053,1265.647217
12/22/15 3:00,19.59490013,676.2595825
12/22/15 4:15,20.5685997,676.6542358
12/22/15 6:00,19.40299988,1047.902222
12/22/15 7:45,20.36899948,1045.143311
12/24/15 9:00,23.7343998,322.8955383
12/24/15 11:30,25.30380058,341.033844
12/24/15 21:45,20.71069908,698.0668335
12/25/15 6:45,19.38629913,697.9838257
12/25/15 19:00,18.01210022,678.3538818
12/25/15 22:15,20.37630081,697.3950195
12/26/15 1:30,18.00200081,1037.146484
12/26/15 13:45,22.48200035,1019.552795
12/26/15 14:45,19.34059906,690.026001
12/26/15 17:30,20.13890076,1008.427307
12/27/15 2:30,17.33060074,689.2373047
12/27/15 9:15,17.02230072,686.8015137
12/27/15 9:30,16.51510048,686.8015137
12/27/15 15:30,16.33119965,1031.377197
12/27/15 23:30,17.49860001,1333.178833
12/28/15 3:45,17.88050079,1069.705566
12/28/15 17:30,19.02319908,1411.995728
12/28/15 21:00,20.12989998,1398.454102
12/29/15 0:00,17.13540077,1422.544678
12/29/15 7:00,18.90699959,1402.80249
12/29/15 18:30,16.53300095,1061.248779
12/30/15 0:45,18.98340034,1017.594116
12/30/15 4:30,16.19610024,1040.485962
12/30/15 5:45,17.38260078,1412.373047
12/31/15 21:30,18.65130043,1411.261475
12/31/15 23:00,20.11770058,1427.329224
1/1/16 5:45,19.35630035,1774.833374
1/1/16 22:15,19.63969994,1795.615112
1/2/16 0:15,18.72520065,1411.034302
1/2/16 14:45,19.16209984,1751.33252
1/3/16 23:45,17.21859932,1830.656616
1/4/16 6:15,17.89629936,2760.602295
1/4/16 12:45,15.85239983,2678.062988
1/4/16 18:15,16.27149963,3051.044434
1/4/16 19:15,16.28730011,3025.45166
1/5/16 1:30,18.57279968,2184.546387
1/5/16 13:00,16.74419975,2545.444824
1/5/16 17:00,17.77639961,2192.169678
1/5/16 17:45,17.08119965,2217.753906
1/5/16 18:15,17.54759979,2229.13208
1/5/16 18:30,17.61190033,2595.033936
1/6/16 1:15,19.93779945,1776.079102
1/7/16 1:45,19.36630058,1412.620972
1/7/16 5:00,18.0265007,2304.297852
1/7/16 6:45,18.91300011,2618.417236
1/8/16 22:15,19.13570023,1320.80127
1/8/16 23:15,18.73480034,1404.745483
1/9/16 2:00,18.37859917,1037.695068
1/9/16 7:45,19.20770073,1023.409973
1/9/16 15:15,21.61800003,1028.703491
1/9/16 16:30,17.2432003,1034.051514
1/9/16 18:30,20.25909996,910.3418579
1/9/16 19:00,17.65390015,678.1967163
1/9/16 20:45,19.39889908,1026.938721
1/11/16 8:30,20.13890076,2640.038086
1/12/16 5:30,19.55559921,2263.32251
1/12/16 6:00,19.0121994,2480.044922
1/12/16 22:15,17.69190025,2198.089844
1/13/16 5:00,19.47949982,2265.076416
1/13/16 21:30,19.9307003,2592.425293
1/15/16 3:45,19.60820007,1401.810303
1/15/16 4:45,20.02459908,1428.018433
1/15/16 7:45,19.71310043,1800.758789
1/15/16 11:30,22.37960052,1065.358032
1/15/16 12:15,20.53499985,1050.92041
1/16/16 2:30,18.01390076,1021.893433
1/16/16 14:15,18.38459969,1040.424438
1/17/16 7:30,19.38470078,1414.535034
1/17/16 12:15,18.98340034,1433.500854
1/17/16 22:00,16.97739983,1449.071167
1/18/16 5:15,17.79739952,2622.243408
1/18/16 7:45,17.69669914,2633.145752
1/18/16 12:30,19.59490013,2559.618164
1/18/16 14:45,17.5102005,2667.054932
1/18/16 19:30,16.77300072,2258.924072
1/18/16 22:15,18.32889938,2252.978271
1/19/16 4:30,18.4701004,2240.019531
1/19/16 6:30,16.37280083,2686.348145
1/19/16 12:30,17.90169907,2558.187256
1/19/16 18:30,18.63990021,2209.933594
1/19/16 19:30,18.17320061,2182.632813
1/19/16 21:15,16.82290077,2207.024658
1/19/16 22:15,18.40979958,1830.471924
1/20/16 3:45,18.78759956,1786.851074
1/20/16 20:45,18.8640995,1939.439697
1/21/16 8:15,20.17370033,1930.607422
1/21/16 9:30,17.03560066,2272.506104
1/21/16 15:15,19.08130074,2226.421631
1/21/16 15:30,19.69820023,2075.429932
1/21/16 18:15,19.58359909,2578.287598
1/22/16 1:15,17.89629936,1804.30896
1/22/16 7:00,18.94980049,3129.042969
1/22/16 8:15,16.96590042,2685.681152
1/22/16 10:45,19.81279945,2228.505859
1/22/16 19:00,18.83679962,2218.042725
1/23/16 0:15,16.76939964,1803.04834
1/23/16 1:15,17.90169907,1789.74939
1/23/16 1:45,14.98159981,1421.820435
1/23/16 12:00,19.41399956,1638.413818
1/23/16 16:45,19.63500023,1799.542725
1/24/16 3:15,19.36870003,1817.630249
1/24/16 11:45,19.75550079,1435.294922
1/24/16 15:30,16.98870087,1790.473389
1/24/16 23:00,18.6067009,1471.066772
1/25/16 5:30,19.99449921,2395.818115
1/25/16 13:45,19.93779945,1436.883057
1/25/16 15:15,19.6432991,1802.713013
1/26/16 4:30,20.25009918,1470.983765
1/26/16 10:00,21.66090012,1403.206299
1/26/16 23:30,20.45700073,1399.953369
1/27/16 0:00,19.44639969,1382.817261
1/27/16 0:45,19.0576992,1045.181885
1/27/16 22:45,20.43530083,1811.234741
1/28/16 0:45,20.49539948,1397.198853
1/28/16 3:45,20.17370033,1788.763062
1/28/16 10:45,23.78479958,1790.175781
1/28/16 19:00,20.59980011,1783.154541
1/29/16 5:15,20.90950012,1463.14856
1/29/16 15:00,19.55559921,1866.835938
1/29/16 15:45,21.42760086,1855.385498
1/30/16 2:15,19.41909981,1775.757813
1/30/16 2:45,16.6257,1778.175415
1/31/16 10:15,17.88979912,1041.172974
1/31/16 21:30,20.97380066,683.0631714
2/1/16 8:30,18.29080009,1409.756104
2/1/16 23:15,18.50690079,1783.805298
2/2/16 0:30,20.0182991,1049.798584
2/2/16 1:15,17.47710037,1377.119629
2/2/16 1:30,18.84589958,1389.930664
2/2/16 4:00,19.06920052,1060.26416
2/2/16 20:15,20.52210045,1156.373291
2/3/16 8:30,20.15870094,1027.448364
2/3/16 12:45,20.55540085,1059.760254
2/3/16 14:30,15.99559975,1036.111572
2/3/16 14:45,18.54800034,690.2266846
2/3/16 17:15,20.15340042,681.5106812
2/5/16 4:15,18.74449921,1057.702026
2/5/16 10:45,19.93759918,1810.881592
2/5/16 17:00,20.02459908,1433.353394
2/5/16 18:45,20.62560081,1804.219238
2/5/16 19:15,20.15259933,1790.925903
2/5/16 21:15,19.55240059,1496.191772
2/6/16 7:15,19.18790054,1420.088257
2/6/16 14:00,19.29820061,1307.912476
2/6/16 18:45,19.60659981,1413.474365
2/6/16 21:45,20.59070015,1425.586548
2/7/16 2:15,20.11660004,1413.811768
2/7/16 12:00,19.44639969,1050.984375
2/7/16 13:00,17.25009918,1211.903809
2/7/16 19:00,18.69319916,1030.183594
2/7/16 20:30,16.50279999,1404.200195
2/7/16 21:00,19.30310059,1405.674683
2/7/16 21:15,18.31769943,1404.335327
2/8/16 11:15,18.0265007,1409.522827
2/8/16 12:00,19.62240028,1396.426025
2/9/16 5:45,19.26320076,1806.941284
2/9/16 19:00,20.75239944,1627.415527
2/10/16 1:00,18.2845993,1395.393677
2/10/16 12:15,18.17630005,1654.515137
2/10/16 14:30,21.55949974,1825.423584
2/10/16 18:15,19.46380043,1860.293213
2/11/16 7:00,17.80929947,2653.679443
2/11/16 11:00,18.75970078,2643.108154
2/11/16 21:15,18.96660042,2617.291748
2/12/16 0:30,20.47330093,2226.474121
2/12/16 3:15,19.1718998,2620.970459
2/12/16 4:00,18.67040062,2635.605225
2/12/16 5:45,18.63159943,2734.438477
2/12/16 19:00,19.94610024,2493.094727
2/12/16 19:15,19.00009918,2357.877686
2/12/16 22:45,21.26339912,2510.68042
2/14/16 6:30,18.62689972,3155.600342
2/14/16 13:30,16.83950043,2592.275146
2/14/16 15:00,16.8939991,2660.105225
2/14/16 17:30,18.7276001,2626.065918
2/15/16 0:00,17.38540077,2872.104736
2/16/16 11:30,18.96439934,1848.127686
2/17/16 12:15,21.60740089,1785.388794
2/17/16 18:30,20.0182991,1769.987671
2/20/16 17:15,21.64749908,381.6481018
2/20/16 18:30,22.35140038,1029.333496
2/20/16 22:15,19.52939987,1016.936096
2/21/16 12:00,19.81579971,1032.53064
2/21/16 19:45,20.2779007,1018.518799
2/22/16 19:45,22.80669975,1818.606323
2/23/16 2:30,19.85449982,1808.506104
2/23/16 20:15,26.2541008,1788.890137
2/25/16 8:45,19.7548008,1415.297852
2/25/16 13:00,30.74729919,1045.528564
2/25/16 18:00,20.15340042,1776.581177
2/26/16 13:30,22.53499985,2051.654297
2/27/16 4:00,20.58460045,1439.60083
2/27/16 7:30,19.80060005,1796.693481
2/27/16 13:00,19.68720055,1397.411011
2/27/16 19:00,20.73189926,1238.629761
2/27/16 20:15,19.6121006,1397.985229
2/28/16 4:15,21.12870026,1035.292725
2/28/16 18:30,22.06189919,323.819397
2/28/16 21:45,21.22820091,671.4304199
2/29/16 3:00,21.7439003,674.4636841
2/29/16 4:15,20.60390091,666.5620117
3/1/16 2:45,20.36899948,1783.556519
3/1/16 15:30,24.19029999,1056.683472
3/2/16 7:30,20.32939911,2127.74707
3/2/16 10:45,20.1420002,2206.463379
3/3/16 5:30,18.95549965,2212.483887
3/3/16 11:15,18.67020035,2202.536133
3/4/16 4:45,16.36989975,1841.646729
3/4/16 11:45,19.03249931,1811.495483
3/4/16 14:30,20.4022007,1799.313232
3/5/16 16:30,27.87389946,1781.336182
3/5/16 16:45,22.69330025,1801.825195
3/6/16 1:30,19.63909912,1430.151489
3/6/16 10:00,16.12210083,1788.418213
3/6/16 22:30,32.37979889,1420.455933
3/7/16 21:45,18.88850021,1040.516479
3/7/16 23:45,20.11660004,1030.637817
3/8/16 10:15,21.37610054,1029.549805
3/9/16 1:30,22.89299965,335.7953491
3/10/16 5:00,22.10230064,321.8343811
3/10/16 21:30,29.9890995,337.5259094
3/11/16 2:00,20.02050018,667.8922119
3/11/16 2:15,20.36899948,668.3873291
3/11/16 3:00,20.58169937,702.6766968
3/11/16 3:15,20.90010071,701.7711182
3/12/16 15:00,25.37260056,349.4518433
3/12/16 16:30,21.06030083,339.0896912
3/13/16 0:15,18.90449905,680.0847778
3/13/16 9:00,18.95000076,1025.151001
3/14/16 2:15,17.57110024,1024.075073
3/14/16 4:00,18.27540016,679.4967651
3/14/16 18:30,21.83709908,1058.175171
3/15/16 19:00,23.80470085,670.6129761
3/16/16 6:45,22.79770088,1063.787354
3/16/16 7:30,20.96319962,1074.693115
3/16/16 12:15,22.15010071,1040.575806
3/16/16 22:30,22.3920002,1032.006592
3/17/16 9:15,24.3302002,1021.024963
3/17/16 12:15,25.00279999,678.9751587
3/17/16 17:30,24.36689949,680.0619507
3/18/16 12:30,24.73139954,1061.406494
3/18/16 12:45,24.09000015,1166.370972
3/20/16 2:45,18.47220039,1785.240112
3/20/16 3:30,19.81500053,1433.887451
3/20/16 13:15,19.63909912,1429.926147
3/21/16 9:15,18.97179985,1820.355103
3/22/16 21:15,22.98220062,1023.286072
3/23/16 6:30,22.54990005,1384.450195
3/23/16 11:15,23.65810013,1026.433228
3/24/16 14:30,28.10460091,333.5167542
3/30/16 4:30,18.89609909,1449.516846
3/31/16 7:30,19.99010086,1039.901123
3/31/16 12:00,21.79730034,326.2257996
3/31/16 15:15,25.60779953,322.6381836
3/31/16 19:15,22.56889915,333.9883423
4/1/16 3:00,20.30800056,317.9434204
4/1/16 5:00,22.97809982,319.5982361
4/1/16 11:15,25.29990005,326.058136
4/2/16 14:30,27.08819962,1024.099365
4/3/16 10:45,29.81430054,1422.228638
4/3/16 18:15,12.44519997,1445.224365
4/4/16 14:00,22.79190063,2164.266602
4/5/16 19:45,18.34539986,1824.744141
4/6/16 4:30,16.62579918,1855.316406
4/6/16 12:30,23.93350029,1436.205444
4/7/16 10:45,17.8973999,1030.676514
4/7/16 21:00,11.21510029,1046.103516
4/8/16 17:30,17.18090057,1421.432373
4/9/16 15:15,19.99449921,1391.977051
4/10/16 3:00,17.92060089,1421.634521
4/10/16 6:45,15.99839973,1449.167603
4/10/16 13:45,19.63969994,1421.482056
4/10/16 19:15,20.93880081,1060.968628
4/10/16 20:30,20.38629913,1395.905518
4/10/16 22:00,18.4701004,1040.773926
4/11/16 5:45,18.36020088,1409.366211
4/11/16 11:00,16.77449989,1060.831421
4/11/16 15:45,19.34869957,692.5146484
4/12/16 0:30,16.35969925,691.4868774
4/12/16 22:45,22.44610024,1153.852173
4/13/16 7:45,20.41020012,1529.544922
4/13/16 19:15,22.18479919,1382.958984
4/14/16 11:30,23.6026001,1031.557739
4/14/16 19:00,22.89949989,673.9489746
4/15/16 19:45,24.07369995,348.4280701
4/16/16 1:00,14.35719967,683.7520142
4/16/16 15:00,18.54179955,331.5877686
4/17/16 23:15,16.83110046,1030.26355
4/18/16 0:45,18.65369987,681.9423828
4/18/16 2:30,17.92289925,676.3041382
4/19/16 22:30,20.96319962,1022.704834
4/21/16 3:00,22.73480034,1024.895142
4/23/16 19:45,29.72249985,673.5876465
4/24/16 7:45,11.06960011,1057.906494
4/25/16 1:30,18.13500023,1018.185913
4/25/16 15:15,24.0564003,337.734436
4/26/16 3:15,22.60379982,674.5924072
4/26/16 6:00,24.67700005,1032.553467
4/26/16 21:30,23.52980042,1389.853149
4/27/16 6:00,20.46990013,1898.52832
4/27/16 12:45,25.86650085,1036.998535
4/27/16 13:00,22.0821991,1035.693237
4/27/16 20:30,21.86310005,1527.461304
4/28/16 0:45,18.83090019,685.9394531
4/28/16 14:30,23.45249939,673.7212524
4/29/16 0:15,19.98250008,1013.828003
4/29/16 4:30,16.34379959,694.3539429
4/29/16 8:45,21.08239937,1023.516418
4/29/16 20:15,20.25909996,1028.498413
4/30/16 0:45,19.39690018,666.6447144
4/30/16 3:00,16.53310013,1038.720337
4/30/16 11:30,22.54260063,673.1305542
4/30/16 23:45,16.18040085,334.0124817
5/1/16 7:15,16.89990044,693.2727051
5/1/16 8:30,21.21829987,678.8598022
5/1/16 23:45,25.41150093,677.8203735
5/2/16 1:00,29.85339928,680.5839844
5/2/16 2:00,23.98789978,671.7006836
5/2/16 22:45,32.59489822,1375.835815
5/4/16 1:15,20.31990051,673.5197144
5/4/16 2:00,20.80859947,1022.815552
5/4/16 3:15,21.33119965,664.03479
5/4/16 18:15,36.48529816,680.6479492
5/5/16 3:00,20.27090073,665.5722656
5/5/16 4:30,16.70999908,705.3056641
5/6/16 14:30,47.99250031,1170.290649
5/7/16 6:15,16.01309967,1015.708984
5/8/16 4:15,17.44910049,682.7521973
5/8/16 8:00,16.5454998,682.4832764
5/8/16 11:45,22.11030006,682.1265869
5/9/16 0:30,19.8635006,1020.395874
5/9/16 5:45,19.6711998,1400.80127
5/10/16 0:15,17.58600044,724.6600952
5/10/16 7:30,19.5632,1039.046631
5/11/16 1:30,19.33390045,682.651001
5/11/16 3:00,20.31990051,677.7058716
5/11/16 4:00,15.78209972,1044.870972
5/12/16 7:30,21.15239906,683.6728516
5/14/16 0:30,35.86970139,339.8429565
5/14/16 6:30,16.63019943,1045.118652
5/14/16 23:00,15.92759991,675.5474243
5/15/16 5:00,18.37859917,680.074707
5/15/16 12:30,22.14669991,678.5028687
5/15/16 17:45,22.46899986,888.3057251
5/15/16 20:15,22.21419907,1041.522339
5/16/16 6:00,21.42760086,1381.249756
5/18/16 3:45,18.54179955,683.036499
5/18/16 7:15,22.53630066,1042.04126
5/20/16 3:30,18.04319954,692.5852661
5/20/16 6:30,27.08819962,1020.911499
5/21/16 9:15,30.91790009,721.0279541
5/21/16 22:30,27.71509933,328.3407593
5/21/16 23:30,28.24410057,340.8904419
5/22/16 0:45,24.73520088,1049.437866
5/22/16 6:30,24.40640068,566.6463623
5/23/16 20:45,99.7036972,331.9225159
5/24/16 17:15,131.6679993,341.1201477
5/24/16 19:00,141.6009979,337.7719421
5/25/16 3:45,25.51849937,345.5556641
5/27/16 8:00,152.0350037,337.3016357
5/30/16 9:30,110.612999,341.7573547
6/3/16 4:45,105.6029968,323.367981
6/3/16 11:00,143.9559937,681.3460693
6/3/16 15:45,141.2899933,667.3590088
6/5/16 5:30,142.7149963,327.3730774
6/5/16 18:00,119.4670029,655.5574951
6/7/16 18:45,66.98609924,340.2061462
6/8/16 5:30,19.83379936,671.6757813
6/8/16 22:00,21.25289917,328.0473938
6/9/16 3:15,19.87540054,328.8186951
6/9/16 4:15,16.48480034,671.3682861
6/11/16 12:00,133.3190002,333.6643982
6/12/16 4:30,103.7839966,345.5040894
6/12/16 12:30,57.46680069,339.1235962
6/13/16 22:45,32.55649948,675.520874
6/14/16 0:00,27.4102993,659.1713257
6/14/16 3:00,19.42130089,673.4665527
6/14/16 6:00,18.16519928,674.6565552
6/14/16 8:00,30.64550018,339.498291
6/18/16 12:30,110.4069977,329.4241028
6/18/16 15:15,118.5999985,341.354126
6/20/16 20:45,161.9149933,339.1640625
6/21/16 9:00,102.9290009,695.3248901
6/21/16 16:45,137.8589935,349.750824
6/22/16 16:15,119.6149979,672.0922241
6/24/16 20:00,129.2890015,668.345459
6/25/16 12:00,124.5240021,333.2131042
6/28/16 20:45,122.9869995,341.357605
7/9/16 23:45,131.076004,666.2476807
7/13/16 4:30,162.4859924,338.2511597
7/16/16 9:45,124.1340027,334.3887939
7/16/16 21:45,145.1609955,674.5731812
7/17/16 17:30,176.3659973,327.0948486
7/22/16 3:00,126.5810013,337.6663208
7/28/16 1:45,141.4190063,337.3551331
7/28/16 21:15,163.9839935,660.3944702
7/29/16 23:00,120.3460007,342.0906067
7/31/16 8:00,168.8950043,338.5782776
7/31/16 9:45,161.3910065,338.2585449
8/1/16 2:45,168.3300018,337.798645
8/19/16 3:30,114.0859985,340.8799133
8/27/16 5:00,113.6330032,338.1562805
9/3/16 4:15,21.13050079,329.7929382
9/5/16 4:00,65.68419647,714.0372314
9/5/16 19:30,141.5410004,325.7133484
9/10/16 2:00,167.4589996,342.0402222
9/12/16 5:30,27.94020081,683.1674805
9/15/16 13:45,112.3460007,344.684967
9/15/16 16:45,129.7070007,324.0460815
9/16/16 5:30,23.42919922,674.6655273
9/18/16 20:00,167.4589996,673.2658081
9/21/16 4:30,69.79620361,337.3630676
9/21/16 7:45,57.88980103,1442.716064
9/21/16 15:45,168.6549988,679.3988037
9/22/16 9:30,129.2590027,674.7624512
9/24/16 1:45,42.01380157,344.8727112
9/28/16 14:00,135.052002,679.3783569
9/29/16 15:45,101.4589996,683.9501343
10/2/16 5:30,61.6371994,665.0583496
10/2/16 13:30,110.612999,684.7774658
10/3/16 12:15,129.6649933,454.9743042
10/3/16 21:45,112.8359985,660.5795898
10/4/16 7:00,82.47910309,665.9404907
10/5/16 2:15,24.95000076,674.1863403
10/5/16 5:45,26.51950073,1389.795898
10/6/16 2:30,25.29520035,659.3303833
10/6/16 11:45,115.2990036,425.0926819
10/7/16 3:45,27.73069954,678.7546387
10/9/16 8:30,19.27269936,687.7557373
10/9/16 12:15,24.93390083,695.3378906
10/10/16 5:15,20.58169937,1406.821655
10/10/16 8:00,21.3871994,1422.275269
10/10/16 8:45,17.26350021,1407.691895
10/10/16 9:00,19.1201992,1406.412476
10/10/16 10:30,24.50309944,1010.864807
10/10/16 20:00,24.00239944,1023.140808
10/11/16 5:45,20.04220009,1796.245972
10/11/16 8:00,23.26939964,1621.323486
10/13/16 21:15,32.77140045,1041.61731
10/14/16 1:15,26.17849922,680.8079224
10/14/16 3:30,26.33930016,678.798584
10/15/16 7:15,20.73970032,1041.307861
10/15/16 11:45,58.28490067,686.029541
10/16/16 2:15,42.02140045,679.5924072
10/18/16 2:15,122.9869995,314.6807251
10/18/16 7:45,129.9859924,669.114502
10/20/16 17:45,135.6199951,582.8661499
10/20/16 20:00,141.2140045,668.9187012
10/21/16 18:15,31.28089905,1008.92926
10/21/16 20:00,29.80430031,1049.986694
10/22/16 0:15,20.69070053,1018.192688
10/22/16 17:45,20.91139984,1389.935913
10/22/16 23:30,20.87870026,1016.823608
10/23/16 7:45,20.46430016,1030.612915
10/23/16 11:15,27.21610069,678.1589966
10/24/16 1:15,27.93499947,1008.405945
10/24/16 4:30,21.66810036,682.4637451
10/24/16 18:30,24.16040039,1214.895752
10/27/16 12:45,22.95980072,1434.42749
10/27/16 14:00,23.62709999,1404.377686
10/28/16 5:15,19.69820023,1375.693848
10/28/16 6:00,19.99010086,1761.697266
10/30/16 9:00,25.63150024,683.0785522
10/31/16 0:15,23.39819908,1072.154175
10/31/16 10:45,23.22019959,1028.601807
10/31/16 11:00,26.59950066,1037.619507
10/31/16 15:45,26.54210091,1372.855225
11/1/16 4:15,22.11319923,1033.377563
11/1/16 9:00,23.22019959,1099.299316
11/1/16 11:45,30.66600037,1014.52179
11/1/16 18:30,39.57929993,1012.679077
11/2/16 1:30,24.8553009,340.1381226
11/3/16 19:30,37.36209869,668.2597046
11/4/16 12:00,27.75149918,1032.149414
11/4/16 15:15,30.23550034,1033.316528
11/5/16 1:15,20.59070015,1015.057617
11/5/16 9:15,22.87610054,1022.501648
11/6/16 19:00,19.98209953,1057.555786
11/8/16 2:00,24.01280022,1045.282593
11/8/16 17:00,25.6942997,344.4758606
11/8/16 17:45,24.37809944,317.216095
11/8/16 20:15,24.87940025,1063.529419
11/9/16 5:00,22.51040077,670.6245728
11/9/16 5:15,22.50979996,670.6245728
11/11/16 1:45,24.95000076,602.6468506
11/15/16 12:30,18.68300056,1021.028687
11/15/16 12:45,28.14529991,677.4106445
11/15/16 23:30,19.42970085,1036.909912
11/16/16 14:45,20.7241993,676.472229
11/17/16 7:30,19.62459946,1103.417969
11/17/16 8:00,18.65410042,1019.633789
11/17/16 9:15,18.54470062,1030.24585
11/17/16 20:00,18.19659996,1024.584961
11/17/16 23:45,19.11510086,1400.964722
11/18/16 5:45,17.1515007,1412.752441
11/18/16 8:00,18.94599915,1444.147461
11/19/16 6:00,18.93720055,692.34021
11/19/16 17:30,21.48390007,683.5161133
11/19/16 17:45,21.4022007,1029.732666
11/19/16 19:00,20.19319916,1062.343018
11/19/16 20:45,17.88629913,1377.262573
11/20/16 0:45,19.79899979,1383.473145
11/20/16 14:45,19.19799995,1715.390869
11/20/16 20:30,19.01650047,1768.201294
11/20/16 21:00,19.86779976,1422.06189
11/20/16 22:30,19.06920052,1708.822998
11/21/16 19:30,18.47900009,1826.738892
11/21/16 22:30,17.8593998,2068.391846
11/23/16 10:15,17.38260078,2124.191406
11/24/16 13:30,19.78479958,1416.414063
11/25/16 19:15,18.70599937,1032.97168
11/26/16 1:45,19.18720055,1405.64624
11/26/16 3:00,18.18560028,1385.463013
11/26/16 21:45,19.13759995,1411.166138
11/27/16 2:45,18.73480034,1389.302368
11/27/16 5:00,18.98660088,1068.554321
11/27/16 13:15,17.70730019,1387.64563
11/27/16 19:30,17.57110024,1404.309814
11/27/16 20:15,18.76370049,1187.135132
11/28/16 6:30,18.19659996,2200.79126
11/28/16 16:00,23.76580048,681.3405151
11/28/16 17:45,18.47789955,1295.624023
11/28/16 18:45,18.0265007,1391.254883
11/28/16 23:00,19.34399986,1394.933716
11/29/16 6:45,20.28039932,1383.560547
11/30/16 16:45,20.1310997,1385.074585
12/8/16 1:30,21.56459999,1373.12085
12/8/16 10:15,22.80669975,1761.282593
12/9/16 19:15,19.73690033,1857.357422
12/10/16 0:15,19.83880043,1774.943726
12/10/16 7:00,19.93779945,1763.204834
12/11/16 10:15,19.22780037,1855.007813
12/11/16 13:30,19.39259911,1774.55835
12/11/16 18:30,19.42160034,1825.53125
12/12/16 13:00,21.09980011,1763.408081
12/13/16 6:45,19.15660095,1972.721802
12/13/16 9:15,19.61109924,1794.26001
12/14/16 8:00,19.78479958,2233.21167
12/14/16 18:15,20.55739975,2192.626221
12/14/16 19:15,21.48390007,2177.177734
12/15/16 15:45,20.55310059,2587.874756
12/15/16 16:00,20.43530083,2597.8396
12/15/16 18:30,20.36650085,2678.922852
12/15/16 19:30,20.37630081,2652.468994
12/15/16 20:00,20.21199989,2655.981201
12/15/16 20:30,20.1310997,2617.905762
12/16/16 17:30,19.27400017,2237.263916
12/17/16 9:15,20.69479942,1821.001709
12/17/16 18:30,19.52149963,1782.627319
12/17/16 23:30,18.77490044,1023.416931
12/18/16 10:45,21.33119965,1794.118652
12/18/16 14:45,18.48679924,1801.8927
12/18/16 20:30,19.55330086,1883.347412
12/19/16 4:45,19.11980057,2899.274414
12/19/16 11:45,19.95420074,2270.873535
12/19/16 13:15,19.02799988,2233.616943
12/19/16 15:15,17.58600044,2055.611816
12/19/16 16:00,19.17099953,2176.684082
12/19/16 17:15,19.10639954,2361.521484
12/20/16 2:30,19.52029991,2663.937012
12/20/16 3:45,19.8635006,2619.832031
12/21/16 2:30,20.34970093,1415.256958
12/21/16 7:00,18.9803009,2833.270996
12/21/16 14:45,19.87100029,1788.028076
12/21/16 22:45,19.39690018,1792.821777
12/21/16 23:30,19.39259911,1430.520264
12/22/16 3:30,18.92239952,1426.88562
12/22/16 8:45,19.34059906,2133.703125
12/22/16 15:15,19.86779976,1796.761475
12/22/16 18:15,20.52339935,1487.624023
12/23/16 6:30,19.92060089,2178.078125
12/23/16 16:15,16.64669991,1429.625122
12/23/16 19:45,19.28079987,1762.984863
12/24/16 11:15,15.54139996,1035.775146
12/24/16 11:45,18.59550095,1027.743408
12/24/16 14:15,19.41909981,1025.937988
12/24/16 21:45,18.51650047,1407.309204
12/25/16 7:30,18.98940086,1062.214233
12/25/16 10:45,17.63209915,1074.266968
12/25/16 16:15,18.88190079,1064.656494
12/25/16 21:00,18.01460075,1641.353882
12/26/16 18:00,18.47579956,1152.763794
12/27/16 11:15,16.59129906,1367.897583
12/27/16 19:00,16.92609978,1399.104736
12/27/16 20:30,17.32729912,1396.25293
12/27/16 21:45,17.19400024,1662.815186
12/28/16 1:30,15.3203001,1382.230957
12/28/16 8:45,18.36359978,1786.282471
12/29/16 10:45,16.62129974,1418.072144
12/29/16 22:30,16.88750076,1751.859253
12/29/16 23:45,16.59390068,1392.984863
12/30/16 3:15,16.01370049,1420.537598
12/30/16 12:45,17.49780083,1422.84314
12/31/16 13:45,17.47579956,1052.333984
12/31/16 14:45,15.85239983,1399.174316
1/1/17 1:30,16.82850075,1043.423462
1/1/17 2:00,17.00930023,1062.209473
1/1/17 14:30,17.76230049,1402.420044
1/1/17 15:45,17.84749985,1037.407349
1/1/17 22:30,16.87350082,1657.36731
1/2/17 6:15,15.96109962,2050.265137
1/2/17 8:00,17.36919975,1810.340576
1/2/17 8:45,17.30590057,1418.988281
1/3/17 2:00,17.45599937,1383.273926
1/3/17 2:45,17.28109932,1373.782593
1/3/17 13:30,17.57299995,1397.180542
1/3/17 16:15,18.0788002,1409.744019
1/4/17 5:15,18.22360039,1402.645142
1/4/17 5:45,18.77510071,1441.667725
1/4/17 8:00,19.10639954,1811.256714
1/4/17 13:45,17.8682003,1393.076904
1/4/17 14:00,19.29170036,1392.844238
1/4/17 18:00,20.04590034,1811.28479
1/4/17 23:00,20.62199974,2168.333984
1/5/17 2:45,18.81679916,2156.018799
1/5/17 4:30,18.51650047,2210.44165
1/5/17 7:00,18.62789917,2645.4375
1/5/17 8:00,17.58209991,2660.232178
1/5/17 13:30,19.53470039,2104.124756
1/6/17 8:45,20.94440079,2618.388916
1/7/17 2:30,18.46969986,2192.527832
1/7/17 6:00,18.61149979,2591.598633
1/7/17 22:00,18.66819954,2209.822021
1/8/17 11:30,17.97970009,2223.940674
1/8/17 18:15,19.52179909,2391.698242
1/8/17 19:30,21.22820091,2615.510742
1/9/17 9:30,18.67040062,2654.235107
1/9/17 18:00,18.75819969,2858.707764
1/9/17 18:45,17.94829941,2655.919189
1/10/17 4:45,17.04920006,2623.338135
1/10/17 5:00,19.1711998,2626.681885
1/10/17 8:45,19.05870056,2480.584961
1/10/17 13:45,17.92869949,2233.524902
1/10/17 22:15,16.88879967,2193.904785
1/11/17 4:45,16.84679985,1767.343872
1/11/17 14:30,17.37000084,1145.722412
1/11/17 14:45,18.42580032,1024.139648
1/11/17 16:30,18.1154995,1053.303711
1/11/17 23:00,19.15579987,1215.731323
1/12/17 11:00,17.79409981,693.9192505
1/12/17 21:00,18.34700012,1040.573242
1/13/17 7:45,17.8906002,1831.023071
1/14/17 22:00,18.42720032,1799.44104
1/15/17 5:30,17.2548008,1805.43396
1/15/17 13:00,19.83799934,1797.034912
1/15/17 14:00,19.42910004,1783.834717
1/16/17 14:45,19.30310059,1406.208984
1/16/17 22:15,16.9435997,1797.208618
1/17/17 7:45,18.4571991,2179.047119
1/17/17 13:00,18.36779976,1632.000488
1/17/17 17:30,18.89609909,1411.933716
1/17/17 21:15,17.94829941,1405.502319
1/18/17 2:15,18.96439934,1062.998779
1/18/17 4:45,19.2010994,1407.905762
1/18/17 20:00,18.54450035,1418.013184
1/18/17 21:00,18.26250076,1442.501099
1/19/17 5:45,17.41699982,1442.779175
1/19/17 6:00,18.58130074,1436.39563
1/20/17 0:30,19.40789986,1398.966431
1/20/17 1:45,18.96660042,1125.276123
1/20/17 18:45,17.52490044,1397.893921
1/20/17 19:30,20.84140015,1400.371338
1/21/17 5:15,18.31220055,1011.726807
1/21/17 13:30,21.22820091,667.4295044
1/21/17 16:15,17.8593998,674.1177979
1/21/17 21:00,15.29749966,692.7259521
1/22/17 12:15,18.3355999,996.1077881
1/22/17 14:45,20.51009941,748.7608643
1/23/17 0:00,16.85810089,1073.443115
1/23/17 0:45,17.50370026,1012.869385
1/24/17 12:00,19.11420059,1780.755127
1/25/17 7:30,18.47579956,2154.956299
1/25/17 8:15,19.11510086,2155.740479
1/25/17 9:30,18.33769989,1792.258179
1/25/17 18:30,18.0114994,1450.122437
1/25/17 21:00,19.23019981,1406.093506
1/25/17 21:30,19.55800056,1402.648926
1/26/17 8:45,16.72809982,1503.31958
1/26/17 16:00,20.0034008,1315.324219
1/27/17 4:30,18.18889999,1709.078369
1/27/17 7:30,18.12849998,2175.579346
1/27/17 20:30,17.92869949,1821.630859
1/28/17 0:15,19.18619919,1706.133301
1/28/17 1:45,18.18560028,1631.355347
1/28/17 10:00,18.75970078,2159.445801
1/28/17 16:15,18.04669952,2111.542236
1/28/17 16:30,17.68499947,2131.356445
1/28/17 20:45,17.64349937,1761.998535
1/28/17 23:45,17.41679955,1675.131348
1/29/17 2:15,18.01169968,1619.379517
1/29/17 12:30,18.36020088,1729.149292
1/29/17 14:15,18.94599915,1581.94458
1/29/17 15:15,18.17690086,2108.588135
1/29/17 16:00,19.71920013,1623.886597
1/30/17 0:00,19.49600029,2728.510498
1/30/17 9:00,20.69070053,2855.249756
1/31/17 20:45,22.58720016,2603.619873
2/2/17 9:00,29.3689003,2771.418213
2/3/17 9:15,35.69169998,2966.152588
2/3/17 11:00,24.93720055,2668.860107
2/3/17 18:30,12.8125,2870.271729
2/3/17 21:30,14.27210045,2801.260742
2/4/17 9:30,13.78409958,2361.552002
2/5/17 1:00,19.94639969,2200.241699
2/5/17 5:30,15.79220009,2202.630615
2/6/17 4:15,28.14529991,2174.648682
2/7/17 13:15,17.60040092,1722.612915
2/7/17 14:00,25.44470024,1760.165771
2/7/17 20:45,18.40169907,1342.954956
2/17/17 5:15,17.15589905,3126.108154
2/17/17 6:30,19.0121994,3145.209961
2/17/17 20:15,19.33810043,3122.25708
2/18/17 6:00,18.53059959,1803.707642
2/18/17 18:45,21.15609932,561.3028564
2/18/17 20:30,20.52339935,578.2402344
2/18/17 22:00,20.21199989,560.0670166
2/19/17 9:15,18.54299927,1153.530151
2/19/17 18:00,18.66130066,570.8078003
2/19/17 18:30,20.53499985,1139.186523
2/19/17 19:30,20.11770058,574.5323486
2/20/17 7:15,18.68969917,2423.593262
2/20/17 10:45,19.73069954,1784.495728
2/20/17 13:45,17.85589981,1787.958984
2/20/17 15:30,31.45400047,1757.648682
2/21/17 15:00,21.60050011,1735.856201
2/21/17 23:30,22.94569969,1180.662964
2/22/17 3:30,22.17420006,1146.734741
2/22/17 13:15,26.68580055,576.3053589
2/27/17 20:45,15.02499962,1790.226563
2/28/17 17:00,23.52330017,556.6358032
3/1/17 5:30,22.14019966,1149.311401
3/1/17 18:45,24.95059967,557.4567871
3/3/17 1:45,19.52179909,1825.44519
3/3/17 9:15,19.10750008,2497.95752
3/3/17 18:30,22.70339966,3530.75708
3/4/17 1:30,18.71330071,2458.056641
3/4/17 17:15,18.72200012,3217.591309
3/4/17 21:00,18.17690086,3176.752197
3/5/17 18:45,16.53709984,2485.24707
3/6/17 4:45,17.79210091,3156.912354
3/6/17 10:30,18.08429909,2691.404053
3/6/17 15:30,21.4701004,1188.281982
3/6/17 22:15,20.93880081,1807.503418
3/6/17 23:45,21.58309937,1181.88916
3/8/17 2:00,18.9946003,1791.345459
3/8/17 3:15,19.89019966,1176.072876
3/8/17 5:15,24.82819939,1922.255127
3/8/17 9:30,22.29719925,1187.670532
3/8/17 15:45,22.85899925,1156.864868
3/9/17 7:00,19.73069954,2550.902588
3/9/17 13:45,19.81279945,1209.991821
3/10/17 0:30,19.38629913,1216.365723
3/10/17 10:45,20.96319962,2452.470459
3/10/17 20:00,21.01370049,3364.178955
3/10/17 20:45,20.27090073,3400.89917
3/11/17 0:30,18.9375,2478.887695
3/11/17 3:00,19.70689964,3061.318115
3/11/17 3:30,18.68499947,2555.584717
3/11/17 12:15,18.1147995,3091.239502
3/11/17 16:30,19.27179909,3182.445801
3/11/17 21:00,17.88979912,2562.206787
3/12/17 6:30,18.85269928,3225.587402
3/12/17 10:30,19.52939987,2803.060547
3/12/17 12:30,17.09449959,2797.097656
3/13/17 9:00,18.17740059,3982.159668
3/13/17 13:45,20.46430016,3124.843994
3/13/17 23:00,18.13279915,3073.988037
3/14/17 1:15,18.83679962,1839.258789
3/14/17 11:45,17.38540077,3751.895996
3/14/17 14:15,18.71260071,3364.46875
3/14/17 19:15,18.01659966,3893.669189
3/14/17 19:30,18.63170052,3228.170654
3/14/17 22:15,19.22949982,3277.407227
3/15/17 3:00,18.48320007,3168.817139
3/15/17 6:00,15.8980999,3559.197266
3/15/17 6:45,16.70149994,3910.127197
3/15/17 11:30,18.19659996,3491.788574
3/15/17 22:30,19.38220024,3129.554199
3/16/17 2:30,19.38470078,2508.364014
3/16/17 8:45,18.88850021,3209.432861
3/16/17 20:15,19.64119911,3028.890137
3/17/17 16:00,20.93090057,1747.291992
3/18/17 5:45,18.68300056,2408.227539
3/18/17 6:00,20.24570084,1824.598633
3/18/17 9:45,19.71310043,1797.910034
3/18/17 19:30,20.92639923,1817.506104
3/19/17 2:30,19.93779945,1797.326416
3/19/17 4:45,19.68650055,1758.257324
3/19/17 17:15,16.45240021,1759.980225
3/19/17 19:15,19.75550079,1655.624023
3/20/17 6:45,18.70599937,3106.459961
3/20/17 8:30,20.90500069,3130.057373
3/21/17 6:30,23.23600006,1804.49939
3/23/17 0:30,14.12139988,2494.987793
3/25/17 5:45,40.11529922,1469.689453
3/25/17 22:30,41.1792984,1783.157104
3/27/17 19:15,23.9843998,582.2268677
3/27/17 22:00,14.68459988,1161.191406
3/28/17 9:45,22.72900009,1166.024292
3/28/17 21:15,26.33169937,1879.591064
3/29/17 16:45,8.5686903,1164.27124
3/29/17 21:00,15.97280025,1777.589111
3/31/17 6:30,24.48550034,2609.866943
3/31/17 15:30,36.70669937,1411.472778
4/1/17 4:45,16.36720085,1267.710693
4/2/17 16:45,32.7641983,556.4813843
4/4/17 3:45,17.36790085,579.7694702
4/4/17 19:00,25.8404007,2181.607178
4/5/17 2:45,19.75,1147.249023
4/5/17 9:00,18.90449905,1655.586914
4/5/17 11:15,19.94639969,1157.633545
4/5/17 22:30,36.10910034,1134.973389
4/7/17 3:45,25.52149963,1352.600342
4/10/17 4:45,20.91139984,56.2083168
4/10/17 7:00,19.85199928,3524.983154
4/11/17 8:30,27.89220047,560.7930908
4/12/17 4:45,22.14669991,2169.067383
4/13/17 9:15,25.22669983,1282.140747
4/13/17 17:00,25.33180046,1156.539307
4/14/17 3:45,21.39240074,1288.455322
4/14/17 7:00,19.29820061,2348.487305
4/14/17 13:45,22.13059998,1092.692261
4/14/17 15:00,26.29980087,662.472229
4/15/17 8:15,27.54140091,549.7843018
4/16/17 22:45,24.80669975,531.6897583
4/17/17 8:30,25.0685997,548.2144165
4/17/17 16:30,32.55759811,543.581604
4/18/17 0:15,21.47069931,1141.977173
4/18/17 3:45,21.67589951,1710.666626
4/18/17 4:45,19.14719963,1155.441772
4/20/17 5:30,22.18479919,1127.818237
4/20/17 18:00,24.91119957,1695.799805
4/20/17 21:00,22.73480034,571.6812744
4/21/17 8:15,22.37109947,544.5603027
4/23/17 8:00,19.93239975,1171.033569
4/23/17 8:30,21.32909966,1759.874512
4/24/17 14:30,35.10789871,557.6481934
4/25/17 7:30,24.06329918,1121.322632
4/25/17 19:30,25.47179985,118.7669983
4/25/17 23:15,24.12520027,860.4363403
4/26/17 0:00,23.19820023,437.7984009
4/26/17 2:00,22.44120026,426.7596741
4/26/17 9:00,24.35009956,452.572113
4/26/17 23:15,94.76999664,891.784668
4/28/17 1:45,105.5820007,871.1375122
4/28/17 5:30,56.00970078,861.4048462
4/30/17 4:30,19.79899979,1080.714478
5/2/17 6:15,41.01979828,900.8926392
5/2/17 16:30,31.1916008,2067.668213
5/3/17 1:15,22.91699982,455.3395081
5/3/17 3:45,23.63459969,896.5657959
5/3/17 6:00,22.71920013,1902.045654
5/3/17 7:45,23.30369949,1368.380615
5/3/17 22:00,25.39979935,1370.100342
5/4/17 7:15,24.24090004,1813.262085
5/5/17 5:45,20.11770058,1394.22644
5/7/17 5:45,19.05870056,1368.457397
5/7/17 6:30,18.0496006,1333.291748
5/7/17 13:45,20.52389908,1395.649292
5/7/17 18:00,21.75979996,1396.761353
5/7/17 21:00,20.32830048,1392.531982
5/8/17 7:15,22.44709969,1892.137451
5/8/17 8:00,21.27680016,2474.04541
5/8/17 13:30,23.98789978,1389.966797
5/8/17 16:00,27.46080017,1388.880005
5/9/17 12:45,29.80529976,1419.773315
5/9/17 17:00,38.4496994,426.7492676
5/12/17 1:45,25.00279999,887.5733643
5/13/17 1:15,29.29459953,2526.481201
5/13/17 20:45,26.31809998,1589.232544
5/13/17 21:30,25.6942997,446.5586243
5/14/17 0:30,21.30369949,903.3479004
5/14/17 3:15,19.75600052,1419.276855
5/14/17 7:45,19.93239975,908.5929565
5/16/17 1:45,23.23600006,874.8623047
5/16/17 3:30,20.35759926,1379.94751
5/20/17 8:45,20.8390007,447.4992065
5/20/17 11:00,60.58549881,534.1511841
5/22/17 12:45,108.7900009,912.2038574
5/22/17 21:45,56.16640091,914.7644043
5/22/17 23:45,30.5734005,932.0170288
5/23/17 0:30,24.40360069,457.4043579
5/23/17 0:45,21.89679909,893.3807983
5/23/17 5:45,19.36809921,1417.723755
5/23/17 19:15,122.0879974,922.8584595
5/24/17 12:30,119.7259979,893.0643921
5/27/17 1:15,72.85479736,885.651123
5/28/17 15:00,130.4949951,1154.523071
5/29/17 22:00,100.3570023,1131.763306
6/1/17 23:15,28.71759987,1212.561279
6/2/17 2:15,18.71330071,1138.345093
6/2/17 2:45,19.15660095,794.5247803
6/2/17 3:45,19.44659996,1533.519653
6/2/17 4:15,18.64859962,562.0570679
6/3/17 1:30,20.6420002,1158.820313
6/3/17 4:15,20.11770058,1133.297852
6/3/17 6:15,19.8635006,1151.122681
6/4/17 7:45,17.85560036,588.9627075
6/6/17 3:45,53.73889923,586.7650757
6/8/17 1:15,32.55649948,615.3588257
6/19/17 17:00,209.2259979,548.4453125
6/21/17 8:15,135.052002,1157.786621
6/26/17 11:00,109.6070023,1104.185059
6/28/17 1:00,49.55580139,551.4217529
6/28/17 12:30,111.0559998,1088.79187
6/28/17 17:30,152.2850037,1107.364624
6/28/17 18:30,134.5039978,551.9159546
6/29/17 6:45,108.901001,1697.853027
7/4/17 23:30,100.4319992,544.4762573
7/5/17 8:45,119.7259979,572.173645
7/5/17 22:30,148.1320038,1103.075317
7/8/17 19:15,132.9609985,530.0697021
7/9/17 10:45,104.8259964,541.6641846
7/14/17 0:15,172.026001,552.7871704
7/15/17 7:45,123.8249969,570.6273193
7/16/17 1:45,101.3239975,554.5286255
7/28/17 22:00,84.32710266,537.1060181
7/30/17 11:00,98.04329681,1104.90332
7/30/17 16:00,137.8589935,544.8512573
7/31/17 5:30,100.4349976,538.4508667
7/31/17 9:00,177.8289948,1119.592285
7/31/17 10:45,201.3679962,902.3858032
10/8/17 9:15,174.3430023,549.8669434
10/8/17 22:45,102.9290009,531.8720093
10/12/17 3:30,26.96800041,1103.579956
10/16/17 4:45,18.16519928,1147.403564
10/16/17 6:45,26.89229965,1733.175659
10/17/17 8:30,19.72170067,2390.918945
10/17/17 10:45,24.08810043,1117.162964
10/18/17 5:30,21.49629974,1895.085815
10/18/17 6:00,21.58009911,1728.842773
10/18/17 8:15,18.9340992,1161.421997
9/12/18 8:30,132.9609985,727.0651245
9/13/18 0:30,155.2969971,714.8876343
9/13/18 9:15,194.6269989,699.8673096
9/15/18 0:15,173.9299927,355.0950012
9/17/18 23:15,115.1200027,727.5975952
9/18/18 5:30,150.5140076,707.517334
9/19/18 8:00,140.3739929,733.5506592
9/21/18 3:00,136.6909943,724.8262329
9/23/18 20:00,53.90330124,782.9987793
9/23/18 21:30,44.12680054,787.8806152
9/25/18 4:00,30.08839989,751.4381104
9/27/18 3:45,30.98509979,376.8944702
9/29/18 6:15,29.06819916,759.473999
9/30/18 0:30,19.34059906,778.4026489
9/30/18 2:30,18.79030037,762.8237915
9/30/18 8:30,20.43530083,848.0459595
10/4/18 18:00,110.1179962,744.3918457
10/4/18 18:15,116.0210037,744.3918457
10/4/18 23:45,20.6420002,782.279541
10/5/18 5:45,25.25740051,1661.651733
10/6/18 1:15,27.69560051,767.8045654
10/12/18 8:45,20.96319962,770.0496216
10/12/18 9:30,21.90970039,982.2843628
10/12/18 13:15,29.29459953,820.1243896
10/13/18 3:15,19.16460037,775.194397
10/13/18 22:45,18.51440048,1167.181396
10/18/18 13:15,33.17229843,1293.787842
10/18/18 21:00,22.43420029,1698.956543
10/19/18 10:15,24.09480095,1217.120605
10/20/18 10:45,26.5503006,1741.88623
10/20/18 21:30,16.89889908,1294.207153
10/20/18 23:00,18.27129936,834.447937
10/21/18 2:45,15.82349968,843.4320068
10/21/18 4:30,16.53300095,1242.755249
10/21/18 22:15,17.21859932,780.6431885
10/22/18 3:45,15.80609989,1352.910156
10/22/18 5:00,15.51469994,1918.321655
10/22/18 5:15,16.83889961,1916.405396
10/22/18 6:00,14.4467001,1721.934082
10/22/18 10:30,19.42259979,1896.167847
10/22/18 22:30,22.48839951,1765.622803
10/23/18 2:45,16.22710037,704.2405396
10/23/18 4:30,18.32679939,888.4030762
10/23/18 10:30,19.55559921,1321.222656
10/23/18 14:15,20.14800072,1341.50061
10/23/18 15:30,21.9151001,1317.933838
10/24/18 5:45,17.2310009,1336.85022
10/24/18 7:30,15.05360031,1533.438721
10/24/18 18:30,24.42860031,1316.136597
10/24/18 19:45,21.27680016,1650.191528
10/25/18 1:15,20.48110008,1172.621582
10/25/18 5:00,18.72520065,1787.907349
10/26/18 2:15,18.13299942,1761.314697
10/26/18 3:45,18.36770058,1269.561035
10/26/18 4:00,17.33550072,1317.772339
10/26/18 5:15,16.97109985,1548.242554
10/26/18 6:00,17.85400009,1728.053101
10/26/18 18:30,18.41469955,1286.2323
10/26/18 21:00,18.51650047,1337.240479
10/27/18 6:00,16.82480049,1048.997437
10/27/18 10:45,22.05419922,1531.294434
10/28/18 17:00,22.44930077,1440.069824
10/29/18 0:30,14.37360001,1250.639648
10/29/18 3:45,14.65120029,1307.820068
10/29/18 12:30,25.41670036,1764.619141
10/29/18 14:00,27.03210068,1180.413452
10/29/18 14:15,25.79100037,1102.114624
10/29/18 14:45,33.77959824,1480.667847
10/30/18 1:45,20.55669975,1215.433838
10/30/18 21:45,20.05520058,1730.213257
10/31/18 1:45,17.79739952,1619.35083
10/31/18 5:15,25.13879967,1576.823853
11/1/18 6:15,16.03000069,1565.16272
11/1/18 8:00,26.39699936,1322.63562
11/1/18 21:00,16.74419975,1253.788574
11/2/18 0:15,31.29899979,1195.603027
11/2/18 4:30,13.49810028,375.8876953
11/2/18 15:00,29.06279945,862.5540161
11/2/18 15:45,25.55270004,878.6045532
11/2/18 19:45,20.43709946,1101.058228
11/3/18 1:00,15.7258997,860.2805786
11/3/18 2:30,18.88850021,820.1895142
11/3/18 20:15,20.22220039,1367.613159
11/4/18 15:45,17.49329948,1060.191162
11/4/18 18:45,17.19400024,1110.473755
11/4/18 19:00,29.1814003,1089.234741
11/5/18 12:15,37.35520172,1264.468506
11/6/18 18:45,22.53630066,419.0613098
11/6/18 20:30,23.67919922,850.1533203
11/7/18 4:30,18.04199982,850.6599731
11/7/18 16:00,25.52339935,866.6947021
11/8/18 3:15,19.15579987,899.3179321
11/8/18 23:30,19.51469994,1714.182617
11/9/18 3:15,18.68250084,1620.988892
11/10/18 1:30,18.37039948,1259.354126
11/10/18 1:45,18.15189934,812.4215698
11/10/18 6:00,17.53289986,1325.939087
11/10/18 9:30,17.68090057,1352.725952
11/10/18 10:15,18.01659966,1753.909546
11/12/18 10:30,18.27190018,1928.465698
11/12/18 11:15,17.95759964,1452.194092
11/12/18 11:30,18.71159935,1352.647583
11/12/18 18:00,19.93479919,1152.861816
11/12/18 18:15,17.58130074,1187.164063
11/13/18 8:45,18.93959999,1788.582397
11/13/18 13:15,18.25419998,1721.588989
11/13/18 17:15,21.4647007,1899.157104
11/13/18 20:30,19.6121006,1798.967407
11/13/18 22:15,17.60040092,2335.350342
11/14/18 0:30,17.80369949,1235.540161
11/14/18 1:15,18.27350044,1683.278442
11/14/18 2:30,17.91559982,1217.700195
11/14/18 4:45,17.99780083,1694.49353
11/14/18 13:30,18.85180092,2309.338867
11/15/18 3:15,17.73200035,1562.891357
11/15/18 6:00,16.9048996,2078.17041
11/15/18 14:15,18.62689972,2142.749023
11/16/18 15:00,15.79220009,1872.005493
11/17/18 1:30,17.21240044,1280.762695
11/17/18 9:15,17.21419907,1403.014404
11/17/18 16:45,17.36790085,1314.247559
11/17/18 17:45,17.17869949,1955.3125
11/18/18 6:00,17.58609962,1776.30481
11/19/18 0:30,17.30590057,1427.596558
11/19/18 6:00,16.59390068,1775.166016
11/19/18 6:45,17.33060074,1893.302246
11/20/18 9:30,18.23520088,1651.955688
11/20/18 20:30,18.68499947,1808.298706
11/24/18 7:15,15.74129963,1678.50708
11/24/18 9:15,15.9350996,1794.508667
11/25/18 13:45,15.65939999,1356.626953
11/25/18 16:30,17.1875,1297.325562
11/25/18 19:15,15.95219994,1391.559937
11/26/18 2:15,16.34810066,1707.994507
11/26/18 3:45,16.17480087,1212.581543
11/26/18 12:30,15.35099983,1731.140137
11/27/18 1:00,26.23769951,1079.59436
11/28/18 19:30,14.77509975,2101.834717
11/28/18 21:30,32.67789841,1891.688599
11/29/18 5:00,18.97179985,1566.387695
11/29/18 11:45,15.91079998,1945.043701
11/29/18 19:15,15.40670013,1770.323486
11/30/18 9:00,12.79740047,1902.352905
11/30/18 9:30,14.89410019,2066.66333
11/30/18 12:15,18.90699959,1860.898438
12/1/18 1:00,14.00899982,1041.149536
12/1/18 2:15,14.50220013,1198.345337
12/1/18 2:30,15.30420017,1198.345337
12/1/18 9:00,13.65970039,1228.23584
12/1/18 22:00,14.78859997,1229.867676
12/1/18 22:30,15.89540005,1537.95459
12/2/18 12:45,18.85560036,631.062561
12/2/18 14:30,14.98159981,803.092041
12/3/18 9:45,15.54189968,1052.183838
12/3/18 11:15,14.84990025,1333.887451
12/4/18 2:15,21.56550026,1045.298096
12/4/18 13:15,17.06119919,1850.523682
12/4/18 13:45,30.20330048,2034.04187
12/4/18 17:30,17.01070023,1948.353638
12/4/18 19:00,15.48190022,2050.030518
12/4/18 20:45,16.25909996,1982.027222
12/5/18 0:15,15.59640026,1727.044556
12/5/18 0:30,14.12899971,1586.989136
12/5/18 10:30,14.84280014,2462.169678
12/7/18 1:45,17.28610039,1665.314453
12/7/18 4:00,16.44669914,1857.233765
12/7/18 5:30,13.3064003,1964.820923
12/7/18 19:15,15.1548996,2496.102539
12/8/18 2:30,14.9289999,1599.968262
12/8/18 8:15,16.01119995,1860.069946
12/8/18 12:45,13.94839954,1690.902588
12/8/18 15:30,14.37530041,1641.018433
12/8/18 19:45,18.04809952,2143.23291
12/8/18 20:30,16.53310013,1684.648315
12/9/18 17:15,15.23600006,1693.543823
12/10/18 7:00,18.42720032,2181.68042
12/10/18 10:15,14.55340004,2281.491211
12/10/18 10:45,27.60409927,2234.685547
12/10/18 16:30,14.07460022,2238.291016
12/10/18 18:00,15.92529964,1983.216187
12/12/18 1:30,11.89640045,1473.203613
12/12/18 13:30,12.78680038,2169.744385
12/13/18 5:45,17.39920044,1878.441772
12/13/18 14:15,13.24160004,1863.960083
12/15/18 4:00,18.09449959,1291.187134
12/16/18 2:00,24.80520058,1760.264648
12/16/18 2:15,24.01409912,1757.890625
12/16/18 18:15,20.38080025,1817.155762
12/17/18 19:15,13.57549953,1843.592407
12/18/18 13:15,24.18040085,2257.507324
12/18/18 22:30,11.39900017,2500.508301
12/19/18 6:30,18.97559929,2521.808838
12/20/18 19:30,21.02960014,1080.642944
12/20/18 20:15,16.82430077,1103.971069
12/21/18 3:15,12.87779999,758.0787964
12/21/18 10:15,15.39640045,684.7938843
12/21/18 12:45,18.38290024,740.4366455
12/21/18 16:45,19.94169998,861.6002808
12/21/18 18:15,18.33769989,761.4596558
12/25/18 6:45,19.09679985,1555.849731
12/25/18 11:30,14.06120014,1585.838257
12/27/18 11:30,12.32260036,1836.703491
1/2/19 15:30,20.24570084,2229.715088
1/3/19 23:00,18.63170052,1713.987793
1/4/19 21:15,12.10879993,1164.121704
1/5/19 13:00,15.17580032,1317.429321
1/6/19 2:00,13.23490047,1814.698364
1/16/19 16:15,15.57429981,2199.266357
1/16/19 18:30,13.51819992,2241.863525
1/28/19 13:45,11.71109962,2821.424561
1/29/19 5:45,13.38630009,2630.293701
1/30/19 14:15,12.27799988,3786.713135
2/4/19 16:15,16.93829918,389.147644
2/5/19 13:30,25.86339951,1222.044678
2/5/19 14:30,25.89699936,1256.034424