Data for ITHACA CORNELL UNIV, NY,,,,,
,,,,,,
Date, MaxTemperature, MinTemperature, AvgTemperature, Precipitation, Snowfall, SnowDepth
1/1/09,23,7,15,0.07,1.9,4
1/2/09,26,8,17, T,0.5,4
1/3/09,32,8,20, T,0.6,4
1/4/09,28,1,14.5,0,0,4
1/5/09,38,3,20.5,0,0,1
1/6/09,36,6,21,0,0,1
1/7/09,33,6,19.5,0.13, T,2
1/8/09,38,28,33,0.13,1.3,3
1/9/09,28,19,23.5,0,0,3
1/10/09,22,4,13,0,0,3
1/11/09,20,7,13.5,0.28,3.7,6
1/12/09,21,1,11,0.01,0.1,5
1/13/09,26,8,17,0,0,5
1/14/09,33,6,19.5,0.01,0.4,6
1/15/09,13,0,6.5,0.02,0.6,7
1/16/09,12,-13,-0.5, T, T,7
1/17/09,8,-11,-1.5,0,0,7
1/18/09,16,-9,3.5,0.06,1.2,8
1/19/09,24,16,20,0.02,2,10
1/20/09,24,-10,7,0,0, M
1/21/09,18,-1,8.5,0.03, M, M
1/22/09,22,0,11,0,0,11
1/23/09,30,11,20.5,0,0,10
1/24/09,43,15,29, T, T,8
1/25/09,15,-3,6,0,0,7
1/26/09,19,-3,8,0,0,7
1/27/09,23,2,12.5,0,0,7
1/28/09,25,4,14.5,0.19,1.8,9
1/29/09,33,16,24.5,0.2,4,13
1/30/09,28,16,22,0,0,12
1/31/09,31,11,21,0,0,11
2/1/09,25,12,18.5,0.02,0.2,10
2/2/09,45,25,35,0,0,9
2/3/09,34,8,21,0,0,9
2/4/09,30,3,16.5,0,0,8
2/5/09,14,4,9,0.04,1.5,10
2/6/09,12,-4,4,0,0,10
2/7/09,33,12,22.5,0,0,9
2/8/09,51,28,39.5,0,0,6
2/9/09,41,16,28.5,0,0,4
2/10/09,42,20,31,0,0,2
2/11/09,49,37,43,0,0,0
2/12/09,55,37,46,0.12,0,0
2/13/09,40,24,32,0.15,0.2, T
2/14/09,29,16,22.5,0,0,0
2/15/09,29,20,24.5,0,0,0
2/16/09,31,22,26.5,0,0,0
2/17/09,30,8,19,0,0,0
2/18/09,36,11,23.5,0,0,0
2/19/09,38,29,33.5,0.11,0.4,1
2/20/09,36,15,25.5,0.01, T, T
2/21/09,24,15,19.5,0,0, T
2/22/09,35,23,29,0,0,0
2/23/09,34,15,24.5,0.05,0.5,1
2/24/09,20,14,17,0.02,1,2
2/25/09,24,7,15.5,0,0,0
2/26/09,42,11,26.5,0,0,0
2/27/09,55,37,46,0,0,0
2/28/09,50,14,32,0.22,0.5,1
3/1/09,20,10,15,0,0, T
3/2/09,21,12,16.5,0,0,0
3/3/09,15,7,11, T, T, T
3/4/09,20,8,14,0.01,0.7,1
3/5/09,30,9,19.5,0,0,0
3/6/09,47,14,30.5,0.02,0,0
3/7/09,62,37,49.5,0,0,0
3/8/09,60,36,48,0.26,0,0
3/9/09,44,36,40,0.69,0,0
3/10/09,43,29,36,0.28,0,0
3/11/09,41,30,35.5,0.35,0,0
3/12/09,56,22,39,0,0,0
3/13/09,27,16,21.5,0.01, T, T
3/14/09,37,15,26,0,0,0
3/15/09,50,20,35,0,0,0
3/16/09,55,21,38,0,0,0
3/17/09,57,25,41,0,0,0
3/18/09,62,31,46.5,0,0,0
3/19/09,60,36,48,0.57,0,0
3/20/09,49,27,38,0,0,0
3/21/09,35,14,24.5,0,0,0
3/22/09,46,18,32,0,0,0
3/23/09,39,16,27.5,0.01,0,0
3/24/09,30,11,20.5,0,0,0
3/25/09,42,14,28,0,0,0
3/26/09,54,33,43.5,0,0,0
3/27/09,43,38,40.5,0.31,0,0
3/28/09,56,34,45,0,0,0
3/29/09,66,40,53,0.02,0,0
3/30/09,55,35,45,0.52,0,0
3/31/09,36,32,34,0,0,0
4/1/09,54,32,43,0,0,0
4/2/09,48,37,42.5,0,0,0
4/3/09,65,40,52.5, T,0,0
4/4/09,57,35,46,0.67,0,0
4/5/09,38,33,35.5,0.2,0,0
4/6/09,54,35,44.5,0.08,0,0
4/7/09,53,28,40.5,0.35, T, T
4/8/09,34,27,30.5,0.02,0.1, T
4/9/09,42,26,34,0,0,0
4/10/09,55,33,44,0,0,0
4/11/09,58,33,45.5,0.18,0,0
4/12/09,44,26,35,0,0,0
4/13/09,40,22,31,0,0,0
4/14/09,47,29,38,0,0,0
4/15/09,54,37,45.5,0,0,0
4/16/09,61,26,43.5,0,0,0
4/17/09,57,27,42,0,0,0
4/18/09,66,28,47,0,0,0
4/19/09,69,42,55.5,0,0,0
4/20/09,61,43,52,0,0,0
4/21/09,47,39,43,0.15,0,0
4/22/09,64,39,51.5,0.17,0,0
4/23/09,51,35,43,0.13,0,0
4/24/09,50,28,39,0.01,0,0
4/25/09,76,30,53,0,0,0
4/26/09,87,52,69.5,0,0,0
4/27/09,83,50,66.5,0,0,0
4/28/09,91,58,74.5,0,0,0
4/29/09,84,35,59.5,0.08,0,0
4/30/09,64,37,50.5,0,0,0
5/1/09,63,51,57,0.07,0,0
5/2/09,74,40,57,0.42,0,0
5/3/09,62,37,49.5, T,0,0
5/4/09,65,42,53.5,0,0,0
5/5/09,60,37,48.5,0,0,0
5/6/09,59,43,51,0.2,0,0
5/7/09,63,50,56.5,0.16,0,0
5/8/09,62,49,55.5,0.01,0,0
5/9/09,74,52,63,0.11,0,0
5/10/09,75,47,61,0.01,0,0
5/11/09,52,35,43.5,0,0,0
5/12/09,59,29,44,0,0,0
5/13/09,63,31,47,0,0,0
5/14/09,70,36,53,0.11,0,0
5/15/09,66,40,53,0.1,0,0
5/16/09,71,44,57.5,0.01,0,0
5/17/09,77,41,59,0.89,0,0
5/18/09,54,33,43.5,0,0,0
5/19/09,56,28,42,0,0,0
5/20/09,74,40,57,0,0,0
5/21/09,83,45,64,0,0,0
5/22/09,87,53,70,0,0,0
5/23/09,78,45,61.5,0,0,0
5/24/09,82,54,68,0.22,0,0
5/25/09,74,47,60.5,0,0,0
5/26/09,69,32,50.5,0,0,0
5/27/09,67,38,52.5,0.44,0,0
5/28/09,68,51,59.5,0.09,0,0
5/29/09,72,61,66.5,0.84,0,0
5/30/09,67,49,58,0.11,0,0
5/31/09,68,48,58,0.04,0,0
6/1/09,62,34,48,0,0,0
6/2/09,65,40,52.5, T,0,0
6/3/09,66,47,56.5,0,0,0
6/4/09,64,39,51.5,0,0,0
6/5/09,68,43,55.5,0,0,0
6/6/09,67,46,56.5,0.07,0,0
6/7/09,78,48,63,0.01,0,0
6/8/09,72,51,61.5,0.01,0,0
6/9/09,73,52,62.5,0.32,0,0
6/10/09,84,50,67,0,0,0
6/11/09,73,54,63.5,0,0,0
6/12/09,75,61,68,1.04,0,0
6/13/09,72,49,60.5,0.03,0,0
6/14/09,75,49,62,0.07,0,0
6/15/09,75,49,62,0,0,0
6/16/09,74,46,60,0,0,0
6/17/09,74,51,62.5,0,0,0
6/18/09,68,55,61.5,0.45,0,0
6/19/09,68,57,62.5,0.36,0,0
6/20/09,69,53,61,0.03,0,0
6/21/09,66,57,61.5,1.02,0,0
6/22/09,73,58,65.5,0.02,0,0
6/23/09,74,50,62, T,0,0
6/24/09,76,51,63.5,0,0,0
6/25/09,83,55,69,0,0,0
6/26/09,87,57,72,0.7,0,0
6/27/09,76,56,66,0.21,0,0
6/28/09,72,54,63,0.01,0,0
6/29/09,80,58,69,0.17,0,0
6/30/09,76,60,68,0.22,0,0
7/1/09,71,56,63.5,0.05,0,0
7/2/09,76,60,68,0.55,0,0
7/3/09,73,58,65.5,0.41,0,0
7/4/09,72,59,65.5,0.16,0,0
7/5/09,69,45,57,0,0,0
7/6/09,74,50,62,0,0,0
7/7/09,78,53,65.5,0.05,0,0
7/8/09,73,49,61,0.04,0,0
7/9/09,69,46,57.5,0.01,0,0
7/10/09,76,49,62.5,0,0,0
7/11/09,80,60,70,0,0,0
7/12/09,77,46,61.5,0.27,0,0
7/13/09,70,47,58.5,0,0,0
7/14/09,72,43,57.5,0,0,0
7/15/09,71,46,58.5,0,0,0
7/16/09,79,49,64,0.04,0,0
7/17/09,84,57,70.5,0,0,0
7/18/09,74,60,67,0.07,0,0
7/19/09,71,52,61.5,0,0,0
7/20/09,73,51,62,0,0,0
7/21/09,78,54,66,0,0,0
7/22/09,78,54,66,0.01,0,0
7/23/09,79,56,67.5,0.01,0,0
7/24/09,78,63,70.5,0,0,0
7/25/09,80,56,68,0.07,0,0
7/26/09,82,61,71.5,0.04,0,0
7/27/09,79,61,70,0.83,0,0
7/28/09,79,56,67.5,0,0,0
7/29/09,84,61,72.5,0,0,0
7/30/09,75,63,69,0.39,0,0
7/31/09,80,64,72,0.28,0,0
8/1/09,72,53,62.5,0.31,0,0
8/2/09,81,62,71.5,0.21,0,0
8/3/09,75,54,64.5,0.1,0,0
8/4/09,79,56,67.5,0,0,0
8/5/09,83,61,72,0,0,0
8/6/09,72,48,60,0,0,0
8/7/09,74,48,61,0,0,0
8/8/09,73,45,59,0,0,0
8/9/09,74,52,63,0.09,0,0
8/10/09,78,65,71.5,0.79,0,0
8/11/09,87,63,75,0.74,0,0
8/12/09,81,61,71,0,0,0
8/13/09,80,61,70.5, T,0,0
8/14/09,82,56,69,0,0,0
8/15/09,85,58,71.5,0,0,0
8/16/09,87,64,75.5,0,0,0
8/17/09,88,62,75,0,0,0
8/18/09,90,63,76.5,0,0,0
8/19/09,87,64,75.5,0.51,0,0
8/20/09,82,63,72.5,0,0,0
8/21/09,84,67,75.5,0.12,0,0
8/22/09,78,62,70,0.19,0,0
8/23/09,82,66,74,0.02,0,0
8/24/09,76,61,68.5,0,0,0
8/25/09,76,55,65.5,0,0,0
8/26/09,80,57,68.5,0,0,0
8/27/09,77,52,64.5,0.11,0,0
8/28/09,70,51,60.5,0,0,0
8/29/09,70,54,62,1.29,0,0
8/30/09,78,53,65.5,0.73,0,0
8/31/09,72,53,62.5,0.03,0,0
9/1/09,65,40,52.5,0,0,0
9/2/09,70,42,56,0,0,0
9/3/09,76,44,60,0,0,0
9/4/09,77,46,61.5,0,0,0
9/5/09,76,45,60.5,0,0,0
9/6/09,76,45,60.5,0,0,0
9/7/09,74,50,62,0,0,0
9/8/09,72,58,65,0,0,0
9/9/09,77,55,66,0,0,0
9/10/09,76,49,62.5,0,0,0
9/11/09,76,46,61,0,0,0
9/12/09,70,51,60.5,0.31,0,0
9/13/09,67,48,57.5,0.01,0,0
9/14/09,70,51,60.5,0,0,0
9/15/09,73,54,63.5,0,0,0
9/16/09,73,38,55.5,0,0,0
9/17/09,68,44,56,0.11,0,0
9/18/09,67,48,57.5,0,0,0
9/19/09,70,39,54.5,0,0,0
9/20/09,63,35,49,0,0,0
9/21/09,72,37,54.5,0,0,0
9/22/09,75,53,64,0,0,0
9/23/09,72,62,67,0.21,0,0
9/24/09,82,63,72.5,0.48,0,0
9/25/09,70,44,57,0,0,0
9/26/09,62,38,50,0,0,0
9/27/09,64,48,56,0.53,0,0
9/28/09,60,50,55,0.4,0,0
9/29/09,65,51,58,0.4,0,0
9/30/09,60,44,52,0.02,0,0
10/1/09,46,41,43.5,0.1,0,0
10/2/09,48,38,43,0.03,0,0
10/3/09,57,43,50,0.51,0,0
10/4/09,69,40,54.5,0.02,0,0
10/5/09,63,44,53.5,0,0,0
10/6/09,58,37,47.5,0,0,0
10/7/09,62,41,51.5,0.11,0,0
10/8/09,55,47,51,0,0,0
10/9/09,61,47,54,0.02,0,0
10/10/09,57,45,51,0.21,0,0
10/11/09,54,35,44.5,0.02,0,0
10/12/09,52,28,40,0,0,0
10/13/09,46,28,37,0.08,0,0
10/14/09,48,37,42.5,0.02,0,0
10/15/09,44,30,37,0,0,0
10/16/09,40,31,35.5,0.21,1.6,2
10/17/09,40,31,35.5, T,0,0
10/18/09,46,29,37.5,0,0,0
10/19/09,50,23,36.5,0,0,0
10/20/09,55,25,40,0,0,0
10/21/09,60,43,51.5,0,0,0
10/22/09,67,47,57,0,0,0
10/23/09,66,38,52,0.04,0,0
10/24/09,56,39,47.5,0.32,0,0
10/25/09,68,43,55.5,0.15,0,0
10/26/09,55,29,42,0,0,0
10/27/09,61,32,46.5,0,0,0
10/28/09,62,44,53,0.37,0,0
10/29/09,56,48,52,0.78,0,0
10/30/09,53,49,51,0.01,0,0
10/31/09,57,51,54,0.02,0,0
11/1/09,64,41,52.5,0.16,0,0
11/2/09,49,25,37,0,0,0
11/3/09,55,31,43,0.03,0,0
11/4/09,50,28,39,0.01,0,0
11/5/09,42,28,35,0.02,0,0
11/6/09,46,33,39.5,0.13,0,0
11/7/09,36,25,30.5,0,0,0
11/8/09,53,34,43.5,0.02,0,0
11/9/09,65,39,52,0,0,0
11/10/09,69,48,58.5,0,0,0
11/11/09,50,25,37.5,0,0,0
11/12/09,49,20,34.5,0,0,0
11/13/09,50,19,34.5,0,0,0
11/14/09,60,22,41,0.02,0,0
11/15/09,57,40,48.5,0,0,0
11/16/09,66,41,53.5,0,0,0
11/17/09,46,26,36,0,0,0
11/18/09,47,23,35,0,0,0
11/19/09,55,38,46.5,0,0,0
11/20/09,56,44,50,0.79,0,0
11/21/09,49,32,40.5, T,0,0
11/22/09,46,33,39.5,0,0,0
11/23/09,51,27,39,0,0,0
11/24/09,49,34,41.5,0,0,0
11/25/09,52,44,48,0.01,0,0
11/26/09,51,38,44.5,0.04,0,0
11/27/09,55,33,44,0.48,0,0
11/28/09,40,33,36.5,0.06,0,0
11/29/09,40,27,33.5,0,0,0
11/30/09,54,31,42.5,0.27,0,0
12/1/09,39,27,33,0.04,0,0
12/2/09,44,32,38,0,0,0
12/3/09,55,35,45,0.16,0,0
12/4/09,56,29,42.5,0.02,0,0
12/5/09,43,22,32.5,0,0,0
12/6/09,32,25,28.5,0.03,0.5,1
12/7/09,34,22,28,0,0,0
12/8/09,32,22,27,0.02,0,0
12/9/09,33,25,29,0.43,4,4
12/10/09,42,28,35,0.07,0, T
12/11/09,30,14,22,0,0, T
12/12/09,22,15,18.5, T, T, T
12/13/09,32,19,25.5,0,0, T
12/14/09,37,29,33,0.23,0,0
12/15/09,44,33,38.5,0.02,0,0
12/16/09,42,22,32,0.16,2,2
12/17/09,25,15,20,0.04,0.8,3
12/18/09,15,-5,5,0.07,2.2,5
12/19/09,23,-1,11,0,0,4
12/20/09,23,17,20,0,0,3
12/21/09,28,19,23.5, T, T,2
12/22/09,28,22,25, T, T,2
12/23/09,23,13,18, T, T,2
12/24/09,23,15,19, T, T,2
12/25/09,30,17,23.5,0,0,1
12/26/09,38,30,34,0.24,0,0
12/27/09,42,32,37,0.13,0,0
12/28/09,42,27,34.5,0.05,1,1
12/29/09,28,8,18,0.07,1.2,2
12/30/09,22,8,15,0.02,0.4,2
12/31/09,28,22,25, T, T,2
1/1/10,31,25,28,0.22,2.5,4
1/2/10,33,14,23.5,0.18,4.5,8
1/3/10,14,10,12,0.11,2,9
1/4/10,14,11,12.5,0.06,1.2,8
1/5/10,17,13,15,0.03,1.1,9
1/6/10,21,16,18.5,0.05,1.3,9
1/7/10,24,18,21,0.01,0.1,8
1/8/10,28,19,23.5,0.05,1,8
1/9/10,19,11,15,0.14,5.1,13
1/10/10,15,4,9.5, T,0.2,11
1/11/10,23,-3,10,0,0,9
1/12/10,30,-3,13.5,0.1,1.9,11
1/13/10,21,18,19.5,0.02,0.7,9
1/14/10,35,15,25,0,0,8
1/15/10,39,19,29,0,0,7
1/16/10,39,33,36, T,0,7
1/17/10,44,19,31.5,0,0,7
1/18/10,38,22,30,0.36,0,5
1/19/10,37,30,33.5,0.06,1.1,6
1/20/10,32,27,29.5,0.07,0.9,6
1/21/10,32,14,23,0,0,6
1/22/10,31,7,19,0,0,5
1/23/10,35,6,20.5,0,0,4
1/24/10,37,19,28,0,0,3
1/25/10,54,33,43.5,0.28,0,0
1/26/10,54,26,40,0.85,0,0
1/27/10,34,27,30.5,0,0,0
1/28/10,33,24,28.5,0,0,0
1/29/10,35,8,21.5,0.01,0.1, T
1/30/10,14,-1,6.5,0.05,0.6,1
1/31/10,11,-6,2.5,0,0, T
2/1/10,24,-2,11,0,0, T
2/2/10,29,10,19.5,0,0, T
2/3/10,28,10,19,0.1,1,1
2/4/10,31,11,21,0.04, T,1
2/5/10,29,9,19,0,0,1
2/6/10,30,14,22,0,0,1
2/7/10,21,7,14, T, T,1
2/8/10,20,14,17,0.06,0.8,2
2/9/10,26,16,21,0,0,1
2/10/10,29,19,24,0.18,2,2
2/11/10,29,18,23.5,0.14,1.8,4
2/12/10,28,18,23,0,0,4
2/13/10,29,15,22,0.02,0.5,4
2/14/10,26,20,23,0.01,0.1,4
2/15/10,30,26,28,0.03,0.4,4
2/16/10,37,23,30,0.05,0.8,4
2/17/10,27,23,25,0.06,1.2,5
2/18/10,29,24,26.5,0.3,4.2,9
2/19/10,32,27,29.5,0.06,1.2,8
2/20/10,35,29,32, T, T,7
2/21/10,36,28,32,0,0,7
2/22/10,34,4,19,0,0,6
2/23/10,38,10,24,0.05,0.7,7
2/24/10,36,29,32.5,0.08,0.6,6
2/25/10,33,27,30,0.26,3,9
2/26/10,28,20,24,1.03,18,23
2/27/10,31,24,27.5,0.2,3.7,24
2/28/10,32,31,31.5,0.35,2.4,25
3/1/10,32,31,31.5,0.05,0.2,19
3/2/10,35,30,32.5,0.03, T,18
3/3/10,36,29,32.5,0.08,1,17
3/4/10,34,22,28,0.05,0,16
3/5/10,35,13,24,0,0,15
3/6/10,36,6,21,0,0,14
3/7/10,40,13,26.5,0,0,13
3/8/10,49,21,35,0,0,13
3/9/10,49,22,35.5,0,0,11
3/10/10,52,23,37.5,0,0,10
3/11/10,54,30,42,0,0,8
3/12/10,58,41,49.5,0,0,3
3/13/10,47,40,43.5, T,0,0
3/14/10,45,37,41,0.17,0,0
3/15/10,47,35,41,0.05,0,0
3/16/10,44,27,35.5,0,0,0
3/17/10,54,25,39.5,0,0,0
3/18/10,59,28,43.5,0,0,0
3/19/10,64,29,46.5,0,0,0
3/20/10,64,30,47,0,0,0
3/21/10,56,28,42,0,0,0
3/22/10,55,32,43.5,0,0,0
3/23/10,45,35,40,0.72,0,0
3/24/10,48,33,40.5,0.11,0,0
3/25/10,53,27,40,0,0,0
3/26/10,57,22,39.5,0.45,0.1, T
3/27/10,30,14,22,0,0,0
3/28/10,46,18,32,0,0,0
3/29/10,47,33,40,0.18,0,0
3/30/10,49,34,41.5,0,0,0
3/31/10,38,34,36,0.9,0,0
4/1/10,56,32,44,0.01,0,0
4/2/10,75,35,55,0,0,0
4/3/10,83,58,70.5,0,0,0
4/4/10,82,43,62.5,0,0,0
4/5/10,64,38,51,0,0,0
4/6/10,77,43,60, T,0,0
4/7/10,74,47,60.5,0.11,0,0
4/8/10,81,45,63,0,0,0
4/9/10,82,38,60,0.32,0,0
4/10/10,44,32,38,0,0,0
4/11/10,58,37,47.5,0,0,0
4/12/10,60,28,44,0,0,0
4/13/10,54,35,44.5,0,0,0
4/14/10,58,26,42,0,0,0
4/15/10,61,33,47,0,0,0
4/16/10,66,39,52.5,0,0,0
4/17/10,77,41,59,0.38,0,0
4/18/10,43,35,39,0.1,0,0
4/19/10,52,29,40.5,0.03,0,0
4/20/10,56,29,42.5,0,0,0
4/21/10,63,35,49,0,0,0
4/22/10,67,37,52,0,0,0
4/23/10,52,27,39.5,0,0,0
4/24/10,55,27,41,0,0,0
4/25/10,66,35,50.5,0.17,0,0
4/26/10,51,47,49,0.43,0,0
4/27/10,51,35,43,0.67,0,0
4/28/10,45,33,39,0.06, T,0
4/29/10,53,27,40,0,0,0
4/30/10,63,40,51.5,0,0,0
5/1/10,77,49,63,0,0,0
5/2/10,85,60,72.5,0.01,0,0
5/3/10,81,65,73,0.01,0,0
5/4/10,73,47,60,0.08,0,0
5/5/10,69,41,55,0.02,0,0
5/6/10,79,54,66.5,0.62,0,0
5/7/10,66,35,50.5,0,0,0
5/8/10,63,44,53.5,0.36,0,0
5/9/10,63,33,48,0.04, T, T
5/10/10,42,27,34.5, T, T,0
5/11/10,52,27,39.5,0,0,0
5/12/10,52,36,44,0.7,0,0
5/13/10,46,33,39.5,0.01,0,0
5/14/10,60,40,50,0.3,0,0
5/15/10,79,52,65.5,0,0,0
5/16/10,63,50,56.5,0,0,0
5/17/10,65,36,50.5,0,0,0
5/18/10,71,45,58,0,0,0
5/19/10,56,49,52.5,0.22,0,0
5/20/10,66,45,55.5,0,0,0
5/21/10,81,48,64.5,0,0,0
5/22/10,83,53,68,0,0,0
5/23/10,78,62,70,0,0,0
5/24/10,76,55,65.5,0,0,0
5/25/10,79,55,67,0,0,0
5/26/10,85,54,69.5,0,0,0
5/27/10,87,57,72,0,0,0
5/28/10,86,56,71,0,0,0
5/29/10,81,56,68.5,0.02,0,0
5/30/10,80,50,65,0,0,0
5/31/10,80,55,67.5,0,0,0
6/1/10,88,65,76.5,0.33,0,0
6/2/10,77,50,63.5,0.01,0,0
6/3/10,83,56,69.5,0.06,0,0
6/4/10,76,59,67.5,0.02,0,0
6/5/10,78,63,70.5,0.26,0,0
6/6/10,81,59,70,0.73,0,0
6/7/10,75,43,59,0.14,0,0
6/8/10,66,41,53.5,0,0,0
6/9/10,66,44,55,0,0,0
6/10/10,63,51,57,0.5,0,0
6/11/10,70,46,58, T,0,0
6/12/10,76,52,64,0.01,0,0
6/13/10,84,64,74,0.23,0,0
6/14/10,69,63,66,0.2,0,0
6/15/10,74,50,62,0,0,0
6/16/10,76,53,64.5,0,0,0
6/17/10,74,57,65.5,0.26,0,0
6/18/10,67,47,57,0.02,0,0
6/19/10,81,53,67,0,0,0
6/20/10,84,67,75.5,0,0,0
6/21/10,81,58,69.5,0,0,0
6/22/10,78,54,66,0,0,0
6/23/10,74,64,69,0.07,0,0
6/24/10,86,70,78,0.01,0,0
6/25/10,82,58,70,0,0,0
6/26/10,80,53,66.5,0,0,0
6/27/10,74,62,68,0,0,0
6/28/10,86,68,77,0.56,0,0
6/29/10,78,63,70.5,0.23,0,0
6/30/10,72,42,57,0,0,0
7/1/10,69,53,61,0,0,0
7/2/10,69,43,56,0,0,0
7/3/10,74,48,61,0,0,0
7/4/10,87,56,71.5,0,0,0
7/5/10,89,59,74,0,0,0
7/6/10,94,66,80,0,0,0
7/7/10,93,64,78.5,0,0,0
7/8/10,91,64,77.5,0,0,0
7/9/10,93,71,82,0,0,0
7/10/10,88,68,78,1.41,0,0
7/11/10,80,55,67.5,0,0,0
7/12/10,82,59,70.5,0,0,0
7/13/10,85,66,75.5,0.1,0,0
7/14/10,81,67,74, T,0,0
7/15/10,79,60,69.5,0,0,0
7/16/10,86,64,75,0,0,0
7/17/10,85,61,73,0,0,0
7/18/10,91,67,79,0,0,0
7/19/10,83,67,75,0,0,0
7/20/10,85,60,72.5,0.02,0,0
7/21/10,81,62,71.5,0.01,0,0
7/22/10,82,56,69,0.34,0,0
7/23/10,80,63,71.5,0.16,0,0
7/24/10,82,64,73,0.63,0,0
7/25/10,89,69,79,0.41,0,0
7/26/10,76,54,65,0.11,0,0
7/27/10,79,54,66.5,0,0,0
7/28/10,83,58,70.5,0,0,0
7/29/10,85,68,76.5,0.03,0,0
7/30/10,76,51,63.5,0,0,0
7/31/10,74,48,61,0,0,0
8/1/10,79,54,66.5,0,0,0
8/2/10,80,65,72.5,0.07,0,0
8/3/10,81,66,73.5,0,0,0
8/4/10,86,67,76.5,0.13,0,0
8/5/10,88,70,79,0.11,0,0
8/6/10,85,63,74,0.37,0,0
8/7/10,74,51,62.5,0,0,0
8/8/10,76,53,64.5,0,0,0
8/9/10,85,63,74,0,0,0
8/10/10,86,67,76.5,0.14,0,0
8/11/10,85,63,74,0,0,0
8/12/10,85,64,74.5,0,0,0
8/13/10,72,54,63,0.03,0,0
8/14/10,80,61,70.5,0,0,0
8/15/10,79,66,72.5,0.01,0,0
8/16/10,74,67,70.5,0.03,0,0
8/17/10,85,54,69.5,0.02,0,0
8/18/10,80,59,69.5,0,0,0
8/19/10,82,61,71.5,0,0,0
8/20/10,84,61,72.5,0.02,0,0
8/21/10,76,51,63.5,0,0,0
8/22/10,78,63,70.5,0.89,0,0
8/23/10,66,60,63,1.97,0,0
8/24/10,71,57,64,0.42,0,0
8/25/10,70,57,63.5,0.01,0,0
8/26/10,71,58,64.5,0.01,0,0
8/27/10,69,46,57.5,0,0,0
8/28/10,71,47,59,0,0,0
8/29/10,81,51,66,0,0,0
8/30/10,84,53,68.5,0,0,0
8/31/10,87,56,71.5,0,0,0
9/1/10,89,61,75,0,0,0
9/2/10,89,60,74.5,0,0,0
9/3/10,90,64,77,0,0,0
9/4/10,87,55,71,0,0,0
9/5/10,68,52,60,0.01,0,0
9/6/10,66,47,56.5,0,0,0
9/7/10,76,55,65.5,0,0,0
9/8/10,87,59,73,0.14,0,0
9/9/10,65,55,60,0.01,0,0
9/10/10,57,54,55.5,0.1,0,0
9/11/10,65,43,54,0.03,0,0
9/12/10,72,46,59,0.02,0,0
9/13/10,62,52,57,0.05,0,0
9/14/10,73,47,60,0.31,0,0
9/15/10,65,48,56.5,0,0,0
9/16/10,61,41,51,0,0,0
9/17/10,63,49,56,0.54,0,0
9/18/10,57,47,52,0,0,0
9/19/10,71,50,60.5,0,0,0
9/20/10,62,40,51, T,0,0
9/21/10,63,35,49,0,0,0
9/22/10,73,46,59.5,0,0,0
9/23/10,76,49,62.5,0.02,0,0
9/24/10,75,50,62.5,0,0,0
9/25/10,89,62,75.5,0,0,0
9/26/10,71,49,60,0,0,0
9/27/10,62,46,54,0,0,0
9/28/10,69,52,60.5,0.53,0,0
9/29/10,77,52,64.5,0.33,0,0
9/30/10,66,53,59.5,0.19,0,0
10/1/10,64,55,59.5,3.78,0,0
10/2/10,61,47,54,0,0,0
10/3/10,60,33,46.5,0,0,0
10/4/10,59,38,48.5, T,0,0
10/5/10,48,45,46.5,0.41,0,0
10/6/10,51,47,49,0.21,0,0
10/7/10,62,50,56,0.63,0,0
10/8/10,64,39,51.5, T,0,0
10/9/10,71,41,56,0,0,0
10/10/10,59,29,44,0,0,0
10/11/10,68,32,50,0,0,0
10/12/10,64,40,52,0.11,0,0
10/13/10,56,29,42.5,0,0,0
10/14/10,63,32,47.5,0,0,0
10/15/10,51,35,43,0.17,0,0
10/16/10,48,44,46,0.61,0,0
10/17/10,55,33,44,0,0,0
10/18/10,59,37,48,0,0,0
10/19/10,52,29,40.5,0.04,0,0
10/20/10,54,35,44.5,0,0,0
10/21/10,60,36,48,0.02,0,0
10/22/10,50,37,43.5,0.06,0,0
10/23/10,46,30,38, T,0,0
10/24/10,58,39,48.5,0.1,0,0
10/25/10,62,52,57, T,0,0
10/26/10,66,54,60,0.35,0,0
10/27/10,72,51,61.5,0.51,0,0
10/28/10,70,51,60.5,0,0,0
10/29/10,62,43,52.5,0,0,0
10/30/10,46,30,38,0.01,0,0
10/31/10,51,35,43,0.01,0,0
11/1/10,42,33,37.5,0.02,0,0
11/2/10,36,23,29.5,0,0,0
11/3/10,45,24,34.5,0,0,0
11/4/10,51,24,37.5,0.02,0,0
11/5/10,44,39,41.5,0.46,0,0
11/6/10,41,34,37.5,0.17,0,0
11/7/10,40,23,31.5,0.01,0,0
11/8/10,42,27,34.5,0,0,0
11/9/10,42,34,38,0,0,0
11/10/10,42,37,39.5,0.01,0,0
11/11/10,50,24,37,0,0,0
11/12/10,56,23,39.5,0,0,0
11/13/10,65,28,46.5,0,0,0
11/14/10,64,30,47,0,0,0
11/15/10,61,42,51.5,0.01,0,0
11/16/10,52,36,44,0,0,0
11/17/10,55,39,47,0.86,0,0
11/18/10,51,32,41.5,0.01,0,0
11/19/10,48,31,39.5,0.04, T,0
11/20/10,42,30,36,0.02, T,0
11/21/10,49,24,36.5,0,0,0
11/22/10,46,27,36.5,0,0,0
11/23/10,55,46,50.5,0.16,0,0
11/24/10,62,34,48,0.03, T,0
11/25/10,38,25,31.5,0,0,0
11/26/10,41,30,35.5,0.27,0,0
11/27/10,38,29,33.5,0,0,0
11/28/10,36,30,33,0,0,0
11/29/10,38,24,31,0,0,0
11/30/10,45,30,37.5,0,0,0
12/1/10,58,45,51.5,0.5,0,0
12/2/10,58,23,40.5,1.72,0.4, T
12/3/10,31,22,26.5, T, T, T
12/4/10,34,22,28,0.04,0.4,1
12/5/10,31,21,26,0.04,1.2,2
12/6/10,28,21,24.5,0.02,0.4,2
12/7/10,25,22,23.5, T, T,2
12/8/10,26,19,22.5, T, T,2
12/9/10,24,14,19,0,0,1
12/10/10,21,3,12,0,0,1
12/11/10,31,18,24.5,0.01,0,1
12/12/10,40,25,32.5,0.05,0,0
12/13/10,49,30,39.5,0.19, T, T
12/14/10,30,11,20.5,0.01,0.3, T
12/15/10,17,11,14, T, T, T
12/16/10,22,15,18.5, T, T, T
12/17/10,28,17,22.5, T, T, T
12/18/10,31,23,27,0,0,0
12/19/10,32,6,19,0,0,0
12/20/10,31,7,19,0.01, T, T
12/21/10,26,22,24,0.07,1.5,2
12/22/10,25,23,24,0,0,2
12/23/10,25,22,23.5,0.15,1.2,4
12/24/10,25,22,23.5,0.09,2,4
12/25/10,25,22,23.5,0.02,0.2,4
12/26/10,24,15,19.5,0,0,4
12/27/10,18,14,16,0.02,3.2,7
12/28/10,27,15,21,0.04,2,5
12/29/10,31,26,28.5,0,0,4
12/30/10,31,8,19.5, T, T,4
12/31/10,39,11,25,0,0,3
1/1/11,48,38,43, T,0,1
1/2/11,51,33,42,0.12,0,0
1/3/11,34,22,28, T, T, T
1/4/11,29,22,25.5,0,0,0
1/5/11,38,28,33, T, T, T
1/6/11,29,13,21, T, T,0
1/7/11,27,13,20,0.03,0.5,1
1/8/11,24,8,16,0.06,1,2
1/9/11,22,6,14,0.09,1,3
1/10/11,23,18,20.5,0,0,3
1/11/11,23,18,20.5, T,0.1,3
1/12/11,26,18,22,0.18,2.8,6
1/13/11,21,10,15.5,0.13,6,9
1/14/11,17,10,13.5,0.03,1.2,9
1/15/11,25,5,15,0,0,7
1/16/11,29,16,22.5,0.02,0.5,7
1/17/11,22,-6,8,0,0,7
1/18/11,29,-4,12.5,0.05,0.7,8
1/19/11,35,27,31,0.04,0.3,8
1/20/11,30,11,20.5,0.03,0.3,7
1/21/11,23,11,17,0.27,5.5,11
1/22/11,21,-10,5.5,0.02,0.4,11
1/23/11,21,-6,7.5,0.01,0.7,10
1/24/11,10,-14,-2,0.01,0.2,10
1/25/11,24,-15,4.5,0.01,1,10
1/26/11,30,24,27,0,0,9
1/27/11,35,25,30,0.04,0.7,10
1/28/11,31,22,26.5,0.03,0.3,9
1/29/11,30,22,26,0.05,0.3,9
1/30/11,28,21,24.5,0.06,0.3,10
1/31/11,28,6,17,0.03,0.8,10
2/1/11,18,6,12,0.32,2.4,12
2/2/11,32,17,24.5,0.45,3,13
2/3/11,40,15,27.5,0.05,0.2,13
2/4/11,27,1,14,0,0,13
2/5/11,34,17,25.5,0,0,12
2/6/11,34,26,30,0.65,1.3,13
2/7/11,35,27,31, T, T,12
2/8/11,36,17,26.5,0.29,0.7,13
2/9/11,18,-3,7.5, T, T,13
2/10/11,29,3,16,0,0,12
2/11/11,18,-14,2,0,0,12
2/12/11,28,-12,8,0,0,12
2/13/11,31,11,21,0.02, T,12
2/14/11,47,22,34.5,0,0,12
2/15/11,49,13,31,0.05,0.7,11
2/16/11,27,8,17.5,0,0,11
2/17/11,42,26,34,0,0,11
2/18/11,54,34,44,0,0,8
2/19/11,59,21,40,0.03,3,4
2/20/11,24,14,19,0.12,3.8,8
2/21/11,28,15,21.5,0.31,3.5,11
2/22/11,19,-3,8,0,0,11
2/23/11,18,-8,5,0,0,10
2/24/11,35,-5,15,0,0,9
2/25/11,38,27,32.5,0.3,2.5,11
2/26/11,31,3,17,0.44,6,16
2/27/11,31,12,21.5,0.06,0.6,12
2/28/11,41,31,36,0.61,0,12
3/1/11,47,24,35.5,0.01,0,10
3/2/11,36,24,30,0,0,9
3/3/11,38,3,20.5,0,0,9
3/4/11,26,8,17,0,0,9
3/5/11,41,25,33,0,0,9
3/6/11,51,31,41,0.5,0, T
3/7/11,31,18,24.5,1.29,15,15
3/8/11,28,4,16,0,0,14
3/9/11,38,12,25,0,0,12
3/10/11,38,31,34.5,0.07,0,9
3/11/11,48,37,42.5,0.68,0,0
3/12/11,41,30,35.5,0.04,0.7,1
3/13/11,45,34,39.5,0.01,0,0
3/14/11,36,28,32,0.04,0.1, T
3/15/11,33,21,27,0,0,0
3/16/11,49,25,37,0.04,0,0
3/17/11,49,26,37.5,0.01,0,0
3/18/11,60,28,44,0,0,0
3/19/11,60,32,46,0,0,0
3/20/11,35,18,26.5, T, T, T
3/21/11,45,20,32.5,0.43,0,0
3/22/11,45,32,38.5,0.07,0,0
3/23/11,37,29,33,0.11,1,1
3/24/11,32,23,27.5,0.29,2.5,3
3/25/11,32,20,26, T, T,1
3/26/11,28,17,22.5, T, T,1
3/27/11,28,15,21.5,0,0,0
3/28/11,30,15,22.5,0,0,0
3/29/11,35,20,27.5,0,0,0
3/30/11,41,20,30.5,0,0,0
3/31/11,50,23,36.5,0.04,0,0
4/1/11,39,33,36,0.06,0,0
4/2/11,38,28,33,0.05,0,0
4/3/11,50,27,38.5,0,0,0
4/4/11,50,27,38.5,0.31,0,0
4/5/11,63,37,50,1.03,0,0
4/6/11,37,28,32.5,0.28, T, T
4/7/11,43,31,37,0.11,0,0
4/8/11,51,28,39.5,0,0,0
4/9/11,47,31,39,0,0,0
4/10/11,57,44,50.5,0,0,0
4/11/11,61,46,53.5,0,0,0
4/12/11,78,42,60,0,0,0
4/13/11,58,42,50,0.62,0,0
4/14/11,46,40,43,0.5,0,0
4/15/11,54,26,40,0,0,0
4/16/11,54,33,43.5,0.02,0,0
4/17/11,47,37,42,1.04,0,0
4/18/11,52,31,41.5,0.02,0,0
4/19/11,48,34,41,0.06,0,0
4/20/11,50,35,42.5,0.29,0,0
4/21/11,72,36,54,0.07,0,0
4/22/11,43,27,35,0.02,0,0
4/23/11,47,30,38.5,0.63,0,0
4/24/11,60,41,50.5,0.09,0,0
4/25/11,52,44,48,0.14,0,0
4/26/11,60,46,53,0.35,0,0
4/27/11,83,58,70.5,0.51,0,0
4/28/11,78,63,70.5,1.2,0,0
4/29/11,73,41,57,0,0,0
4/30/11,51,41,46,0.01,0,0
5/1/11,58,37,47.5,0,0,0
5/2/11,63,52,57.5,0.05,0,0
5/3/11,64,44,54,0.04,0,0
5/4/11,47,39,43,0.67,0,0
5/5/11,47,32,39.5,0.05,0,0
5/6/11,56,32,44,0,0,0
5/7/11,67,43,55,0.01,0,0
5/8/11,62,35,48.5,0.06,0,0
5/9/11,63,37,50,0,0,0
5/10/11,62,34,48,0,0,0
5/11/11,67,37,52,0,0,0
5/12/11,74,44,59,0,0,0
5/13/11,79,54,66.5,0,0,0
5/14/11,73,60,66.5,0,0,0
5/15/11,66,58,62,0.02,0,0
5/16/11,62,45,53.5,1.44,0,0
5/17/11,50,44,47,0.47,0,0
5/18/11,63,45,54,0.35,0,0
5/19/11,71,56,63.5,0.13,0,0
5/20/11,69,54,61.5,0.65,0,0
5/21/11,69,52,60.5,0.01,0,0
5/22/11,75,53,64,0,0,0
5/23/11,71,60,65.5,0.01,0,0
5/24/11,72,61,66.5,0.39,0,0
5/25/11,76,48,62, T,0,0
5/26/11,75,52,63.5,0.16,0,0
5/27/11,85,60,72.5,0.4,0,0
5/28/11,76,62,69,0.71,0,0
5/29/11,77,63,70, T,0,0
5/30/11,84,65,74.5,0.55,0,0
5/31/11,83,62,72.5,0,0,0
6/1/11,89,67,78,0,0,0
6/2/11,86,51,68.5,0,0,0
6/3/11,64,40,52,0,0,0
6/4/11,67,45,56,0,0,0
6/5/11,66,53,59.5,0.07,0,0
6/6/11,74,49,61.5,0,0,0
6/7/11,80,51,65.5,0,0,0
6/8/11,84,60,72,0,0,0
6/9/11,92,68,80,0,0,0
6/10/11,89,58,73.5,0,0,0
6/11/11,73,59,66,0,0,0
6/12/11,79,63,71,0.67,0,0
6/13/11,71,52,61.5,0.01,0,0
6/14/11,69,53,61,0.04,0,0
6/15/11,58,42,50,0.09,0,0
6/16/11,79,49,64,0,0,0
6/17/11,78,54,66,0.09,0,0
6/18/11,75,56,65.5,0.02,0,0
6/19/11,79,51,65,0,0,0
6/20/11,74,47,60.5,0,0,0
6/21/11,80,53,66.5,0,0,0
6/22/11,83,64,73.5,0.08,0,0
6/23/11,82,67,74.5,0.03,0,0
6/24/11,85,65,75,0.01,0,0
6/25/11,78,63,70.5,0.21,0,0
6/26/11,71,56,63.5,0.03,0,0
6/27/11,69,54,61.5,0.01,0,0
6/28/11,80,59,69.5,0,0,0
6/29/11,83,55,69,1.23,0,0
6/30/11,69,54,61.5, T,0,0
7/1/11,75,46,60.5,0,0,0
7/2/11,78,51,64.5,0,0,0
7/3/11,85,61,73,0,0,0
7/4/11,84,58,71,0,0,0
7/5/11,82,50,66,0,0,0
7/6/11,85,50,67.5,0,0,0
7/7/11,88,61,74.5,0.27,0,0
7/8/11,80,59,69.5,0,0,0
7/9/11,81,59,70,0.01,0,0
7/10/11,78,52,65,0,0,0
7/11/11,86,61,73.5,0,0,0
7/12/11,89,69,79, T,0,0
7/13/11,87,61,74,0,0,0
7/14/11,78,49,63.5,0.02,0,0
7/15/11,80,49,64.5,0,0,0
7/16/11,83,53,68,0,0,0
7/17/11,87,63,75,0,0,0
7/18/11,91,66,78.5,0,0,0
7/19/11,87,64,75.5,1.12,0,0
7/20/11,85,63,74,0,0,0
7/21/11,91,65,78,0,0,0
7/22/11,98,74,86,0,0,0
7/23/11,94,71,82.5,0,0,0
7/24/11,91,73,82,0.02,0,0
7/25/11,84,59,71.5,0,0,0
7/26/11,84,60,72,0.42,0,0
7/27/11,82,62,72,0.01,0,0
7/28/11,80,56,68,0,0,0
7/29/11,76,59,67.5,0,0,0
7/30/11,85,61,73,0.12,0,0
7/31/11,83,55,69,0,0,0
8/1/11,84,62,73,0.01,0,0
8/2/11,87,54,70.5,0,0,0
8/3/11,84,59,71.5,0,0,0
8/4/11,72,63,67.5,0.19,0,0
8/5/11,80,59,69.5,0,0,0
8/6/11,84,64,74,0,0,0
8/7/11,73,68,70.5,0.21,0,0
8/8/11,83,68,75.5,0.31,0,0
8/9/11,80,60,70,0.01,0,0
8/10/11,77,60,68.5,0.15,0,0
8/11/11,78,51,64.5,0.25,0,0
8/12/11,72,48,60,0,0,0
8/13/11,80,53,66.5,0,0,0
8/14/11,80,60,70,0,0,0
8/15/11,75,64,69.5,0.57,0,0
8/16/11,68,63,65.5,1,0,0
8/17/11,78,53,65.5,0,0,0
8/18/11,83,54,68.5,0,0,0
8/19/11,84,58,71,0,0,0
8/20/11,82,55,68.5,0.03,0,0
8/21/11,84,58,71,0,0,0
8/22/11,76,52,64,0.02,0,0
8/23/11,71,48,59.5,0,0,0
8/24/11,76,51,63.5,0,0,0
8/25/11,79,60,69.5,0.3,0,0
8/26/11,80,60,70,0.07,0,0
8/27/11,78,55,66.5,0,0,0
8/28/11,80,59,69.5,0.79,0,0
8/29/11,65,47,56,0.72,0,0
8/30/11,72,48,60,0,0,0
8/31/11,78,49,63.5,0,0,0
9/1/11,78,54,66,0.06,0,0
9/2/11,79,63,71,0.01,0,0
9/3/11,78,65,71.5,0,0,0
9/4/11,89,69,79,0,0,0
9/5/11,85,60,72.5,0.26,0,0
9/6/11,62,55,58.5,1.83,0,0
9/7/11,62,55,58.5,0.32,0,0
9/8/11,65,57,61,4.43,0,0
9/9/11,72,62,67,0.01,0,0
9/10/11,74,52,63,0.02,0,0
9/11/11,72,47,59.5,0,0,0
9/12/11,73,50,61.5,0.08,0,0
9/13/11,77,59,68,0,0,0
9/14/11,82,60,71, T,0,0
9/15/11,72,50,61,0.25,0,0
9/16/11,55,40,47.5,0.15,0,0
9/17/11,59,41,50,0,0,0
9/18/11,62,39,50.5,0,0,0
9/19/11,66,41,53.5,0,0,0
9/20/11,66,49,57.5,0.19,0,0
9/21/11,70,50,60,0.01,0,0
9/22/11,74,60,67,0.12,0,0
9/23/11,76,53,64.5,0.04,0,0
9/24/11,71,55,63,0.21,0,0
9/25/11,71,53,62,0,0,0
9/26/11,79,56,67.5,0,0,0
9/27/11,79,57,68,0,0,0
9/28/11,74,62,68,0.33,0,0
9/29/11,74,56,65,1.92,0,0
9/30/11,65,51,58,0.22,0,0
10/1/11,63,48,55.5,0,0,0
10/2/11,51,40,45.5,0.23,0,0
10/3/11,54,42,48,0.28,0,0
10/4/11,57,45,51,0.02,0,0
10/5/11,58,40,49,0.01,0,0
10/6/11,62,31,46.5,0,0,0
10/7/11,61,34,47.5,0,0,0
10/8/11,71,35,53,0,0,0
10/9/11,80,45,62.5,0,0,0
10/10/11,79,46,62.5,0,0,0
10/11/11,76,46,61,0,0,0
10/12/11,77,46,61.5,0,0,0
10/13/11,60,50,55,0.22,0,0
10/14/11,67,55,61,0.24,0,0
10/15/11,70,47,58.5,0.93,0,0
10/16/11,54,46,50,0.04,0,0
10/17/11,58,41,49.5,0.19,0,0
10/18/11,61,38,49.5,0,0,0
10/19/11,59,42,50.5,0,0,0
10/20/11,66,50,58,0.89,0,0
10/21/11,58,46,52,0.01,0,0
10/22/11,51,42,46.5,0.11,0,0
10/23/11,49,37,43,0,0,0
10/24/11,58,39,48.5,0,0,0
10/25/11,65,43,54,0.05,0,0
10/26/11,56,44,50,0.14,0,0
10/27/11,52,38,45,0.45,0,0
10/28/11,39,28,33.5,0.4, T,0
10/29/11,45,31,38,0,0,0
10/30/11,40,26,33,0,0,0
10/31/11,47,27,37,0,0,0
11/1/11,48,32,40,0,0,0
11/2/11,56,30,43,0,0,0
11/3/11,62,36,49,0,0,0
11/4/11,62,36,49,0,0,0
11/5/11,46,20,33,0,0,0
11/6/11,49,22,35.5,0,0,0
11/7/11,56,36,46,0,0,0
11/8/11,65,41,53,0,0,0
11/9/11,71,40,55.5,0,0,0
11/10/11,67,48,57.5,0.04,0,0
11/11/11,48,32,40,0.01,0,0
11/12/11,43,32,37.5,0,0,0
11/13/11,56,36,46,0,0,0
11/14/11,62,48,55,0,0,0
11/15/11,57,51,54,0.61,0,0
11/16/11,56,43,49.5, T,0,0
11/17/11,53,33,43,0.22,0,0
11/18/11,39,26,32.5,0.01, T,0
11/19/11,45,28,36.5,0,0,0
11/20/11,54,41,47.5,0,0,0
11/21/11,64,33,48.5,0,0,0
11/22/11,39,20,29.5,0,0,0
11/23/11,45,24,34.5,0.84,0,0
11/24/11,41,28,34.5,0.04,0,0
11/25/11,52,30,41,0,0,0
11/26/11,61,37,49,0,0,0
11/27/11,62,40,51,0,0,0
11/28/11,60,48,54, T,0,0
11/29/11,58,44,51, T,0,0
11/30/11,64,37,50.5,0.47,0,0
12/1/11,43,26,34.5,0,0,0
12/2/11,45,25,35,0,0,0
12/3/11,38,21,29.5,0.04,0,0
12/4/11,41,25,33,0,0,0
12/5/11,51,37,44,0,0,0
12/6/11,53,40,46.5,0.35,0,0
12/7/11,40,35,37.5,0.14,0,0
12/8/11,37,27,32,0.29,0.2, T
12/9/11,38,26,32,0,0,0
12/10/11,37,25,31,0.02,0,0
12/11/11,31,18,24.5,0,0,0
12/12/11,37,22,29.5,0,0,0
12/13/11,43,17,30,0,0,0
12/14/11,43,19,31,0,0,0
12/15/11,48,30,39,0.1,0,0
12/16/11,51,33,42,0.12,0,0
12/17/11,38,27,32.5,0.1,0.5, T
12/18/11,27,9,18, T, T, T
12/19/11,34,12,23,0,0,0
12/20/11,48,31,39.5,0.15,0,0
12/21/11,48,30,39,0.03,0,0
12/22/11,49,41,45,0.51,0,0
12/23/11,47,33,40,0.61,0,0
12/24/11,35,19,27,0.03, T, T
12/25/11,29,18,23.5, T,0,0
12/26/11,43,29,36,0.04,0,0
12/27/11,37,28,32.5, T,0,0
12/28/11,42,30,36,0.34,0,0
12/29/11,30,13,21.5,0.01,0.3, T
12/30/11,34,17,25.5, T,0.3, T
12/31/11,46,34,40, T,0,0
1/1/12,47,38,42.5,0,0,0
1/2/12,49,30,39.5,0.02,0,0
1/3/12,33,12,22.5,0.04,0.8,1
1/4/12,15,-3,6,0.02,0.3,1
1/5/12,29,5,17,0,0,1
1/6/12,33,27,30, T, T,1
1/7/12,55,31,43,0,0,0
1/8/12,52,31,41.5,0,0,0
1/9/12,32,17,24.5, T, T,0
1/10/12,41,24,32.5,0,0,0
1/11/12,39,28,33.5,0,0,0
1/12/12,45,30,37.5,0.32,0,0
1/13/12,42,29,35.5,0.68,1.5,2
1/14/12,29,18,23.5,0.03,3.5,5
1/15/12,20,-5,7.5,0.05,1.3,5
1/16/12,12,-5,3.5,0.02,0.5,6
1/17/12,35,9,22,0.01,0,3
1/18/12,48,24,36,0.12, T, T
1/19/12,25,8,16.5, T, T, T
1/20/12,26,11,18.5,0.04,0.7,1
1/21/12,19,13,16,0.13,2.5,3
1/22/12,25,-4,10.5, T, T,3
1/23/12,37,3,20, T, T,1
1/24/12,46,37,41.5, T,0,0
1/25/12,40,29,34.5,0,0,0
1/26/12,30,27,28.5,0,0,0
1/27/12,47,28,37.5,0.74,0,0
1/28/12,50,29,39.5, T,0,0
1/29/12,43,24,33.5,0,0,0
1/30/12,40,24,32,0.07,0.6,1
1/31/12,39,24,31.5,0,0,1
2/1/12,58,38,48,0,0,0
2/2/12,57,33,45, T,0,0
2/3/12,33,27,30,0.01,0,0
2/4/12,36,28,32,0,0,0
2/5/12,39,24,31.5,0,0,0
2/6/12,33,21,27,0,0,0
2/7/12,53,25,39,0,0,0
2/8/12,36,20,28,0,0,0
2/9/12,33,17,25,0,0,0
2/10/12,44,17,30.5,0,0,0
2/11/12,36,22,29,0.02, T, T
2/12/12,32,13,22.5,0.15,4.7,5
2/13/12,25,16,20.5,0.02,0.5,2
2/14/12,39,19,29,0,0,1
2/15/12,36,29,32.5,0,0, T
2/16/12,37,24,30.5,0.02,0,0
2/17/12,39,33,36,0.12,0,0
2/18/12,42,23,32.5,0,0,0
2/19/12,41,28,34.5, T, T,0
2/20/12,34,25,29.5, T,0,0
2/21/12,34,17,25.5,0,0,0
2/22/12,40,26,33,0,0,0
2/23/12,49,31,40,0.1,0.7, T
2/24/12,42,29,35.5,0.02, T, T
2/25/12,41,28,34.5,0.09,0.5,1
2/26/12,32,24,28,0.03,0.7,1
2/27/12,34,22,28,0,0,0
2/28/12,51,30,40.5,0,0,0
2/29/12,34,23,28.5,0,0,0
3/1/12,36,30,33,0.57,0,0
3/2/12,40,31,35.5,0.03,0,0
3/3/12,47,36,41.5,0.16,0,0
3/4/12,51,28,39.5,0,0,0
3/5/12,31,15,23,0.05,1,1
3/6/12,25,11,18,0,0,0
3/7/12,40,18,29,0,0,0
3/8/12,64,40,52,0,0,0
3/9/12,58,29,43.5,0.46, T,0
3/10/12,37,19,28,0.01, T, T
3/11/12,40,21,30.5,0,0,0
3/12/12,65,31,48,0,0,0
3/13/12,65,31,48, T,0,0
3/14/12,68,32,50, T,0,0
3/15/12,60,34,47,0,0,0
3/16/12,73,43,58,0.05,0,0
3/17/12,66,44,55,0.03,0,0
3/18/12,74,51,62.5,0,0,0
3/19/12,77,55,66,0,0,0
3/20/12,77,50,63.5,0,0,0
3/21/12,74,45,59.5,0,0,0
3/22/12,77,48,62.5,0,0,0
3/23/12,75,44,59.5,0,0,0
3/24/12,71,45,58,0,0,0
3/25/12,64,46,55, T,0,0
3/26/12,51,32,41.5, T,0,0
3/27/12,35,22,28.5,0,0,0
3/28/12,49,24,36.5,0,0,0
3/29/12,74,37,55.5,0.13,0,0
3/30/12,37,32,34.5,0.03,0,0
3/31/12,48,32,40,0.2,0,0
4/1/12,42,35,38.5,0.02,0,0
4/2/12,41,34,37.5,0.5,0,0
4/3/12,48,25,36.5,0,0,0
4/4/12,53,29,41, T,0,0
4/5/12,55,30,42.5,0,0,0
4/6/12,41,20,30.5,0,0,0
4/7/12,46,20,33,0,0,0
4/8/12,51,24,37.5,0,0,0
4/9/12,60,34,47,0,0,0
4/10/12,54,27,40.5,0,0,0
4/11/12,51,33,42,0.02, T,0
4/12/12,45,35,40,0.06,0,0
4/13/12,51,27,39, T,0,0
4/14/12,58,29,43.5,0,0,0
4/15/12,68,48,58,0.07,0,0
4/16/12,69,54,61.5,0.03,0,0
4/17/12,87,47,67,0,0,0
4/18/12,60,32,46,0,0,0
4/19/12,56,32,44,0,0,0
4/20/12,73,45,59,0,0,0
4/21/12,76,51,63.5,0,0,0
4/22/12,51,36,43.5,0.57,0,0
4/23/12,41,31,36,1.32,6,6
4/24/12,36,32,34,0.23,0, T
4/25/12,45,32,38.5,0.02,0,0
4/26/12,51,29,40,0,0,0
4/27/12,64,32,48,0.36,0,0
4/28/12,44,25,34.5,0,0,0
4/29/12,49,24,36.5,0,0,0
4/30/12,53,27,40,0,0,0
5/1/12,62,37,49.5,0.22,0,0
5/2/12,60,49,54.5,0.01,0,0
5/3/12,69,52,60.5,0.29,0,0
5/4/12,82,57,69.5,0.98,0,0
5/5/12,78,49,63.5,0,0,0
5/6/12,61,38,49.5,0,0,0
5/7/12,67,37,52,0,0,0
5/8/12,64,52,58,0.29,0,0
5/9/12,62,52,57,0.31,0,0
5/10/12,67,46,56.5,0.06,0,0
5/11/12,56,35,45.5, T,0,0
5/12/12,64,37,50.5,0,0,0
5/13/12,78,47,62.5,0,0,0
5/14/12,78,50,64,0.1,0,0
5/15/12,67,56,61.5,0.25,0,0
5/16/12,72,57,64.5,0.02,0,0
5/17/12,77,35,56,0,0,0
5/18/12,61,34,47.5,0,0,0
5/19/12,73,42,57.5,0,0,0
5/20/12,81,46,63.5,0,0,0
5/21/12,85,53,69,0,0,0
5/22/12,75,60,67.5,0,0,0
5/23/12,78,58,68, T,0,0
5/24/12,76,57,66.5, T,0,0
5/25/12,79,63,71,0,0,0
5/26/12,83,61,72,0,0,0
5/27/12,83,52,67.5,0,0,0
5/28/12,84,57,70.5,0,0,0
5/29/12,89,69,79,0,0,0
5/30/12,89,61,75,0.38,0,0
5/31/12,77,46,61.5,0,0,0
6/1/12,67,43,55,0,0,0
6/2/12,67,52,59.5,0.43,0,0
6/3/12,67,51,59,0.02,0,0
6/4/12,65,51,58,0.04,0,0
6/5/12,63,46,54.5,0.17,0,0
6/6/12,62,44,53,0.01,0,0
6/7/12,73,44,58.5,0,0,0
6/8/12,74,48,61,0,0,0
6/9/12,81,55,68,0.04,0,0
6/10/12,74,59,66.5,0.04,0,0
6/11/12,87,63,75,0,0,0
6/12/12,85,64,74.5,0.14,0,0
6/13/12,68,49,58.5,0.41,0,0
6/14/12,69,44,56.5,0,0,0
6/15/12,76,47,61.5,0,0,0
6/16/12,82,56,69,0,0,0
6/17/12,82,59,70.5,0,0,0
6/18/12,80,62,71,0,0,0
6/19/12,70,62,66,0.05,0,0
6/20/12,86,62,74,0.26,0,0
6/21/12,92,64,78,0,0,0
6/22/12,92,63,77.5,0,0,0
6/23/12,79,54,66.5,0,0,0
6/24/12,78,51,64.5,0,0,0
6/25/12,81,60,70.5,0.15,0,0
6/26/12,69,48,58.5,0.08,0,0
6/27/12,71,46,58.5,0,0,0
6/28/12,78,52,65,0,0,0
6/29/12,86,63,74.5,0,0,0
6/30/12,90,61,75.5,0,0,0
7/1/12,89,63,76,0,0,0
7/2/12,87,55,71,0,0,0
7/3/12,82,54,68,0,0,0
7/4/12,89,64,76.5,0.05,0,0
7/5/12,91,67,79,0,0,0
7/6/12,83,51,67,0,0,0
7/7/12,92,59,75.5,0,0,0
7/8/12,80,60,70,0.4,0,0
7/9/12,82,56,69,0,0,0
7/10/12,78,53,65.5,0,0,0
7/11/12,82,49,65.5,0,0,0
7/12/12,85,57,71,0,0,0
7/13/12,91,68,79.5,0,0,0
7/14/12,88,63,75.5,0,0,0
7/15/12,88,69,78.5, T,0,0
7/16/12,81,65,73,0.31,0,0
7/17/12,86,64,75,0,0,0
7/18/12,95,67,81,0,0,0
7/19/12,83,57,70,0,0,0
7/20/12,82,61,71.5,0.13,0,0
7/21/12,68,56,62,0.06,0,0
7/22/12,79,60,69.5,0,0,0
7/23/12,83,68,75.5,0,0,0
7/24/12,92,70,81,0,0,0
7/25/12,82,50,66,0,0,0
7/26/12,80,63,71.5,0.18,0,0
7/27/12,83,65,74,0.32,0,0
7/28/12,81,62,71.5,0,0,0
7/29/12,79,65,72,0.14,0,0
7/30/12,82,53,67.5,0,0,0
7/31/12,86,58,72,0,0,0
8/1/12,82,61,71.5,0.13,0,0
8/2/12,81,57,69,0.02,0,0
8/3/12,86,62,74,0,0,0
8/4/12,91,66,78.5,0,0,0
8/5/12,92,75,83.5,0,0,0
8/6/12,83,61,72,0.08,0,0
8/7/12,76,50,63,0,0,0
8/8/12,86,55,70.5,0,0,0
8/9/12,88,62,75,0,0,0
8/10/12,88,65,76.5,0.64,0,0
8/11/12,77,65,71,0.06,0,0
8/12/12,81,57,69,0,0,0
8/13/12,79,58,68.5,0.14,0,0
8/14/12,80,60,70, T,0,0
8/15/12,80,63,71.5,1.55,0,0
8/16/12,76,51,63.5,0,0,0
8/17/12,80,56,68,0,0,0
8/18/12,74,54,64,0.09,0,0
8/19/12,72,46,59,0,0,0
8/20/12,76,49,62.5,0,0,0
8/21/12,74,47,60.5,0,0,0
8/22/12,76,49,62.5,0,0,0
8/23/12,80,53,66.5,0,0,0
8/24/12,82,51,66.5,0,0,0
8/25/12,86,56,71,0,0,0
8/26/12,85,61,73,0,0,0
8/27/12,85,65,75,0,0,0
8/28/12,83,65,74,0.87,0,0
8/29/12,77,50,63.5,0,0,0
8/30/12,71,44,57.5,0,0,0
8/31/12,80,47,63.5,0,0,0
9/1/12,89,59,74,0,0,0
9/2/12,82,50,66,0,0,0
9/3/12,83,55,69,0,0,0
9/4/12,75,66,70.5, T,0,0
9/5/12,78,65,71.5,0.48,0,0
9/6/12,78,59,68.5,0.01,0,0
9/7/12,84,60,72,0.21,0,0
9/8/12,81,62,71.5,0,0,0
9/9/12,75,50,62.5,0.5,0,0
9/10/12,68,42,55,0.03,0,0
9/11/12,64,38,51, T,0,0
9/12/12,73,45,59,0,0,0
9/13/12,79,47,63,0,0,0
9/14/12,82,56,69,0,0,0
9/15/12,80,52,66,0.5,0,0
9/16/12,65,45,55,0,0,0
9/17/12,68,46,57,0,0,0
9/18/12,74,47,60.5,0.11,0,0
9/19/12,71,42,56.5,1,0,0
9/20/12,61,39,50,0,0,0
9/21/12,67,48,57.5,0,0,0
9/22/12,73,57,65,0.37,0,0
9/23/12,69,40,54.5,0.24,0,0
9/24/12,60,40,50, T,0,0
9/25/12,61,43,52,0,0,0
9/26/12,69,47,58,0.04,0,0
9/27/12,65,45,55,0.13,0,0
9/28/12,64,46,55,0.13,0,0
9/29/12,55,49,52,0.06,0,0
9/30/12,62,39,50.5,0,0,0
10/1/12,56,44,50,0.3,0,0
10/2/12,63,48,55.5,0,0,0
10/3/12,64,57,60.5,0.06,0,0
10/4/12,75,60,67.5, T,0,0
10/5/12,72,46,59, T,0,0
10/6/12,75,50,62.5,0.22,0,0
10/7/12,56,38,47,0.11,0,0
10/8/12,53,32,42.5,0.07,0,0
10/9/12,56,32,44,0,0,0
10/10/12,61,39,50,0,0,0
10/11/12,61,37,49, T,0,0
10/12/12,55,38,46.5,0.09,0,0
10/13/12,46,23,34.5,0,0,0
10/14/12,52,24,38,0.15,0,0
10/15/12,72,48,60,0,0,0
10/16/12,67,44,55.5,0,0,0
10/17/12,52,31,41.5,0,0,0
10/18/12,65,31,48,0,0,0
10/19/12,65,48,56.5,0.53,0,0
10/20/12,65,46,55.5,0.2,0,0
10/21/12,57,43,50,0,0,0
10/22/12,60,36,48,0,0,0
10/23/12,63,40,51.5,0.04,0,0
10/24/12,55,44,49.5,0.91,0,0
10/25/12,60,54,57,0,0,0
10/26/12,70,57,63.5,0,0,0
10/27/12,67,49,58,0,0,0
10/28/12,56,45,50.5,0.09,0,0
10/29/12,46,44,45,0.15,0,0
10/30/12,58,44,51,0.99,0,0
10/31/12,51,39,45,0.27,0,0
11/1/12,42,39,40.5,0.1,0,0
11/2/12,46,38,42,0.17,0,0
11/3/12,40,35,37.5,0.06,0,0
11/4/12,39,31,35,0.11,0,0
11/5/12,37,32,34.5,0.03,0,0
11/6/12,35,30,32.5,0,0,0
11/7/12,41,20,30.5,0,0,0
11/8/12,38,25,31.5,0,0,0
11/9/12,39,22,30.5,0,0,0
11/10/12,45,29,37,0.01,0,0
11/11/12,52,40,46,0,0,0
11/12/12,70,52,61,0,0,0
11/13/12,64,33,48.5,0.68,0,0
11/14/12,37,33,35, T,0,0
11/15/12,42,23,32.5,0,0,0
11/16/12,46,21,33.5,0,0,0
11/17/12,43,22,32.5,0,0,0
11/18/12,48,21,34.5,0,0,0
11/19/12,48,21,34.5, T,0,0
11/20/12,50,28,39,0,0,0
11/21/12,49,27,38,0,0,0
11/22/12,52,26,39,0,0,0
11/23/12,60,28,44,0,0,0
11/24/12,53,33,43, T, T, T
11/25/12,35,30,32.5, T, T, T
11/26/12,35,30,32.5,0,0,0
11/27/12,40,30,35,0,0,0
11/28/12,36,21,28.5,0,0,0
11/29/12,35,22,28.5, T, T,0
11/30/12,45,26,35.5,0,0,0
12/1/12,36,29,32.5,0.06,0,0
12/2/12,44,36,40,0,0,0
12/3/12,51,41,46,0.14,0,0
12/4/12,57,44,50.5,0.01,0,0
12/5/12,67,41,54,0.39,0,0
12/6/12,42,24,33, T, T,0
12/7/12,38,24,31,0,0,0
12/8/12,38,33,35.5,0.52,0,0
12/9/12,49,33,41,0.06,0,0
12/10/12,49,33,41,0.28,0,0
12/11/12,53,33,43,0.54,0,0
12/12/12,34,23,28.5,0,0,0
12/13/12,41,23,32,0,0,0
12/14/12,43,24,33.5,0,0,0
12/15/12,44,26,35,0,0,0
12/16/12,42,27,34.5, T,0,0
12/17/12,46,40,43,0.21,0,0
12/18/12,44,40,42,1.1,0,0
12/19/12,44,34,39,0.35,0,0
12/20/12,39,22,30.5,0,0,0
12/21/12,40,23,31.5,1.07,0.3, T
12/22/12,34,25,29.5,0.15,2,2
12/23/12,31,26,28.5,0,0, T
12/24/12,36,26,31,0,0, T
12/25/12,34,27,30.5,0.08,1,1
12/26/12,29,15,22,0,0,1
12/27/12,28,15,21.5,0.56,6,7
12/28/12,25,20,22.5,0.03,0.3,6
12/29/12,26,22,24,0.04,0.8,6
12/30/12,27,20,23.5,0.38,6,11
12/31/12,26,16,21, T, T,9
1/1/13,34,16,25,0.02,0.1,9
1/2/13,28,2,15, T,0.2,8
1/3/13,25,13,19,0.02, T,8
1/4/13,30,16,23, T, T,8
1/5/13,34,27,30.5,0,0,7
1/6/13,33,23,28,0,0,7
1/7/13,37,25,31, T, T,5
1/8/13,34,23,28.5,0,0,5
1/9/13,40,17,28.5,0,0,4
1/10/13,47,31,39,0,0,3
1/11/13,40,27,33.5,0,0,2
1/12/13,40,35,37.5,0.07,0, T
1/13/13,49,39,44, T,0,0
1/14/13,58,42,50,0.03,0,0
1/15/13,42,26,34,0,0,0
1/16/13,34,27,30.5,0.06,0.7,1
1/17/13,33,27,30,0.02,0.2,1
1/18/13,34,10,22,0.04,1,2
1/19/13,34,12,23,0,0,1
1/20/13,49,31,40,0,0,0
1/21/13,41,17,29,0,0,0
1/22/13,23,6,14.5,0.1,1,1
1/23/13,13,-2,5.5,0,0,1
1/24/13,11,-6,2.5, T, T,1
1/25/13,13,-2,5.5,0.03,2,3
1/26/13,15,6,10.5,0.05,1,3
1/27/13,19,1,10,0.01,0.7,3
1/28/13,26,10,18,0.02,1.5,2
1/29/13,39,24,31.5,0.13,0, T
1/30/13,50,35,42.5,0.29,0,0
1/31/13,59,34,46.5,0.78,0,0
2/1/13,35,18,26.5,0.03,0.6,1
2/2/13,22,10,16,0,0,1
2/3/13,20,7,13.5, T,0.1, T
2/4/13,25,8,16.5,0.11,2.5,3
2/5/13,20,12,16,0.03,0.5,3
2/6/13,29,16,22.5, T,0.1,2
2/7/13,28,4,16,0,0,1
2/8/13,32,11,21.5,0,0,1
2/9/13,33,14,23.5,0.47,5.8,7
2/10/13,18,-1,8.5,0.02,1.2,7
2/11/13,35,9,22, T,0,5
2/12/13,41,33,37,0.01,0,3
2/13/13,34,28,31,0,0,2
2/14/13,40,22,31,0,0,2
2/15/13,40,28,34,0,0,2
2/16/13,40,21,30.5,0,0,1
2/17/13,27,12,19.5,0,0,1
2/18/13,18,10,14, T, T,1
2/19/13,33,11,22,0,0,1
2/20/13,36,20,28,0.08,0.3,1
2/21/13,23,15,19,0.01, T,1
2/22/13,19,13,16,0.01,0.4,2
2/23/13,34,19,26.5,0,0,1
2/24/13,37,29,33,0.03,0, T
2/25/13,31,28,29.5,0.03, T, T
2/26/13,36,19,27.5,0,0,0
2/27/13,41,22,31.5,0.76,0.9,1
2/28/13,36,32,34,0.67,0.5,2
3/1/13,38,30,34,0.1,0.6,3
3/2/13,32,22,27,0.07,1.2,4
3/3/13,24,20,22,0.11,2.6,6
3/4/13,24,20,22,0.02,1.1,6
3/5/13,28,20,24,0,0,5
3/6/13,33,15,24,0,0,4
3/7/13,38,28,33,0,0,3
3/8/13,37,25,31,0.08,0.9,3
3/9/13,35,15,25,0,0,3
3/10/13,45,25,35,0,0,2
3/11/13,55,41,48,0,0,0
3/12/13,53,45,49,0.01,0,0
3/13/13,51,30,40.5,0.37,0,0
3/14/13,39,18,28.5, T, T, T
3/15/13,32,18,25,0,0,0
3/16/13,34,22,28,0.03,0.1, T
3/17/13,30,12,21, T, T, T
3/18/13,31,12,21.5, T, T,0
3/19/13,33,15,24,0.14,1.5,2
3/20/13,43,22,32.5,0.07,0.5,1
3/21/13,34,15,24.5,0,0, T
3/22/13,30,14,22, T,0.2, T
3/23/13,31,23,27, T, T, T
3/24/13,36,23,29.5, T,0,0
3/25/13,40,25,32.5,0,0,0
3/26/13,41,31,36,0,0,0
3/27/13,45,25,35,0.02,0.2, T
3/28/13,46,28,37,0.11,0.8,1
3/29/13,41,31,36,0.01,0,0
3/30/13,46,22,34,0,0,0
3/31/13,51,26,38.5,0,0,0
4/1/13,52,37,44.5,0.44,0,0
4/2/13,42,22,32, T, T, T
4/3/13,35,22,28.5,0,0,0
4/4/13,34,17,25.5,0,0,0
4/5/13,53,22,37.5,0,0,0
4/6/13,47,23,35,0,0,0
4/7/13,47,28,37.5,0,0,0
4/8/13,65,38,51.5,0,0,0
4/9/13,65,40,52.5, T,0,0
4/10/13,65,45,55,0.31,0,0
4/11/13,51,37,44,0.4,0,0
4/12/13,41,35,38,0.04,0,0
4/13/13,46,34,40,0.36,0,0
4/14/13,47,35,41,0.07,0,0
4/15/13,47,30,38.5,0,0,0
4/16/13,67,43,55,0,0,0
4/17/13,62,35,48.5,0.42,0,0
4/18/13,55,35,45,0,0,0
4/19/13,64,54,59,0,0,0
4/20/13,72,39,55.5,0.62,0,0
4/21/13,46,29,37.5, T, T,0
4/22/13,45,27,36,0,0,0
4/23/13,57,33,45,0,0,0
4/24/13,58,37,47.5,0,0,0
4/25/13,67,36,51.5,0.24,0,0
4/26/13,58,33,45.5,0.02,0,0
4/27/13,53,30,41.5,0,0,0
4/28/13,67,37,52,0,0,0
4/29/13,69,49,59,0.09,0,0
4/30/13,56,50,53, T,0,0
5/1/13,64,43,53.5, T,0,0
5/2/13,74,42,58,0,0,0
5/3/13,76,48,62,0,0,0
5/4/13,72,39,55.5,0,0,0
5/5/13,73,47,60,0,0,0
5/6/13,75,39,57,0,0,0
5/7/13,74,46,60,0,0,0
5/8/13,76,55,65.5,0,0,0
5/9/13,66,49,57.5,0.13,0,0
5/10/13,69,45,57, T,0,0
5/11/13,71,53,62,0.38,0,0
5/12/13,64,44,54,0.02,0,0
5/13/13,53,37,45,0,0,0
5/14/13,47,26,36.5, T,0,0
5/15/13,55,35,45,0,0,0
5/16/13,80,47,63.5,0.02,0,0
5/17/13,76,36,56,0,0,0
5/18/13,63,35,49,0,0,0
5/19/13,68,45,56.5,0,0,0
5/20/13,66,56,61,0,0,0
5/21/13,82,62,72,0,0,0
5/22/13,88,62,75,0.36,0,0
5/23/13,87,64,75.5,0.1,0,0
5/24/13,76,40,58,0.44,0,0
5/25/13,43,38,40.5,0.15,0,0
5/26/13,53,37,45,0,0,0
5/27/13,59,33,46,0,0,0
5/28/13,68,45,56.5,0,0,0
5/29/13,62,51,56.5,0.59,0,0
5/30/13,83,62,72.5,0.13,0,0
5/31/13,86,60,73,0,0,0
6/1/13,90,61,75.5,0,0,0
6/2/13,87,70,78.5,0,0,0
6/3/13,80,53,66.5,0.04,0,0
6/4/13,64,39,51.5,0,0,0
6/5/13,66,37,51.5,0,0,0
6/6/13,72,46,59,0.04,0,0
6/7/13,59,54,56.5,0.64,0,0
6/8/13,62,55,58.5,0.32,0,0
6/9/13,66,48,57,0.02,0,0
6/10/13,73,52,62.5,0,0,0
6/11/13,65,60,62.5,0.21,0,0
6/12/13,65,55,60,0.29,0,0
6/13/13,71,54,62.5,0.01,0,0
6/14/13,61,53,57,0.21,0,0
6/15/13,69,46,57.5,0,0,0
6/16/13,73,51,62,0,0,0
6/17/13,71,55,63,0.01,0,0
6/18/13,80,54,67,0.14,0,0
6/19/13,67,41,54,0,0,0
6/20/13,67,42,54.5,0,0,0
6/21/13,79,51,65,0,0,0
6/22/13,83,61,72,0,0,0
6/23/13,86,66,76,0,0,0
6/24/13,90,66,78,0.81,0,0
6/25/13,85,63,74,0.06,0,0
6/26/13,83,65,74,0.03,0,0
6/27/13,82,60,71,0,0,0
6/28/13,80,64,72,0.57,0,0
6/29/13,70,62,66,0.16,0,0
6/30/13,74,57,65.5,0.56,0,0
7/1/13,81,63,72,0.01,0,0
7/2/13,68,62,65,1.7,0,0
7/3/13,84,66,75,0.26,0,0
7/4/13,85,71,78,0,0,0
7/5/13,86,70,78,0,0,0
7/6/13,87,68,77.5,0.01,0,0
7/7/13,84,71,77.5,0.03,0,0
7/8/13,86,67,76.5,0.04,0,0
7/9/13,83,64,73.5,0.06,0,0
7/10/13,83,68,75.5,0.09,0,0
7/11/13,84,65,74.5,0.13,0,0
7/12/13,75,57,66,0,0,0
7/13/13,76,61,68.5,0.02,0,0
7/14/13,77,66,71.5,0,0,0
7/15/13,88,68,78,0,0,0
7/16/13,87,61,74,0,0,0
7/17/13,87,63,75,0,0,0
7/18/13,92,68,80,0,0,0
7/19/13,90,68,79,0.45,0,0
7/20/13,91,67,79,0.12,0,0
7/21/13,79,58,68.5,0.01,0,0
7/22/13,79,59,69,0.57,0,0
7/23/13,82,60,71,2.36,0,0
7/24/13,82,61,71.5,0.01,0,0
7/25/13,65,44,54.5,0,0,0
7/26/13,72,46,59,0,0,0
7/27/13,76,53,64.5,0,0,0
7/28/13,78,64,71,0.24,0,0
7/29/13,76,54,65,0.84,0,0
7/30/13,72,50,61,0,0,0
7/31/13,73,51,62,0,0,0
8/1/13,78,55,66.5, T,0,0
8/2/13,77,55,66,0.01,0,0
8/3/13,74,60,67,0.55,0,0
8/4/13,75,53,64,0,0,0
8/5/13,70,47,58.5, T,0,0
8/6/13,71,48,59.5,0,0,0
8/7/13,74,56,65,0,0,0
8/8/13,74,63,68.5,0.06,0,0
8/9/13,83,65,74,2.66,0,0
8/10/13,76,56,66,0.23,0,0
8/11/13,73,50,61.5,0,0,0
8/12/13,74,53,63.5,0,0,0
8/13/13,77,54,65.5,0.3,0,0
8/14/13,75,52,63.5,0.22,0,0
8/15/13,65,45,55,0,0,0
8/16/13,71,48,59.5,0,0,0
8/17/13,73,46,59.5,0,0,0
8/18/13,77,51,64,0,0,0
8/19/13,75,56,65.5,0,0,0
8/20/13,78,54,66,0,0,0
8/21/13,81,55,68,0,0,0
8/22/13,83,57,70,0,0,0
8/23/13,85,59,72,0.14,0,0
8/24/13,72,47,59.5,0,0,0
8/25/13,73,49,61,0,0,0
8/26/13,80,53,66.5,0.05,0,0
8/27/13,81,64,72.5,1.01,0,0
8/28/13,82,63,72.5,0,0,0
8/29/13,83,62,72.5,0,0,0
8/30/13,81,59,70,0,0,0
8/31/13,85,60,72.5,0,0,0
9/1/13,83,65,74,0,0,0
9/2/13,81,63,72,1.16,0,0
9/3/13,82,56,69,0.31,0,0
9/4/13,67,50,58.5,0,0,0
9/5/13,77,54,65.5,0.15,0,0
9/6/13,67,39,53,0,0,0
9/7/13,67,41,54,0,0,0
9/8/13,69,52,60.5,0.05,0,0
9/9/13,63,38,50.5,0,0,0
9/10/13,72,41,56.5,0,0,0
9/11/13,88,64,76,0.12,0,0
9/12/13,91,66,78.5,0.24,0,0
9/13/13,77,58,67.5,0.56,0,0
9/14/13,58,48,53,0.12,0,0
9/15/13,56,37,46.5, T,0,0
9/16/13,65,40,52.5,0.04,0,0
9/17/13,57,31,44,0.02,0,0
9/18/13,63,33,48,0,0,0
9/19/13,69,41,55,0,0,0
9/20/13,74,44,59,0,0,0
9/21/13,77,51,64,0,0,0
9/22/13,66,46,56,1,0,0
9/23/13,54,46,50, T,0,0
9/24/13,54,34,44,0,0,0
9/25/13,61,35,48,0,0,0
9/26/13,66,37,51.5,0,0,0
9/27/13,68,41,54.5,0,0,0
9/28/13,67,41,54,0,0,0
9/29/13,70,45,57.5,0,0,0
9/30/13,69,44,56.5,0,0,0
10/1/13,74,46,60,0,0,0
10/2/13,73,47,60,0,0,0
10/3/13,75,43,59,0,0,0
10/4/13,73,43,58,0.06,0,0
10/5/13,77,61,69,0.41,0,0
10/6/13,74,61,67.5,0.01,0,0
10/7/13,82,65,73.5,0,0,0
10/8/13,72,40,56,0.68,0,0
10/9/13,61,33,47,0,0,0
10/10/13,67,36,51.5,0,0,0
10/11/13,62,38,50,0.05,0,0
10/12/13,63,36,49.5,0,0,0
10/13/13,73,39,56,0,0,0
10/14/13,68,51,59.5,0.12,0,0
10/15/13,56,51,53.5,0.09,0,0
10/16/13,69,52,60.5,0,0,0
10/17/13,60,45,52.5,0.18,0,0
10/18/13,65,46,55.5,0.84,0,0
10/19/13,58,40,49,0.01,0,0
10/20/13,60,41,50.5,0.09,0,0
10/21/13,51,38,44.5,0.01,0,0
10/22/13,64,46,55,0,0,0
10/23/13,51,33,42,0.01,0,0
10/24/13,47,29,38,0.03,0,0
10/25/13,47,30,38.5,0.02,0,0
10/26/13,46,33,39.5,0.02,0,0
10/27/13,47,37,42,0.01,0,0
10/28/13,46,36,41,0,0,0
10/29/13,49,26,37.5,0,0,0
10/30/13,45,25,35,0.01,0,0
10/31/13,58,36,47,0,0,0
11/1/13,62,51,56.5,0.56,0,0
11/2/13,66,44,55,0.02,0,0
11/3/13,55,32,43.5,0.09,0,0
11/4/13,34,16,25, T,0,0
11/5/13,42,24,33,0,0,0
11/6/13,52,36,44,0,0,0
11/7/13,57,43,50,0.51,0,0
11/8/13,43,32,37.5,0.03,0,0
11/9/13,41,28,34.5,0.02,0,0
11/10/13,47,33,40,0.05,0,0
11/11/13,46,27,36.5,0.03,0,0
11/12/13,45,25,35,0.13,0.7,1
11/13/13,30,20,25,0.07,0.5,1
11/14/13,35,22,28.5,0,0,0
11/15/13,51,29,40,0,0,0
11/16/13,57,36,46.5,0,0,0
11/17/13,58,41,49.5,0,0,0
11/18/13,57,49,53,0.22,0,0
11/19/13,55,34,44.5,0,0,0
11/20/13,35,17,26,0.02, T,0
11/21/13,39,21,30,0,0,0
11/22/13,44,30,37,0.21,0,0
11/23/13,47,28,37.5,0.04,0,0
11/24/13,37,14,25.5,0.01, T,0
11/25/13,22,14,18,0.01, T,0
11/26/13,33,18,25.5,0.03,0.7,1
11/27/13,35,27,31,1.5,0.3,1
11/28/13,31,18,24.5,0.06,0.6,2
11/29/13,25,18,21.5,0.02,0.5,2
11/30/13,27,5,16, T, T,2
12/1/13,30,7,18.5,0,0,2
12/2/13,37,28,32.5,0.02, T,2
12/3/13,37,32,34.5, T,0, T
12/4/13,40,23,31.5,0.01,0,0
12/5/13,50,34,42,0,0,0
12/6/13,54,32,43,0.42,0,0
12/7/13,35,26,30.5,0.11,1.2,1
12/8/13,31,13,22,0,0, T
12/9/13,31,17,24,0.02,0.3,1
12/10/13,38,28,33,0,0,0
12/11/13,28,10,19,0.11,1.9,2
12/12/13,24,11,17.5,0.03,0.4,2
12/13/13,21,12,16.5, T, T,2
12/14/13,25,11,18,0.06,2.7,5
12/15/13,25,11,18,0.23,3,7
12/16/13,27,9,18,0.02,0.5,7
12/17/13,21,-2,9.5,0.01,0.2,7
12/18/13,24,14,19,0.02,0.4,6
12/19/13,30,20,25, T,0.1,6
12/20/13,46,29,37.5,0,0,4
12/21/13,52,41,46.5,0.03,0,0
12/22/13,61,33,47,0.38,0,0
12/23/13,64,37,50.5,0.06,0,0
12/24/13,41,23,32,0.02,0.2, T
12/25/13,27,6,16.5,0.06,1.5,2
12/26/13,22,7,14.5,0.04,1.4,3
12/27/13,32,22,27, T, T,2
12/28/13,39,24,31.5,0,0,2
12/29/13,47,30,38.5,0,0, T
12/30/13,42,19,30.5,0.6,0.9,1
12/31/13,20,12,16,0.01,0.3,2
1/1/14,25,14,19.5,0.01,0.2,2
1/2/14,20,12,16,0.11,2.3,4
1/3/14,15,-3,6,0.4,6.4,10
1/4/14,8,-11,-1.5, T,0.2,9
1/5/14,25,8,16.5,0,0,8
1/6/14,50,20,35,0.14,0, T
1/7/14,41,-5,18,0,0, T
1/8/14,4,-5,-0.5,0,0, T
1/9/14,18,4,11, T, T, T
1/10/14,27,15,21,0.08,1.4,2
1/11/14,46,26,36,0.02,0, T
1/12/14,50,34,42,0.34,0,0
1/13/14,35,25,30,0,0,0
1/14/14,50,35,42.5,0.07,0,0
1/15/14,42,28,35,0.1,0,0
1/16/14,43,25,34, T, T, T
1/17/14,33,23,28,0,0,0
1/18/14,38,24,31,0.15,2.9,3
1/19/14,24,13,18.5,0.06,0.9,4
1/20/14,31,15,23, T, T,3
1/21/14,31,5,18,0.07,1.5,4
1/22/14,7,-13,-3, T, T,4
1/23/14,2,-9,-3.5,0.03,0.4,3
1/24/14,13,-2,5.5, T, T,3
1/25/14,16,-5,5.5,0,0,3
1/26/14,24,1,12.5,0.05,1.7,5
1/27/14,35,3,19, T, T,4
1/28/14,29,-3,13, T, T,3
1/29/14,10,-10,0,0,0,3
1/30/14,16,-8,4,0,0,3
1/31/14,26,5,15.5,0,0,3
2/1/14,34,20,27,0,0,2
2/2/14,40,30,35,0.01, T,1
2/3/14,33,22,27.5,0.04,0.3,1
2/4/14,25,9,17, T, T,1
2/5/14,25,12,18.5,0.34,3.2,4
2/6/14,25,4,14.5,0.23,2.5,7
2/7/14,21,2,11.5, T, T,7
2/8/14,23,-13,5,0,0,7
2/9/14,20,-9,5.5, T, T,7
2/10/14,18,-1,8.5,0.09,1.2,8
2/11/14,21,-4,8.5, T, T,7
2/12/14,16,-11,2.5,0,0,7
2/13/14,22,-8,7,0,0,5
2/14/14,22,18,20,0.5,8.9,12
2/15/14,31,21,26,0.04,0.5,13
2/16/14,27,9,18,0.04,0.6,13
2/17/14,16,-12,2,0.07,1.5,12
2/18/14,26,-7,9.5, T,0.1,11
2/19/14,33,17,25,0.01, T,11
2/20/14,41,18,29.5, T,0,8
2/21/14,44,20,32,0.31,0,7
2/22/14,46,33,39.5,0.26,0,5
2/23/14,46,31,38.5,0,0,4
2/24/14,45,20,32.5,0,0,3
2/25/14,25,15,20,0.02, T,3
2/26/14,20,10,15,0.01, T,3
2/27/14,15,2,8.5,0,0,3
2/28/14,20,1,10.5, T,0.2,3
3/1/14,18,3,10.5,0,0,2
3/2/14,33,14,23.5,0.07,1,2
3/3/14,18,5,11.5,0.02,0.3,2
3/4/14,11,-11,0, T, T,2
3/5/14,21,0,10.5,0,0,2
3/6/14,21,-12,4.5, T, T,2
3/7/14,29,-1,14,0,0,2
3/8/14,42,21,31.5,0,0,1
3/9/14,40,20,30,0.02,0.3,1
3/10/14,35,21,28,0,0,1
3/11/14,50,33,41.5,0,0,1
3/12/14,53,35,44,0.2,0, T
3/13/14,35,6,20.5,1.14,3,3
3/14/14,18,4,11, T, T,3
3/15/14,47,18,32.5,0.03,0,1
3/16/14,43,16,29.5, T, T,1
3/17/14,19,9,14,0,0,1
3/18/14,29,10,19.5,0,0,1
3/19/14,44,24,34,0,0,1
3/20/14,43,34,38.5,0.02,0,0
3/21/14,40,28,34, T, T,0
3/22/14,38,22,30,0,0,0
3/23/14,46,22,34, T, T,0
3/24/14,25,12,18.5,0.07,2.5,3
3/25/14,23,8,15.5, T, T,1
3/26/14,36,16,26,0.03,0.4,1
3/27/14,21,7,14,0,0, T
3/28/14,42,14,28,0.09,0,0
3/29/14,54,33,43.5,0.02,0,0
3/30/14,44,29,36.5,1.33,0.6,1
3/31/14,31,29,30, T, T, T
4/1/14,42,23,32.5,0,0,0
4/2/14,58,23,40.5,0,0,0
4/3/14,55,23,39,0,0,0
4/4/14,45,24,34.5,0.04,0,0
4/5/14,47,36,41.5,0.11,0,0
4/6/14,37,21,29,0,0,0
4/7/14,52,26,39,0,0,0
4/8/14,50,37,43.5,0.51,0,0
4/9/14,52,28,40,0.01,0,0
4/10/14,45,26,35.5,0,0,0
4/11/14,66,33,49.5,0.04,0,0
4/12/14,53,30,41.5,0.07,0,0
4/13/14,62,39,50.5,0,0,0
4/14/14,80,61,70.5,0,0,0
4/15/14,76,57,66.5,0.22,0,0
4/16/14,60,21,40.5,0.67,0.5, T
4/17/14,36,22,29,0,0,0
4/18/14,53,28,40.5,0,0,0
4/19/14,58,36,47, T,0,0
4/20/14,51,25,38,0,0,0
4/21/14,67,32,49.5,0,0,0
4/22/14,73,39,56,0,0,0
4/23/14,59,37,48,0.24,0,0
4/24/14,39,31,35,0.16,0,0
4/25/14,49,28,38.5,0,0,0
4/26/14,63,35,49,0.17,0,0
4/27/14,55,38,46.5,0.05,0,0
4/28/14,48,27,37.5,0,0,0
4/29/14,59,38,48.5,0,0,0
4/30/14,50,40,45,0.15,0,0
5/1/14,56,42,49,0.24,0,0
5/2/14,64,40,52,0.24,0,0
5/3/14,56,45,50.5,0,0,0
5/4/14,58,39,48.5,0.14,0,0
5/5/14,54,38,46,0,0,0
5/6/14,55,39,47,0,0,0
5/7/14,57,31,44,0,0,0
5/8/14,66,35,50.5,0.05,0,0
5/9/14,76,54,65,0.46,0,0
5/10/14,82,60,71,0.22,0,0
5/11/14,75,41,58,0,0,0
5/12/14,74,45,59.5,0,0,0
5/13/14,80,49,64.5,0,0,0
5/14/14,84,54,69,0.59,0,0
5/15/14,81,55,68,0,0,0
5/16/14,78,48,63,0.7,0,0
5/17/14,53,42,47.5,1.27,0,0
5/18/14,55,40,47.5,0.03,0,0
5/19/14,58,33,45.5,0.01,0,0
5/20/14,65,38,51.5,0.02,0,0
5/21/14,71,44,57.5, T,0,0
5/22/14,65,56,60.5,0.22,0,0
5/23/14,74,52,63,0.01,0,0
5/24/14,57,51,54, T,0,0
5/25/14,69,43,56, T,0,0
5/26/14,74,43,58.5,0,0,0
5/27/14,82,57,69.5,0,0,0
5/28/14,82,54,68,0.23,0,0
5/29/14,59,51,55,0.01,0,0
5/30/14,59,44,51.5,0,0,0
5/31/14,72,41,56.5,0,0,0
6/1/14,70,42,56,0,0,0
6/2/14,77,51,64,0,0,0
6/3/14,85,60,72.5,0.01,0,0
6/4/14,82,47,64.5,0.08,0,0
6/5/14,72,50,61, T,0,0
6/6/14,65,52,58.5,0,0,0
6/7/14,70,45,57.5,0,0,0
6/8/14,78,47,62.5,0,0,0
6/9/14,81,52,66.5,2.16,0,0
6/10/14,66,62,64,0.01,0,0
6/11/14,77,64,70.5,0.16,0,0
6/12/14,69,61,65, T,0,0
6/13/14,68,64,66,0.58,0,0
6/14/14,81,50,65.5,0.28,0,0
6/15/14,58,51,54.5,0,0,0
6/16/14,70,47,58.5,0,0,0
6/17/14,83,58,70.5, T,0,0
6/18/14,86,64,75,0.6,0,0
6/19/14,76,62,69,0.1,0,0
6/20/14,73,42,57.5,0,0,0
6/21/14,69,42,55.5,0,0,0
6/22/14,74,44,59,0,0,0
6/23/14,76,48,62,0,0,0
6/24/14,79,64,71.5,0,0,0
6/25/14,80,67,73.5,0.36,0,0
6/26/14,75,63,69,0.8,0,0
6/27/14,77,54,65.5,0,0,0
6/28/14,83,57,70,0,0,0
6/29/14,83,62,72.5,0,0,0
6/30/14,84,66,75, T,0,0
7/1/14,85,70,77.5,0,0,0
7/2/14,89,70,79.5,0.01,0,0
7/3/14,87,63,75,0.06,0,0
7/4/14,83,57,70,1.42,0,0
7/5/14,68,47,57.5,0,0,0
7/6/14,76,48,62,0,0,0
7/7/14,80,59,69.5,0,0,0
7/8/14,79,64,71.5,0.29,0,0
7/9/14,82,57,69.5,0.63,0,0
7/10/14,77,53,65,0.06,0,0
7/11/14,73,50,61.5,0,0,0
7/12/14,80,58,69,0,0,0
7/13/14,85,66,75.5,0,0,0
7/14/14,77,63,70,0.47,0,0
7/15/14,81,65,73,0,0,0
7/16/14,78,53,65.5,0.16,0,0
7/17/14,72,51,61.5,0,0,0
7/18/14,69,48,58.5,0.02,0,0
7/19/14,78,53,65.5,0,0,0
7/20/14,77,58,67.5,0,0,0
7/21/14,79,61,70,0,0,0
7/22/14,82,65,73.5,0,0,0
7/23/14,85,70,77.5,0,0,0
7/24/14,87,59,73,0.26,0,0
7/25/14,68,45,56.5,0,0,0
7/26/14,78,51,64.5,0,0,0
7/27/14,79,57,68,0,0,0
7/28/14,84,62,73,0.25,0,0
7/29/14,71,50,60.5,0.17,0,0
7/30/14,66,47,56.5,0,0,0
7/31/14,72,54,63,0.05,0,0
8/1/14,73,53,63,0.12,0,0
8/2/14,81,62,71.5,0,0,0
8/3/14,81,58,69.5,0,0,0
8/4/14,77,60,68.5,2.14,0,0
8/5/14,80,57,68.5,0,0,0
8/6/14,79,59,69,0.4,0,0
8/7/14,74,49,61.5,0,0,0
8/8/14,73,48,60.5,0,0,0
8/9/14,75,47,61,0,0,0
8/10/14,80,49,64.5,0,0,0
8/11/14,82,54,68,0,0,0
8/12/14,80,62,71,0.22,0,0
8/13/14,70,62,66,1.28,0,0
8/14/14,73,47,60,0.02,0,0
8/15/14,68,48,58,0,0,0
8/16/14,66,47,56.5,0,0,0
8/17/14,70,49,59.5,0.07,0,0
8/18/14,70,52,61,0,0,0
8/19/14,70,45,57.5,0,0,0
8/20/14,78,47,62.5,0,0,0
8/21/14,78,64,71,0.78,0,0
8/22/14,78,60,69,0.93,0,0
8/23/14,78,62,70,0.09,0,0
8/24/14,67,54,60.5,0,0,0
8/25/14,79,51,65,0,0,0
8/26/14,79,51,65,0,0,0
8/27/14,83,53,68,0,0,0
8/28/14,77,53,65,0,0,0
8/29/14,67,45,56,0,0,0
8/30/14,75,47,61,0,0,0
8/31/14,78,59,68.5, T,0,0
9/1/14,76,59,67.5,0.32,0,0
9/2/14,81,62,71.5,0,0,0
9/3/14,85,61,73,0.78,0,0
9/4/14,78,55,66.5,0,0,0
9/5/14,83,63,73,0,0,0
9/6/14,86,67,76.5,0,0,0
9/7/14,74,49,61.5,0.06,0,0
9/8/14,70,42,56,0,0,0
9/9/14,74,46,60,0,0,0
9/10/14,70,57,63.5,0,0,0
9/11/14,73,61,67,0.02,0,0
9/12/14,72,49,60.5,0.02,0,0
9/13/14,55,39,47,0.01,0,0
9/14/14,64,44,54,0.19,0,0
9/15/14,59,46,52.5,0,0,0
9/16/14,67,48,57.5,0.36,0,0
9/17/14,63,40,51.5,0,0,0
9/18/14,65,41,53,0,0,0
9/19/14,64,32,48,0,0,0
9/20/14,62,35,48.5,0,0,0
9/21/14,70,58,64,0,0,0
9/22/14,77,48,62.5,0.43,0,0
9/23/14,53,38,45.5,0.02,0,0
9/24/14,68,41,54.5,0,0,0
9/25/14,72,44,58,0,0,0
9/26/14,67,42,54.5,0,0,0
9/27/14,71,43,57,0,0,0
9/28/14,76,46,61,0,0,0
9/29/14,80,50,65,0,0,0
9/30/14,76,52,64,0,0,0
10/1/14,76,51,63.5,0.13,0,0
10/2/14,70,47,58.5, T,0,0
10/3/14,71,53,62,0,0,0
10/4/14,70,56,63,0.13,0,0
10/5/14,58,31,44.5,0.11,0,0
10/6/14,54,37,45.5,0,0,0
10/7/14,65,44,54.5,0,0,0
10/8/14,66,53,59.5,0.13,0,0
10/9/14,64,40,52,0,0,0
10/10/14,61,33,47,0,0,0
10/11/14,57,33,45,0,0,0
10/12/14,55,28,41.5,0,0,0
10/13/14,59,30,44.5,0,0,0
10/14/14,64,52,58, T,0,0
10/15/14,77,63,70,0.01,0,0
10/16/14,68,59,63.5,1.5,0,0
10/17/14,70,49,59.5,0.01,0,0
10/18/14,65,51,58,0.17,0,0
10/19/14,54,36,45,0.45,0,0
10/20/14,42,29,35.5,0,0,0
10/21/14,51,34,42.5,0.06,0,0
10/22/14,54,45,49.5,0.01,0,0
10/23/14,48,43,45.5,0.01,0,0
10/24/14,49,43,46,0.01,0,0
10/25/14,57,34,45.5,0,0,0
10/26/14,65,38,51.5,0.2,0,0
10/27/14,51,40,45.5,0.01,0,0
10/28/14,58,41,49.5,0,0,0
10/29/14,75,51,63,0.06,0,0
10/30/14,53,41,47,0,0,0
10/31/14,46,30,38,0,0,0
11/1/14,48,31,39.5,0,0,0
11/2/14,39,33,36,0.03,0,0
11/3/14,41,25,33,0.01,0,0
11/4/14,57,40,48.5,0,0,0
11/5/14,62,49,55.5,0,0,0
11/6/14,57,32,44.5,0,0,0
11/7/14,48,37,42.5,0.43,0,0
11/8/14,37,29,33,0.46, T,0
11/9/14,42,30,36,0,0,0
11/10/14,46,35,40.5,0,0,0
11/11/14,58,42,50,0,0,0
11/12/14,63,46,54.5,0,0,0
11/13/14,47,33,40,0.04,0,0
11/14/14,35,14,24.5,0.11,1.5,2
11/15/14,33,19,26,0.04,0.6,2
11/16/14,36,26,31,0,0, T
11/17/14,36,30,33,0.11,1,1
11/18/14,37,17,27,0.34,0,0
11/19/14,23,13,18,0,0,0
11/20/14,29,14,21.5,0,0,0
11/21/14,31,17,24, T, T, T
11/22/14,28,13,20.5,0,0,0
11/23/14,47,22,34.5,0,0,0
11/24/14,58,43,50.5,0.25,0,0
11/25/14,67,41,54,0,0,0
11/26/14,49,31,40,0,0,0
11/27/14,33,26,29.5,0.4,4.5,5
11/28/14,29,21,25,0.14,2,7
11/29/14,26,12,19,0,0,4
11/30/14,37,19,28,0,0,1
12/1/14,53,37,45, T,0,0
12/2/14,41,19,30,0,0,0
12/3/14,40,20,30,0.08, T,0
12/4/14,41,27,34,0.02,0,0
12/5/14,33,16,24.5,0,0,0
12/6/14,36,25,30.5,0.54,0,0
12/7/14,37,22,29.5,0.37,0,0
12/8/14,29,16,22.5,0,0,0
12/9/14,30,20,25,0,0,0
12/10/14,35,29,32,0.12,0.9,1
12/11/14,29,22,25.5,0.46,9,10
12/12/14,25,23,24, T, T,8
12/13/14,30,24,27,0.1,0.4,8
12/14/14,32,29,30.5,0.05,0,7
12/15/14,36,32,34,0.06,0,6
12/16/14,36,32,34, T,0,4
12/17/14,42,36,39,0.04,0, T
12/18/14,40,29,34.5,0.05, T, T
12/19/14,31,23,27,0.05,0.2, T
12/20/14,26,22,24, T, T, T
12/21/14,27,25,26,0,0, T
12/22/14,32,26,29,0,0, T
12/23/14,39,29,34,0.04,0, T
12/24/14,46,39,42.5,0.07,0,0
12/25/14,57,41,49,0.06,0,0
12/26/14,42,36,39, T,0,0
12/27/14,46,29,37.5,0,0,0
12/28/14,52,38,45,0.16,0,0
12/29/14,40,27,33.5,0,0,0
12/30/14,31,20,25.5,0.05,1.5,2
12/31/14,22,16,19,0.04,0.8,2
1/1/15,22,16,19,0,0,1
1/2/15,33,20,26.5, T, T,1
1/3/15,30,19,24.5,0.01, T, T
1/4/15,44,24,34,0.23,0,0
1/5/15,54,20,37,0.05,0,0
1/6/15,21,9,15, T, T,0
1/7/15,15,7,11,0.03,0.4, T
1/8/15,13,-3,5, T, T, T
1/9/15,16,3,9.5,0.02,0.2, T
1/10/15,24,4,14,0.01,0.3, T
1/11/15,17,4,10.5,0,0, T
1/12/15,32,16,24,0.05,0.5,1
1/13/15,33,1,17,0.12,1.3,2
1/14/15,7,-15,-4,0,0,2
1/15/15,23,-10,6.5, T, T,2
1/16/15,29,6,17.5, T, T,2
1/17/15,28,-7,10.5,0.05,0.5,3
1/18/15,30,-5,12.5,0,0,3
1/19/15,40,29,34.5,0.02,0.2,3
1/20/15,31,20,25.5,0.01,0.5,3
1/21/15,24,-3,10.5,0,0,3
1/22/15,26,-3,11.5, T, T,1
1/23/15,27,9,18,0,0,1
1/24/15,33,19,26,0,0,1
1/25/15,33,21,27,0.01,0.1,1
1/26/15,21,5,13, T, T,1
1/27/15,17,8,12.5,0.22,3,4
1/28/15,12,1,6.5, T, T,4
1/29/15,23,-4,9.5,0,0,4
1/30/15,31,0,15.5,0.1,2.2,6
1/31/15,26,6,16,0.04,1.1,7
2/1/15,22,1,11.5,0,0,7
2/2/15,26,17,21.5,0.41,5,12
2/3/15,26,-4,11,0.15,2.1,13
2/4/15,23,-2,10.5,0.04,1.4,14
2/5/15,31,14,22.5,0.26,4.3,18
2/6/15,15,-14,0.5, T, T,18
2/7/15,22,-1,10.5,0,0,18
2/8/15,35,21,28,0.02,0.3,18
2/9/15,38,13,25.5,0.3,2.4,17
2/10/15,18,14,16,0.2,1.6,19
2/11/15,18,7,12.5, T, T,17
2/12/15,31,10,20.5,0.03,0.6,17
2/13/15,24,0,12,0.06,0.5,17
2/14/15,14,-8,3,0.06,0.5,16
2/15/15,22,1,11.5,0.22,2,17
2/16/15,1,-4,-1.5,0.05,0.5,17
2/17/15,5,-8,-1.5, T, T,17
2/18/15,20,-9,5.5,0,0,16
2/19/15,23,3,13,0.08,1.4,17
2/20/15,9,-8,0.5,0,0,17
2/21/15,13,-11,1,0,0,17
2/22/15,22,13,17.5,0.05,0.6,18
2/23/15,30,4,17,0.01,0.9,18
2/24/15,5,-22,-8.5, T, T,18
2/25/15,20,-5,7.5,0,0,16
2/26/15,24,1,12.5,0,0,15
2/27/15,15,-4,5.5, T, T,15
2/28/15,15,-18,-1.5,0,0,15
3/1/15,28,-8,10,0.04,0.4,15
3/2/15,26,17,21.5,0.06,1,16
3/3/15,27,3,15,0,0,16
3/4/15,31,7,19,0.2,1.8,15
3/5/15,36,12,24,0.02,1,15
3/6/15,13,-9,2,0.03,0.5,15
3/7/15,25,-4,10.5,0,0,15
3/8/15,27,17,22,0.03,0.5,15
3/9/15,38,15,26.5,0,0,15
3/10/15,45,15,30,0,0,14
3/11/15,48,25,36.5,0.08,0,14
3/12/15,46,28,37,0,0,9
3/13/15,33,15,24,0,0,9
3/14/15,47,16,31.5,0.05,0,6
3/15/15,42,32,37,0.01, T,4
3/16/15,32,21,26.5,0.09,0.2,4
3/17/15,51,26,38.5,0.05,0,3
3/18/15,38,21,29.5, T, T,3
3/19/15,27,11,19, T, T,3
3/20/15,32,14,23,0,0,2
3/21/15,32,25,28.5,0.09,1.3,3
3/22/15,42,19,30.5,0.05,0.8,4
3/23/15,23,14,18.5,0.02,0.6,3
3/24/15,22,3,12.5,0,0,2
3/25/15,33,4,18.5,0,0,1
3/26/15,44,26,35,0.04,0, T
3/27/15,38,31,34.5,0.45, T, T
3/28/15,36,17,26.5, T, T, T
3/29/15,22,8,15,0,0, T
3/30/15,42,12,27,0,0, T
3/31/15,44,29,36.5,0.02,0, T
4/1/15,36,18,27,0,0, T
4/2/15,42,18,30,0,0, T
4/3/15,65,37,51,0.12,0,0
4/4/15,63,33,48,0.48,0,0
4/5/15,40,26,33,0.02,0.5, T
4/6/15,34,29,31.5,0.07,0.4, T
4/7/15,64,30,47, T,0,0
4/8/15,41,34,37.5,0.16,0,0
4/9/15,42,36,39,0.91,0,0
4/10/15,45,37,41,0.29,0,0
4/11/15,55,37,46,0.03,0,0
4/12/15,44,26,35,0,0,0
4/13/15,66,34,50,0,0,0
4/14/15,77,39,58,0.64,0,0
4/15/15,59,28,43.5,0,0,0
4/16/15,56,27,41.5,0,0,0
4/17/15,69,33,51,0.06,0,0
4/18/15,61,34,47.5,0,0,0
4/19/15,71,27,49,0,0,0
4/20/15,66,42,54,0.08,0,0
4/21/15,63,45,54,0.63,0,0
4/22/15,56,38,47, T,0,0
4/23/15,50,31,40.5,0.08,0,0
4/24/15,36,29,32.5,0.03, T,0
4/25/15,36,23,29.5,0,0,0
4/26/15,50,23,36.5,0,0,0
4/27/15,49,37,43, T,0,0
4/28/15,47,40,43.5, T,0,0
4/29/15,61,34,47.5,0,0,0
4/30/15,67,33,50,0,0,0
5/1/15,69,36,52.5,0,0,0
5/2/15,61,36,48.5,0,0,0
5/3/15,69,39,54,0,0,0
5/4/15,75,45,60,0,0,0
5/5/15,82,48,65,0,0,0
5/6/15,69,51,60,0.06,0,0
5/7/15,70,43,56.5, T,0,0
5/8/15,81,51,66,0,0,0
5/9/15,87,62,74.5,0,0,0
5/10/15,84,63,73.5,0,0,0
5/11/15,87,61,74,0.25,0,0
5/12/15,84,63,73.5,0.51,0,0
5/13/15,74,47,60.5,0.15,0,0
5/14/15,51,31,41,0.01,0,0
5/15/15,64,39,51.5,0,0,0
5/16/15,72,55,63.5,0.3,0,0
5/17/15,76,56,66,0.04,0,0
5/18/15,79,58,68.5,0,0,0
5/19/15,84,63,73.5,1.11,0,0
5/20/15,78,42,60,0,0,0
5/21/15,53,38,45.5,0,0,0
5/22/15,60,39,49.5,0,0,0
5/23/15,60,28,44,0,0,0
5/24/15,65,36,50.5,0,0,0
5/25/15,78,49,63.5,0,0,0
5/26/15,85,64,74.5,0,0,0
5/27/15,81,67,74,0,0,0
5/28/15,80,61,70.5,0,0,0
5/29/15,71,45,58,0,0,0
5/30/15,81,60,70.5,0,0,0
5/31/15,82,49,65.5,0.26,0,0
6/1/15,51,48,49.5,0.35,0,0
6/2/15,54,47,50.5,0.09,0,0
6/3/15,60,41,50.5,0.02,0,0
6/4/15,73,46,59.5,0,0,0
6/5/15,73,57,65,0,0,0
6/6/15,79,52,65.5,0.23,0,0
6/7/15,61,39,50,0,0,0
6/8/15,79,53,66,0.02,0,0
6/9/15,72,62,67,2.02,0,0
6/10/15,70,51,60.5,0.45,0,0
6/11/15,79,60,69.5,0.02,0,0
6/12/15,78,55,66.5,0,0,0
6/13/15,87,57,72,0.38,0,0
6/14/15,75,53,64,0,0,0
6/15/15,81,61,71,0.57,0,0
6/16/15,80,66,73,0.04,0,0
6/17/15,78,52,65,0.26,0,0
6/18/15,74,59,66.5, T,0,0
6/19/15,73,63,68,0.01,0,0
6/20/15,66,46,56, T,0,0
6/21/15,74,56,65,0.08,0,0
6/22/15,79,54,66.5,0.28,0,0
6/23/15,82,54,68,0.02,0,0
6/24/15,84,52,68,0.12,0,0
6/25/15,74,60,67,0,0,0
6/26/15,76,51,63.5,0,0,0
6/27/15,78,53,65.5,0,0,0
6/28/15,75,52,63.5,1.18,0,0
6/29/15,75,52,63.5,0.41,0,0
6/30/15,72,57,64.5,0.04,0,0
7/1/15,76,60,68,0.79,0,0
7/2/15,73,57,65,0.08,0,0
7/3/15,71,44,57.5, T,0,0
7/4/15,76,50,63,0.09,0,0
7/5/15,70,53,61.5,0.08,0,0
7/6/15,78,56,67,0,0,0
7/7/15,78,58,68,0.02,0,0
7/8/15,85,61,73,0.21,0,0
7/9/15,69,56,62.5,0.01,0,0
7/10/15,70,55,62.5,0.84,0,0
7/11/15,78,50,64,0,0,0
7/12/15,79,57,68,0,0,0
7/13/15,81,59,70,0,0,0
7/14/15,83,64,73.5,0.02,0,0
7/15/15,77,56,66.5,1.06,0,0
7/16/15,64,44,54,0.02,0,0
7/17/15,73,49,61,0,0,0
7/18/15,76,64,70,0.01,0,0
7/19/15,86,66,76,0.09,0,0
7/20/15,87,69,78,0.36,0,0
7/21/15,82,59,70.5,0,0,0
7/22/15,79,51,65,0.55,0,0
7/23/15,73,49,61, T,0,0
7/24/15,75,49,62,0,0,0
7/25/15,79,52,65.5,0,0,0
7/26/15,79,60,69.5,0.35,0,0
7/27/15,82,60,71,0,0,0
7/28/15,84,59,71.5,0,0,0
7/29/15,86,59,72.5,0,0,0
7/30/15,88,69,78.5,0,0,0
7/31/15,82,56,69,0.35,0,0
8/1/15,82,62,72,0.01,0,0
8/2/15,78,53,65.5,0,0,0
8/3/15,82,63,72.5,0,0,0
8/4/15,81,56,68.5,0.2,0,0
8/5/15,76,56,66,0.05,0,0
8/6/15,74,49,61.5, T,0,0
8/7/15,72,46,59,0,0,0
8/8/15,77,49,63,0,0,0
8/9/15,74,54,64,0,0,0
8/10/15,80,57,68.5,0,0,0
8/11/15,78,65,71.5,0.51,0,0
8/12/15,75,64,69.5,0.01,0,0
8/13/15,73,48,60.5,0.01,0,0
8/14/15,76,57,66.5,0,0,0
8/15/15,84,65,74.5,0,0,0
8/16/15,83,59,71,0,0,0
8/17/15,86,59,72.5,0,0,0
8/18/15,88,63,75.5,0,0,0
8/19/15,88,68,78,0.08,0,0
8/20/15,84,70,77,0,0,0
8/21/15,80,56,68,0.53,0,0
8/22/15,74,48,61,0,0,0
8/23/15,73,51,62,0,0,0
8/24/15,77,56,66.5,0,0,0
8/25/15,77,51,64,0,0,0
8/26/15,74,50,62,0,0,0
8/27/15,68,56,62,0,0,0
8/28/15,67,45,56,0,0,0
8/29/15,75,49,62,0,0,0
8/30/15,80,54,67,0,0,0
8/31/15,80,62,71,0,0,0
9/1/15,84,58,71,0,0,0
9/2/15,83,56,69.5,0,0,0
9/3/15,84,59,71.5,0,0,0
9/4/15,84,62,73,0,0,0
9/5/15,85,64,74.5,0,0,0
9/6/15,84,63,73.5,0,0,0
9/7/15,87,65,76,0,0,0
9/8/15,90,64,77,0,0,0
9/9/15,91,67,79,0,0,0
9/10/15,89,62,75.5,0.11,0,0
9/11/15,66,52,59,0.01,0,0
9/12/15,75,49,62,0,0,0
9/13/15,65,55,60,0.32,0,0
9/14/15,60,50,55,0.34,0,0
9/15/15,69,44,56.5,0,0,0
9/16/15,78,49,63.5,0,0,0
9/17/15,82,51,66.5,0,0,0
9/18/15,83,53,68,0,0,0
9/19/15,83,55,69,0,0,0
9/20/15,77,52,64.5,0.79,0,0
9/21/15,65,37,51,0,0,0
9/22/15,64,40,52, T,0,0
9/23/15,71,41,56,0,0,0
9/24/15,73,43,58,0,0,0
9/25/15,76,46,61,0,0,0
9/26/15,74,51,62.5,0,0,0
9/27/15,71,49,60,0,0,0
9/28/15,73,53,63,0.01,0,0
9/29/15,71,60,65.5,0.05,0,0
9/30/15,69,57,63,2.36,0,0
10/1/15,57,45,51,0.1,0,0
10/2/15,54,37,45.5, T,0,0
10/3/15,49,38,43.5,0,0,0
10/4/15,50,43,46.5,0.07,0,0
10/5/15,64,42,53,0,0,0
10/6/15,68,42,55,0,0,0
10/7/15,58,51,54.5,0.02,0,0
10/8/15,66,44,55,0.01,0,0
10/9/15,65,48,56.5, T,0,0
10/10/15,63,41,52,0.37,0,0
10/11/15,56,38,47,0,0,0
10/12/15,71,41,56,0,0,0
10/13/15,75,47,61, T,0,0
10/14/15,65,52,58.5,0.04,0,0
10/15/15,55,38,46.5, T,0,0
10/16/15,63,40,51.5,0.13,0,0
10/17/15,56,36,46,0.11,0,0
10/18/15,43,28,35.5, T,0,0
10/19/15,38,25,31.5,0.02, T,0
10/20/15,53,27,40,0,0,0
10/21/15,67,50,58.5,0.02,0,0
10/22/15,67,51,59,0.05,0,0
10/23/15,65,36,50.5,0.01,0,0
10/24/15,48,29,38.5,0,0,0
10/25/15,52,39,45.5,0.37,0,0
10/26/15,51,27,39,0.03,0,0
10/27/15,48,24,36,0,0,0
10/28/15,55,30,42.5,0.03,0,0
10/29/15,61,46,53.5,0.79,0,0
10/30/15,58,43,50.5,0.02,0,0
10/31/15,47,25,36,0,0,0
11/1/15,49,27,38,0.05,0,0
11/2/15,64,34,49,0,0,0
11/3/15,58,36,47,0,0,0
11/4/15,70,39,54.5,0,0,0
11/5/15,75,44,59.5,0,0,0
11/6/15,70,59,64.5,0,0,0
11/7/15,71,46,58.5, T,0,0
11/8/15,50,36,43, T,0,0
11/9/15,51,26,38.5,0,0,0
11/10/15,56,28,42,0.01,0,0
11/11/15,58,48,53,0.85,0,0
11/12/15,51,47,49,0.06,0,0
11/13/15,55,47,51,0.04,0,0
11/14/15,48,34,41,0.09,0,0
11/15/15,40,29,34.5, T,0,0
11/16/15,59,30,44.5,0,0,0
11/17/15,56,21,38.5,0,0,0
11/18/15,52,30,41,0,0,0
11/19/15,58,43,50.5, T,0,0
11/20/15,59,37,48,0.05,0,0
11/21/15,46,26,36,0,0,0
11/22/15,47,30,38.5,0,0,0
11/23/15,41,26,33.5,0.01,0.4, T
11/24/15,32,20,26, T, T, T
11/25/15,35,21,28,0,0,0
11/26/15,46,22,34,0,0,0
11/27/15,52,39,45.5,0,0,0
11/28/15,61,35,48,0.2,0,0
11/29/15,35,28,31.5,0.01,0,0
11/30/15,33,17,25,0,0,0
12/1/15,42,20,31,0.05,0,0
12/2/15,48,40,44,0.05,0,0
12/3/15,48,37,42.5,0.58,0,0
12/4/15,41,36,38.5, T,0,0
12/5/15,42,37,39.5,0,0,0
12/6/15,45,23,34,0,0,0
12/7/15,50,23,36.5,0,0,0
12/8/15,41,28,34.5,0,0,0
12/9/15,42,30,36,0,0,0
12/10/15,48,35,41.5,0.01,0,0
12/11/15,53,42,47.5,0,0,0
12/12/15,57,29,43,0,0,0
12/13/15,56,33,44.5,0,0,0
12/14/15,61,45,53,0,0,0
12/15/15,63,46,54.5,0.26,0,0
12/16/15,48,35,41.5,0.01,0,0
12/17/15,47,36,41.5,0,0,0
12/18/15,49,35,42,0.16,0,0
12/19/15,35,24,29.5, T,0.3, T
12/20/15,28,24,26,0,0, T
12/21/15,37,27,32,0,0,0
12/22/15,48,37,42.5,0.09,0,0
12/23/15,55,41,48,0.39,0,0
12/24/15,62,44,53,0.08,0,0
12/25/15,65,32,48.5,0,0,0
12/26/15,60,30,45,0,0,0
12/27/15,49,31,40,0.4,0,0
12/28/15,52,26,39,0.2, T, T
12/29/15,33,26,29.5,0.43,0.5,1
12/30/15,39,33,36,0.02,0, T
12/31/15,45,34,39.5,0.06,0,0
1/1/16,34,30,32,0.09, T, T
1/2/16,33,22,27.5,0.03,0.5, T
1/3/16,32,26,29, T, T, T
1/4/16,34,11,22.5,0.05,1.1,1
1/5/16,12,6,9, T, T,1
1/6/16,22,6,14,0,0, T
1/7/16,36,8,22,0,0, T
1/8/16,43,13,28,0,0,0
1/9/16,38,15,26.5, T,0,0
1/10/16,45,37,41,0.57,0,0
1/11/16,53,18,35.5,0.38,0.2, T
1/12/16,21,16,18.5, T,0.1, T
1/13/16,28,14,21,0.05,0.5,1
1/14/16,20,13,16.5,0.03,0.8,1
1/15/16,35,16,25.5, T, T,1
1/16/16,45,34,39.5,0.22,0, T
1/17/16,39,27,33, T, T, T
1/18/16,29,11,20,0.08,1,1
1/19/16,17,11,14, T,0.3,1
1/20/16,22,13,17.5,0.03,0.6,2
1/21/16,24,18,21,0.06,1.4,3
1/22/16,23,-8,7.5,0.05,1,4
1/23/16,20,-3,8.5,0,0,3
1/24/16,22,14,18, T, T,3
1/25/16,26,12,19,0,0,2
1/26/16,35,19,27,0,0,2
1/27/16,51,32,41.5, T, T,0
1/28/16,33,23,28,0.01,0.1, T
1/29/16,35,24,29.5, T, T, T
1/30/16,32,21,26.5, T, T, T
1/31/16,43,22,32.5,0,0,0
2/1/16,56,43,49.5,0.02,0,0
2/2/16,46,24,35,0,0,0
2/3/16,45,27,36,0.11,0,0
2/4/16,52,36,44,0.3,0,0
2/5/16,41,29,35,0,0,0
2/6/16,31,19,25, T,0,0
2/7/16,41,22,31.5,0,0,0
2/8/16,45,23,34,0,0,0
2/9/16,39,25,32, T, T, T
2/10/16,37,24,30.5,0.17,3,3
2/11/16,27,12,19.5, T,0.1,2
2/12/16,12,0,6, T, T,1
2/13/16,20,1,10.5,0.07,1.3,2
2/14/16,1,-12,-5.5,0.03,0.5,2
2/15/16,9,-12,-1.5,0,0,2
2/16/16,36,9,22.5,0.42,0.7,2
2/17/16,34,26,30,1.5,1.8,4
2/18/16,32,11,21.5,0.11,1.9,5
2/19/16,19,-1,9, T, T,5
2/20/16,38,15,26.5, T, T,4
2/21/16,57,29,43,0,0, T
2/22/16,40,23,31.5,0,0,0
2/23/16,32,15,23.5,0,0,0
2/24/16,41,22,31.5,0.09,0,0
2/25/16,52,34,43,0.8,0,0
2/26/16,44,16,30,0.16,0.2, T
2/27/16,24,17,20.5, T, T, T
2/28/16,40,21,30.5,0,0,0
2/29/16,62,40,51,0.01,0,0
3/1/16,49,18,33.5, T, T,0
3/2/16,50,20,35,0.03,0,0
3/3/16,27,14,20.5, T, T,0
3/4/16,26,15,20.5,0.01,0.2, T
3/5/16,29,10,19.5,0,0, T
3/6/16,31,15,23, T, T, T
3/7/16,40,24,32,0,0,0
3/8/16,60,33,46.5,0,0,0
3/9/16,68,37,52.5,0,0,0
3/10/16,75,52,63.5,0.01,0,0
3/11/16,60,38,49,0.62,0,0
3/12/16,39,25,32,0,0,0
3/13/16,64,32,48,0,0,0
3/14/16,52,32,42,0.15,0,0
3/15/16,45,39,42,0.01,0,0
3/16/16,50,42,46,0.01,0,0
3/17/16,61,34,47.5,0.23, T, T
3/18/16,57,36,46.5, T,0,0
3/19/16,38,19,28.5,0.05,0,0
3/20/16,35,13,24,0,0,0
3/21/16,41,15,28,0,0,0
3/22/16,37,21,29, T,0,0
3/23/16,53,27,40, T,0,0
3/24/16,50,34,42, T,0,0
3/25/16,72,34,53,0.12,0,0
3/26/16,57,29,43,0,0,0
3/27/16,53,29,41,0,0,0
3/28/16,59,38,48.5,0.02,0,0
3/29/16,58,31,44.5,0.1,0,0
3/30/16,40,20,30,0,0,0
3/31/16,60,21,40.5,0,0,0
4/1/16,68,50,59,0.01,0,0
4/2/16,65,39,52,0.16,0,0
4/3/16,49,20,34.5,0.29,2.8,3
4/4/16,27,20,23.5,0.13,1.5,4
4/5/16,28,-1,13.5,0.11,1.1,5
4/6/16,29,8,18.5,0,0,2
4/7/16,45,25,35,0,0, T
4/8/16,50,31,40.5,0.53,0,0
4/9/16,34,21,27.5,0.01,0,0
4/10/16,33,21,27,0.01, T, T
4/11/16,43,23,33, T,0,0
4/12/16,53,32,42.5,0.45,0,0
4/13/16,45,22,33.5,0,0,0
4/14/16,45,25,35,0,0,0
4/15/16,53,24,38.5,0,0,0
4/16/16,63,29,46,0,0,0
4/17/16,65,32,48.5,0,0,0
4/18/16,69,33,51,0,0,0
4/19/16,71,42,56.5,0,0,0
4/20/16,55,25,40,0,0,0
4/21/16,62,33,47.5,0,0,0
4/22/16,75,52,63.5,0.11,0,0
4/23/16,63,39,51,0.25,0,0
4/24/16,49,25,37,0,0,0
4/25/16,56,33,44.5,0,0,0
4/26/16,58,43,50.5,0.11,0,0
4/27/16,45,26,35.5,0.32,0,0
4/28/16,54,28,41,0,0,0
4/29/16,55,37,46, T,0,0
4/30/16,54,41,47.5,0.12,0,0
5/1/16,58,42,50,0.24,0,0
5/2/16,51,42,46.5,0.14,0,0
5/3/16,49,41,45,0.36,0,0
5/4/16,53,43,48,0.01,0,0
5/5/16,60,43,51.5,0.24,0,0
5/6/16,56,45,50.5, T,0,0
5/7/16,58,38,48,0.17,0,0
5/8/16,63,42,52.5,0.05,0,0
5/9/16,55,40,47.5,0,0,0
5/10/16,60,29,44.5,0,0,0
5/11/16,63,30,46.5,0,0,0
5/12/16,72,36,54,0,0,0
5/13/16,80,48,64,0.04,0,0
5/14/16,70,44,57,0.13,0,0
5/15/16,65,39,52,0.09,0,0
5/16/16,48,32,40, T, T,0
5/17/16,61,43,52,0,0,0
5/18/16,57,33,45,0,0,0
5/19/16,62,32,47,0,0,0
5/20/16,65,35,50,0,0,0
5/21/16,71,42,56.5,0,0,0
5/22/16,65,49,57,0.02,0,0
5/23/16,67,44,55.5,0.01,0,0
5/24/16,77,41,59,0,0,0
5/25/16,78,44,61,0,0,0
5/26/16,82,53,67.5,0,0,0
5/27/16,83,63,73,0,0,0
5/28/16,88,59,73.5,0.1,0,0
5/29/16,90,68,79,0,0,0
5/30/16,85,63,74,0.3,0,0
5/31/16,81,51,66,0,0,0
6/1/16,79,45,62,0,0,0
6/2/16,82,53,67.5,0,0,0
6/3/16,72,63,67.5,0.12,0,0
6/4/16,82,51,66.5,0,0,0
6/5/16,83,60,71.5,0.11,0,0
6/6/16,74,56,65,0.57,0,0
6/7/16,77,53,65,0.01,0,0
6/8/16,72,45,58.5,0.07,0,0
6/9/16,56,44,50,0.01,0,0
6/10/16,64,37,50.5,0,0,0
6/11/16,69,42,55.5,0,0,0
6/12/16,84,56,70,0.03,0,0
6/13/16,65,50,57.5,0,0,0
6/14/16,62,39,50.5,0,0,0
6/15/16,70,41,55.5,0,0,0
6/16/16,81,47,64,0.04,0,0
6/17/16,80,49,64.5,0,0,0
6/18/16,81,49,65,0,0,0
6/19/16,85,49,67,0,0,0
6/20/16,87,57,72,0,0,0
6/21/16,88,57,72.5,0.02,0,0
6/22/16,77,49,63,0,0,0
6/23/16,74,47,60.5,0,0,0
6/24/16,77,40,58.5,0,0,0
6/25/16,82,47,64.5,0,0,0
6/26/16,87,62,74.5,0,0,0
6/27/16,88,67,77.5,0,0,0
6/28/16,84,65,74.5,0.09,0,0
6/29/16,81,53,67,0,0,0
6/30/16,74,48,61,0,0,0
7/1/16,82,53,67.5,0,0,0
7/2/16,78,55,66.5,0.07,0,0
7/3/16,75,48,61.5,0,0,0
7/4/16,78,49,63.5,0,0,0
7/5/16,84,58,71,0,0,0
7/6/16,86,58,72,0,0,0
7/7/16,91,66,78.5,0,0,0
7/8/16,89,61,75,0.08,0,0
7/9/16,85,66,75.5,0.06,0,0
7/10/16,85,63,74,0.26,0,0
7/11/16,70,50,60,0.08,0,0
7/12/16,80,56,68,0,0,0
7/13/16,89,68,78.5,0,0,0
7/14/16,90,71,80.5,0.02,0,0
7/15/16,89,62,75.5,0.09,0,0
7/16/16,88,54,71,0,0,0
7/17/16,80,57,68.5,0.24,0,0
7/18/16,84,60,72,0,0,0
7/19/16,81,56,68.5,0.14,0,0
7/20/16,77,47,62,0,0,0
7/21/16,80,50,65,0,0,0
7/22/16,89,60,74.5,0,0,0
7/23/16,91,60,75.5,0,0,0
7/24/16,88,55,71.5,0,0,0
7/25/16,89,62,75.5,0,0,0
7/26/16,83,60,71.5,0.66,0,0
7/27/16,81,56,68.5,0,0,0
7/28/16,86,60,73,0,0,0
7/29/16,84,58,71,0,0,0
7/30/16,85,57,71,0.03,0,0
7/31/16,71,61,66,0.14,0,0
8/1/16,78,67,72.5,0.37,0,0
8/2/16,82,62,72,0.36,0,0
8/3/16,81,61,71,0,0,0
8/4/16,80,64,72,0,0,0
8/5/16,84,64,74,0,0,0
8/6/16,84,69,76.5,0.61,0,0
8/7/16,81,54,67.5,0,0,0
8/8/16,80,51,65.5,0,0,0
8/9/16,81,51,66,0,0,0
8/10/16,86,57,71.5,1.06,0,0
8/11/16,88,69,78.5,0,0,0
8/12/16,90,70,80,0.13,0,0
8/13/16,91,72,81.5,0,0,0
8/14/16,92,71,81.5,0.17,0,0
8/15/16,81,64,72.5,0.07,0,0
8/16/16,77,66,71.5,0,0,0
8/17/16,87,65,76,0.67,0,0
8/18/16,79,63,71,0,0,0
8/19/16,82,56,69,0,0,0
8/20/16,85,59,72,0,0,0
8/21/16,86,69,77.5,0,0,0
8/22/16,74,57,65.5,0.62,0,0
8/23/16,70,47,58.5,0,0,0
8/24/16,79,51,65,0,0,0
8/25/16,84,58,71,0,0,0
8/26/16,84,68,76,0.08,0,0
8/27/16,83,57,70,0,0,0
8/28/16,84,60,72,0,0,0
8/29/16,88,67,77.5,0.09,0,0
8/30/16,79,48,63.5,0,0,0
8/31/16,81,53,67,0,0,0
9/1/16,75,57,66,0.12,0,0
9/2/16,73,51,62,0,0,0
9/3/16,72,42,57,0,0,0
9/4/16,73,44,58.5,0,0,0
9/5/16,78,49,63.5,0,0,0
9/6/16,82,48,65,0,0,0
9/7/16,82,54,68,0,0,0
9/8/16,88,57,72.5,0,0,0
9/9/16,89,70,79.5,0.49,0,0
9/10/16,78,66,72,0,0,0
9/11/16,86,56,71,0.19,0,0
9/12/16,70,45,57.5,0,0,0
9/13/16,76,47,61.5,0,0,0
9/14/16,84,58,71,0,0,0
9/15/16,74,40,57, T,0,0
9/16/16,69,40,54.5,0,0,0
9/17/16,76,45,60.5,0,0,0
9/18/16,73,59,66,0.81,0,0
9/19/16,79,62,70.5,0.11,0,0
9/20/16,79,54,66.5,0,0,0
9/21/16,85,49,67,0,0,0
9/22/16,79,50,64.5,0,0,0
9/23/16,84,52,68,0,0,0
9/24/16,76,44,60,0,0,0
9/25/16,63,34,48.5,0,0,0
9/26/16,63,38,50.5,0,0,0
9/27/16,69,49,59,0.04,0,0
9/28/16,72,41,56.5,0,0,0
9/29/16,73,46,59.5,0.22,0,0
9/30/16,58,49,53.5,0.07,0,0
10/1/16,57,50,53.5,0.12,0,0
10/2/16,63,53,58,0.69,0,0
10/3/16,67,51,59,0.02,0,0
10/4/16,66,50,58,0.03,0,0
10/5/16,65,42,53.5, T,0,0
10/6/16,70,43,56.5,0,0,0
10/7/16,75,42,58.5,0,0,0
10/8/16,74,45,59.5,0.17,0,0
10/9/16,63,47,55,0.09,0,0
10/10/16,57,37,47,0.02,0,0
10/11/16,52,28,40,0,0,0
10/12/16,65,30,47.5,0,0,0
10/13/16,69,48,58.5,0,0,0
10/14/16,58,30,44,0.05,0,0
10/15/16,56,32,44,0,0,0
10/16/16,66,40,53,0,0,0
10/17/16,73,53,63,0.29,0,0
10/18/16,70,60,65,0.01,0,0
10/19/16,80,58,69,0.14,0,0
10/20/16,66,45,55.5,0.06,0,0
10/21/16,63,51,57,3.44,0,0
10/22/16,51,40,45.5,0.62,0,0
10/23/16,44,39,41.5,0.36,0,0
10/24/16,53,44,48.5,0.06,0,0
10/25/16,47,38,42.5,0.1,0,0
10/26/16,45,36,40.5,0.01, T,0
10/27/16,40,30,35,0.27,1,1
10/28/16,45,33,39,0.22,0,0
10/29/16,44,28,36,0.01,0,0
10/30/16,69,40,54.5,0,0,0
10/31/16,53,33,43,0.11,0,0
11/1/16,45,27,36,0,0,0
11/2/16,56,38,47,0,0,0
11/3/16,72,51,61.5,0.06,0,0
11/4/16,58,42,50,0.34,0,0
11/5/16,48,31,39.5,0,0,0
11/6/16,56,38,47,0,0,0
11/7/16,47,25,36,0,0,0
11/8/16,59,30,44.5,0,0,0
11/9/16,66,30,48,0.15,0,0
11/10/16,49,29,39,0.02,0,0
11/11/16,57,30,43.5,0.01,0,0
11/12/16,47,29,38,0,0,0
11/13/16,45,26,35.5,0,0,0
11/14/16,60,24,42,0,0,0
11/15/16,60,29,44.5,0,0,0
11/16/16,52,34,43, T,0,0
11/17/16,53,34,43.5,0.08,0,0
11/18/16,51,29,40,0,0,0
11/19/16,68,32,50,0,0,0
11/20/16,68,31,49.5,0.26, T, T
11/21/16,32,25,28.5,0.28,4.5,4
11/22/16,29,26,27.5,0.13,2.3,5
11/23/16,31,26,28.5,0.09,0.8,4
11/24/16,36,26,31, T,0,2
11/25/16,37,34,35.5,0.11,0,1
11/26/16,47,35,41,0.11,0, T
11/27/16,38,33,35.5,0.19,0,0
11/28/16,42,25,33.5, T,0,0
11/29/16,48,30,39, T,0,0
11/30/16,54,40,47,0.01,0,0
12/1/16,54,42,48,0.42,0,0
12/2/16,43,37,40, T,0,0
12/3/16,40,33,36.5,0.03, T,0
12/4/16,36,32,34,0.07, T,0
12/5/16,38,29,33.5,0.05,1.1,1
12/6/16,40,21,30.5,0,0,0
12/7/16,38,23,30.5,0.47,0.9,1
12/8/16,43,29,36,0,0,0
12/9/16,34,25,29.5,0.05,0.9,1
12/10/16,26,20,23,0.03,0.3, T
12/11/16,28,11,19.5,0.03,0.3, T
12/12/16,31,18,24.5,0.09,2.3,3
12/13/16,40,30,35, T, T,1
12/14/16,34,22,28,0.05,0.6,2
12/15/16,26,11,18.5,0.02,0.5,2
12/16/16,16,7,11.5,0.07,2,4
12/17/16,18,8,13,0.15,3.7,7
12/18/16,46,18,32,0.42,0,4
12/19/16,35,6,20.5,0.18,0.1,1
12/20/16,25,8,16.5,0,0,1
12/21/16,29,11,20,0,0,1
12/22/16,34,14,24,0.05,0.9,1
12/23/16,35,21,28, T, T,1
12/24/16,40,22,31,0,0, T
12/25/16,41,34,37.5,0,0, T
12/26/16,36,18,27,0,0, T
12/27/16,46,31,38.5,0.14,0,0
12/28/16,42,26,34,0.1,0.8,1
12/29/16,30,25,27.5,0.03,0.5,1
12/30/16,37,28,32.5,0.1,0.9,1
12/31/16,31,24,27.5, T,0.4,1
1/1/17,38,25,31.5, T, T,1
1/2/17,40,21,30.5,0,0,1
1/3/17,37,22,29.5,0.09,0, T
1/4/17,41,35,38,0.37,0,0
1/5/17,40,17,28.5,0.01,0.4, T
1/6/17,25,11,18,0.03,1,1
1/7/17,18,3,10.5,0,0,1
1/8/17,21,4,12.5,0,0,1
1/9/17,17,1,9, T,0.2, T
1/10/17,20,6,13,0,0, T
1/11/17,39,18,28.5,0.06,0.5,1
1/12/17,48,39,43.5,0.02,0,0
1/13/17,51,29,40,0.43,0,0
1/14/17,29,18,23.5, T, T, T
1/15/17,28,17,22.5,0,0,0
1/16/17,28,12,20,0,0,0
1/17/17,42,19,30.5,0,0,0
1/18/17,38,34,36,0.43,0,0
1/19/17,39,33,36,0.05,0,0
1/20/17,36,32,34,0.01,0,0
1/21/17,40,33,36.5, T,0,0
1/22/17,54,36,45,0,0,0
1/23/17,58,36,47,0,0,0
1/24/17,40,29,34.5,0.91,3.6,4
1/25/17,31,27,29,0.18,2.4,6
1/26/17,40,30,35,0,0,3
1/27/17,40,32,36,0.02, T,1
1/28/17,33,27,30,0.01,0.2, T
1/29/17,29,27,28,0.01,0.1, T
1/30/17,31,15,23,0.01,0.5,1
1/31/17,23,7,15, T, T,1
2/1/17,33,17,25,0.05,0.6,2
2/2/17,37,22,29.5, T, T,2
2/3/17,29,17,23,0.04,0.8,3
2/4/17,22,12,17, T, T,2
2/5/17,28,12,20,0,0,1
2/6/17,34,22,28, T, T,1
2/7/17,37,22,29.5, T,0,1
2/8/17,51,31,41,0.28,0,0
2/9/17,45,15,30,0.26,2.2,2
2/10/17,17,13,15, T,0.3,2
2/11/17,28,16,22,0.04,0.4,2
2/12/17,41,28,34.5,0.14,0,0
2/13/17,36,25,30.5,0.69,4,4
2/14/17,27,17,22,0.01,0.2,3
2/15/17,43,19,31,0.01,0,2
2/16/17,37,18,27.5,0.12,2,4
2/17/17,23,18,20.5, T,0.5,4
2/18/17,36,20,28,0,0,2
2/19/17,64,30,47,0,0,0
2/20/17,56,31,43.5,0,0,0
2/21/17,40,22,31,0,0,0
2/22/17,47,32,39.5,0.01,0,0
2/23/17,60,40,50,0,0,0
2/24/17,67,41,54,0,0,0
2/25/17,73,42,57.5,0,0,0
2/26/17,64,25,44.5,0.55, T,0
2/27/17,34,24,29, T, T,0
2/28/17,50,33,41.5,0.02,0,0
3/1/17,60,35,47.5,0,0,0
3/2/17,65,24,44.5,0.04, T, T
3/3/17,33,12,22.5,0.01,0.2, T
3/4/17,27,12,19.5,0.05,1.5,2
3/5/17,14,-5,4.5,0.02,0.4,1
3/6/17,30,-5,12.5,0,0, T
3/7/17,51,26,38.5,0.1,0,0
3/8/17,53,34,43.5,0.52,0,0
3/9/17,52,34,43,0,0,0
3/10/17,43,27,35, T, T, T
3/11/17,27,7,17,0.06,1.2,1
3/12/17,17,8,12.5,0.04,1,1
3/13/17,19,5,12, T,0.3,1
3/14/17,28,6,17,0.31,3,3
3/15/17,19,14,16.5,0.71,9.8,12
3/16/17,20,14,17,0.1,2.6,13
3/17/17,31,9,20,0,0,11
3/18/17,38,6,22,0,0,9
3/19/17,31,28,29.5, T, T,8
3/20/17,41,12,26.5,0,0,7
3/21/17,40,13,26.5,0,0,6
3/22/17,48,18,33,0.02,0.4,4
3/23/17,21,5,13, T, T,3
3/24/17,37,5,21, T, T,2
3/25/17,48,32,40,0.57,0,1
3/26/17,36,33,34.5,0.34,0, T
3/27/17,42,36,39,0.12,0,0
3/28/17,57,39,48, T,0,0
3/29/17,51,32,41.5,0.04,0,0
3/30/17,46,24,35,0,0,0
3/31/17,45,26,35.5,0.21,0,0
4/1/17,40,34,37,0.39,0,0
4/2/17,36,26,31,0,0,0
4/3/17,56,26,41,0,0,0
4/4/17,63,34,48.5,0.3,0,0
4/5/17,64,41,52.5,0.08,0,0
4/6/17,52,39,45.5,0,0,0
4/7/17,47,32,39.5,1.2,0.4, T
4/8/17,35,30,32.5,0.11, T, T
4/9/17,47,26,36.5,0,0,0
4/10/17,69,31,50,0,0,0
4/11/17,79,53,66,0,0,0
4/12/17,78,49,63.5,0.04,0,0
4/13/17,54,36,45,0,0,0
4/14/17,49,29,39,0,0,0
4/15/17,62,33,47.5,0,0,0
4/16/17,70,51,60.5,0.08,0,0
4/17/17,80,50,65,0.19,0,0
4/18/17,58,35,46.5,0,0,0
4/19/17,58,34,46,0,0,0
4/20/17,54,46,50,0.31,0,0
4/21/17,57,44,50.5,1.66,0,0
4/22/17,64,41,52.5,0.09,0,0
4/23/17,46,28,37,0,0,0
4/24/17,67,32,49.5,0,0,0
4/25/17,67,36,51.5, T,0,0
4/26/17,61,47,54,0.04,0,0
4/27/17,76,53,64.5,0,0,0
4/28/17,76,54,65,0.1,0,0
4/29/17,75,56,65.5,0,0,0
4/30/17,61,37,49,0,0,0
5/1/17,66,43,54.5,0,0,0
5/2/17,74,47,60.5,1.02,0,0
5/3/17,59,44,51.5,0.11,0,0
5/4/17,53,29,41,0,0,0
5/5/17,53,33,43,0.3,0,0
5/6/17,60,46,53,0.41,0,0
5/7/17,55,40,47.5,0.47,0,0
5/8/17,44,35,39.5,0.15,0,0
5/9/17,48,31,39.5,0,0,0
5/10/17,54,34,44,0,0,0
5/11/17,53,34,43.5,0,0,0
5/12/17,62,37,49.5,0,0,0
5/13/17,63,46,54.5,0.18,0,0
5/14/17,52,41,46.5,0.01,0,0
5/15/17,59,44,51.5,0.34,0,0
5/16/17,62,38,50,0,0,0
5/17/17,68,42,55,0.01,0,0
5/18/17,88,60,74,0,0,0
5/19/17,89,60,74.5,0.09,0,0
5/20/17,71,47,59,0,0,0
5/21/17,68,45,56.5,0,0,0
5/22/17,65,51,58,0.01,0,0
5/23/17,69,39,54,0.22,0,0
5/24/17,72,44,58,0,0,0
5/25/17,73,49,61,0,0,0
5/26/17,61,54,57.5,0.3,0,0
5/27/17,61,55,58,0.04,0,0
5/28/17,65,50,57.5,0.01,0,0
5/29/17,75,55,65,0.13,0,0
5/30/17,70,55,62.5,0.07,0,0
5/31/17,66,56,61,0.6,0,0
6/1/17,71,45,58,0.14,0,0
6/2/17,70,40,55,0,0,0
6/3/17,64,41,52.5,0,0,0
6/4/17,67,39,53,0,0,0
6/5/17,67,45,56,0.2,0,0
6/6/17,74,54,64,0.3,0,0
6/7/17,64,49,56.5,0.12,0,0
6/8/17,70,43,56.5,0,0,0
6/9/17,76,47,61.5,0,0,0
6/10/17,76,50,63,0,0,0
6/11/17,84,61,72.5,0,0,0
6/12/17,89,61,75,0,0,0
6/13/17,90,63,76.5,0,0,0
6/14/17,83,58,70.5,0,0,0
6/15/17,77,48,62.5,0,0,0
6/16/17,77,55,66,0.25,0,0
6/17/17,75,59,67,0.01,0,0
6/18/17,83,69,76,0,0,0
6/19/17,87,68,77.5,0.77,0,0
6/20/17,74,57,65.5,0.85,0,0
6/21/17,75,56,65.5,0.02,0,0
6/22/17,74,49,61.5,0,0,0
6/23/17,82,57,69.5,0,0,0
6/24/17,78,60,69,0.39,0,0
6/25/17,78,54,66,0,0,0
6/26/17,73,48,60.5,0.28,0,0
6/27/17,71,50,60.5,0.28,0,0
6/28/17,67,46,56.5,0.08,0,0
6/29/17,76,54,65,0,0,0
6/30/17,80,61,70.5,0,0,0
7/1/17,81,66,73.5,0.35,0,0
7/2/17,80,60,70,0.18,0,0
7/3/17,81,57,69,0.01,0,0
7/4/17,77,51,64,0,0,0
7/5/17,78,49,63.5,0,0,0
7/6/17,82,55,68.5,0,0,0
7/7/17,77,65,71,0,0,0
7/8/17,81,64,72.5,0,0,0
7/9/17,75,49,62,0,0,0
7/10/17,78,53,65.5,0,0,0
7/11/17,79,61,70,0.1,0,0
7/12/17,83,64,73.5,0,0,0
7/13/17,81,67,74,0.18,0,0
7/14/17,75,65,70,2.08,0,0
7/15/17,83,61,72,0.88,0,0
7/16/17,74,55,64.5,0,0,0
7/17/17,82,59,70.5,0,0,0
7/18/17,82,59,70.5,0.28,0,0
7/19/17,84,57,70.5,0,0,0
7/20/17,85,60,72.5,0,0,0
7/21/17,83,64,73.5,0.6,0,0
7/22/17,85,62,73.5,0,0,0
7/23/17,77,60,68.5,0,0,0
7/24/17,81,64,72.5,1.16,0,0
7/25/17,77,59,68,0.67,0,0
7/26/17,64,58,61,0.07,0,0
7/27/17,74,60,67,0.01,0,0
7/28/17,77,62,69.5,0.08,0,0
7/29/17,74,52,63,0,0,0
7/30/17,74,46,60,0,0,0
7/31/17,78,50,64,0,0,0
8/1/17,82,57,69.5,0,0,0
8/2/17,84,60,72,0,0,0
8/3/17,84,61,72.5,0.02,0,0
8/4/17,83,65,74,0,0,0
8/5/17,84,61,72.5,0.4,0,0
8/6/17,69,48,58.5,0,0,0
8/7/17,75,50,62.5,0,0,0
8/8/17,72,57,64.5, T,0,0
8/9/17,73,50,61.5,0,0,0
8/10/17,81,52,66.5,0,0,0
8/11/17,80,56,68,0,0,0
8/12/17,76,63,69.5,0,0,0
8/13/17,80,58,69,0.82,0,0
8/14/17,76,54,65,0,0,0
8/15/17,78,55,66.5,0,0,0
8/16/17,82,57,69.5,0.33,0,0
8/17/17,76,50,63,0,0,0
8/18/17,81,51,66,0.01,0,0
8/19/17,84,61,72.5,0.02,0,0
8/20/17,78,61,69.5,0.31,0,0
8/21/17,81,57,69,0,0,0
8/22/17,82,58,70, T,0,0
8/23/17,86,53,69.5,0.46,0,0
8/24/17,74,49,61.5,0,0,0
8/25/17,70,48,59,0,0,0
8/26/17,71,42,56.5,0,0,0
8/27/17,71,41,56,0,0,0
8/28/17,73,43,58,0,0,0
8/29/17,70,49,59.5,0,0,0
8/30/17,68,45,56.5,0,0,0
8/31/17,74,46,60,0,0,0
9/1/17,66,39,52.5,0.09,0,0
9/2/17,61,35,48,0,0,0
9/3/17,68,38,53,0.28,0,0
9/4/17,65,53,59,0.18,0,0
9/5/17,78,54,66,0.16,0,0
9/6/17,63,51,57,1.11,0,0
9/7/17,63,51,57,0.06,0,0
9/8/17,66,47,56.5,0.03,0,0
9/9/17,62,48,55,0.09,0,0
9/10/17,58,40,49,0,0,0
9/11/17,63,35,49,0,0,0
9/12/17,73,38,55.5,0,0,0
9/13/17,77,45,61,0,0,0
9/14/17,77,48,62.5,0.05,0,0
9/15/17,70,53,61.5,0.05,0,0
9/16/17,78,54,66,0,0,0
9/17/17,79,56,67.5,0,0,0
9/18/17,83,57,70,0,0,0
9/19/17,82,57,69.5,0,0,0
9/20/17,80,50,65,0,0,0
9/21/17,78,51,64.5,0,0,0
9/22/17,76,56,66,0,0,0
9/23/17,75,49,62,0,0,0
9/24/17,83,49,66,0,0,0
9/25/17,86,57,71.5,0,0,0
9/26/17,89,58,73.5,0,0,0
9/27/17,89,60,74.5,0,0,0
9/28/17,89,58,73.5,0,0,0
9/29/17,59,40,49.5,0,0,0
9/30/17,62,44,53,0.12,0,0
10/1/17,55,31,43,0,0,0
10/2/17,62,31,46.5,0,0,0
10/3/17,70,33,51.5,0,0,0
10/4/17,73,45,59,0,0,0
10/5/17,82,50,66,0.3,0,0
10/6/17,74,47,60.5,0.01,0,0
10/7/17,70,49,59.5,0.02,0,0
10/8/17,80,63,71.5,0.32,0,0
10/9/17,75,59,67,0.48,0,0
10/10/17,76,60,68,0.11,0,0
10/11/17,72,52,62,0,0,0
10/12/17,63,50,56.5,0.42,0,0
10/13/17,61,48,54.5,0,0,0
10/14/17,60,48,54,0,0,0
10/15/17,68,57,62.5,0,0,0
10/16/17,76,43,59.5,0.29,0,0
10/17/17,49,28,38.5,0.1,0,0
10/18/17,60,29,44.5,0,0,0
10/19/17,71,42,56.5,0,0,0
10/20/17,72,38,55,0,0,0
10/21/17,64,36,50,0,0,0
10/22/17,74,36,55,0,0,0
10/23/17,72,50,61,0,0,0
10/24/17,70,54,62,0.5,0,0
10/25/17,68,43,55.5,0.3,0,0
10/26/17,58,35,46.5,0.01,0,0
10/27/17,50,30,40,0,0,0
10/28/17,62,34,48,0,0,0
10/29/17,67,42,54.5,0.99,0,0
10/30/17,46,39,42.5,3.19,0,0
10/31/17,49,41,45,0.02,0,0
11/1/17,48,30,39,0,0,0
11/2/17,52,33,42.5,0.55,0,0
11/3/17,64,51,57.5,0.07,0,0
11/4/17,58,32,45,0.04,0,0
11/5/17,49,31,40,0,0,0
11/6/17,59,49,54,0.17,0,0
11/7/17,58,35,46.5,0.59,0,0
11/8/17,38,21,29.5, T, T,0
11/9/17,46,22,34,0,0,0
11/10/17,45,22,33.5,0.07,0.1, T
11/11/17,22,16,19, T, T, T
11/12/17,33,17,25,0,0, T
11/13/17,42,24,33,0.05,0,0
11/14/17,46,33,39.5,0.03,0,0
11/15/17,39,26,32.5,0,0,0
11/16/17,45,27,36,0.02,0,0
11/17/17,47,30,38.5,0.09, T, T
11/18/17,36,27,31.5,0,0,0
11/19/17,51,36,43.5,0.24,0,0
11/20/17,37,27,32,0.01,0.1, T
11/21/17,38,29,33.5, T, T,0
11/22/17,57,33,45,0.07, T,0
11/23/17,35,26,30.5,0.02, T,0
11/24/17,35,26,30.5,0,0,0
11/25/17,52,31,41.5,0,0,0
11/26/17,55,32,43.5,0.03, T, T
11/27/17,38,31,34.5, T,0,0
11/28/17,37,22,29.5,0,0,0
11/29/17,54,31,42.5,0,0,0
11/30/17,50,22,36,0,0,0
12/1/17,47,29,38,0.06,0,0
12/2/17,42,21,31.5,0,0,0
12/3/17,41,26,33.5,0,0,0
12/4/17,48,22,35,0,0,0
12/5/17,48,24,36,0,0,0
12/6/17,51,26,38.5,0.05,0,0
12/7/17,38,27,32.5,0,0,0
12/8/17,37,24,30.5,0.03,0.4, T
12/9/17,30,21,25.5,0,0, T
12/10/17,29,18,23.5, T, T, T
12/11/17,31,26,28.5, T, T, T
12/12/17,32,26,29,0.04,0.5, T
12/13/17,34,12,23,0.02,0.3, T
12/14/17,20,12,16,0.07,1.2,1
12/15/17,16,-2,7,0.01,0.3,2
12/16/17,23,7,15,0.02,1.2,3
12/17/17,27,20,23.5,0.03,0.8,3
12/18/17,33,20,26.5, T, T,3
12/19/17,41,33,37, T,0,0
12/20/17,50,32,41, T,0,0
12/21/17,34,23,28.5, T, T,0
12/22/17,30,23,26.5,0.05, T, T
12/23/17,40,28,34,0.17,0,0
12/24/17,43,28,35.5,0.48,0.4, T
12/25/17,32,28,30,0.06,1.2,1
12/26/17,28,11,19.5, T,0.2,1
12/27/17,16,6,11, T, T,1
12/28/17,15,2,8.5, T, T,1
12/29/17,8,2,5,0.04,0.7,2
12/30/17,14,-3,5.5,0.09,0.8,2
12/31/17,18,1,9.5,0.1,1.5,3
1/1/18,5,0,2.5,0.04,1,3
1/2/18,13,1,7,0.03,0.6,4
1/3/18,19,-2,8.5,0,0,4
1/4/18,22,1,11.5,0,0,3
1/5/18,18,-2,8,0.09,1.2,4
1/6/18,2,-3,-0.5,0,0,4
1/7/18,2,-3,-0.5, T, T,4
1/8/18,24,-3,10.5,0,0,4
1/9/18,37,23,30,0,0,4
1/10/18,33,15,24,0,0,4
1/11/18,41,18,29.5,0,0,3
1/12/18,57,40,48.5,0.76,0,0
1/13/18,62,12,37,0.94,6,6
1/14/18,12,4,8,0.06,0.9,6
1/15/18,12,-9,1.5,0,0,6
1/16/18,22,-9,6.5,0.05,0.5,6
1/17/18,26,15,20.5,0.13,1.6,8
1/18/18,20,-1,9.5, T, T,8
1/19/18,22,-3,9.5,0,0,7
1/20/18,37,8,22.5,0,0,6
1/21/18,45,16,30.5,0,0,4
1/22/18,42,19,30.5,0.02,0,3
1/23/18,46,35,40.5,0.01,0, T
1/24/18,50,24,37,0.1, T, T
1/25/18,25,16,20.5,0.02,0.7,1
1/26/18,24,13,18.5,0,0, T
1/27/18,38,13,25.5,0,0,0
1/28/18,51,30,40.5,0.02,0,0
1/29/18,46,21,33.5,0,0,0
1/30/18,37,19,28,0.05,0.5,1
1/31/18,19,-2,8.5,0.06,0.8,1
2/1/18,30,4,17, T,0.1,1
2/2/18,45,13,29,0.1,1,1
2/3/18,14,1,7.5, T, T,1
2/4/18,29,11,20, T, T,1
2/5/18,31,14,22.5,0.09,1,2
2/6/18,21,7,14,0.03,0.6,2
2/7/18,27,12,19.5,0.01,0.1,2
2/8/18,25,15,20,0.37,4,6
2/9/18,24,5,14.5,0.02,0.3,6
2/10/18,35,8,21.5,0.07,1,5
2/11/18,40,26,33,0.01,0,3
2/12/18,45,26,35.5,0.08,0,1
2/13/18,29,18,23.5, T,0.1,1
2/14/18,33,17,25, T, T, T
2/15/18,47,33,40,0,0,0
2/16/18,61,40,50.5,0.33,0,0
2/17/18,41,15,28,0,0,0
2/18/18,32,15,23.5,0.05,1.1,1
2/19/18,36,26,31,0,0,0
2/20/18,47,33,40,0.14,0,0
2/21/18,67,47,57,0,0,0
2/22/18,69,30,49.5,0.03,0,0
2/23/18,34,29,31.5,0.5,3.5,4
2/24/18,42,33,37.5,0.02,0,0
2/25/18,41,35,38,0.18,0,0
2/26/18,47,35,41, T,0,0
2/27/18,48,22,35,0,0,0
2/28/18,55,23,39,0,0,0
3/1/18,56,35,45.5, T,0,0
3/2/18,38,28,33,0.86,3.5,4
3/3/18,29,27,28,0.09,1.6,5
3/4/18,30,26,28, T, T,4
3/5/18,28,17,22.5,0,0,2
3/6/18,28,22,25,0,0,1
3/7/18,41,20,30.5,0.11,1.5,2
3/8/18,34,27,30.5,0.06,0.9,3
3/9/18,32,24,28,0.05,1,2
3/10/18,35,24,29.5, T, T, T
3/11/18,31,26,28.5, T, T, T
3/12/18,32,15,23.5,0,0, T
3/13/18,35,15,25,0.21,1.7,2
3/14/18,31,23,27,0.21,4.2,6
3/15/18,29,22,25.5,0.21,5.6,10
3/16/18,37,22,29.5,0.06,0.9,8
3/17/18,25,7,16,0.01, T,8
3/18/18,37,6,21.5,0,0,6
3/19/18,35,6,20.5,0,0,3
3/20/18,30,3,16.5,0,0,2
3/21/18,37,7,22,0,0,2
3/22/18,36,22,29,0,0,1
3/23/18,38,25,31.5,0,0, T
3/24/18,36,25,30.5,0,0,0
3/25/18,34,12,23,0,0,0
3/26/18,43,17,30,0,0,0
3/27/18,47,19,33,0,0,0
3/28/18,41,33,37,0.43,0,0
3/29/18,46,35,40.5,0.01,0,0
3/30/18,54,38,46,0.88,0,0
3/31/18,41,22,31.5,0.05,0,0
4/1/18,52,22,37,0.02, T,0
4/2/18,38,27,32.5, T,0,0
4/3/18,46,27,36.5,0,0,0
4/4/18,50,35,42.5,0.25,0,0
4/5/18,53,23,38,0.19,0.1, T
4/6/18,33,19,26, T,0.1, T
4/7/18,45,24,34.5,0.07,0.8,1
4/8/18,33,17,25,0,0,0
4/9/18,30,18,24,0.01, T, T
4/10/18,41,19,30,0.01,0.2, T
4/11/18,39,23,31, T, T,0
4/12/18,46,26,36, T, T,0
4/13/18,60,29,44.5,0.06,0,0
4/14/18,61,38,49.5,0.01,0,0
4/15/18,40,31,35.5,0,0,0
4/16/18,43,34,38.5,0.05,0,0
4/17/18,50,32,41,0.71,0.1, T
4/18/18,37,28,32.5,0.2,1.4,1
4/19/18,40,31,35.5,0.05,0.6,1
4/20/18,36,27,31.5,0.08,0.3, T
4/21/18,41,23,32,0,0,0
4/22/18,53,25,39,0,0,0
4/23/18,59,26,42.5,0,0,0
4/24/18,69,30,49.5,0,0,0
4/25/18,68,47,57.5,0.07,0,0
4/26/18,57,42,49.5,0.12,0,0
4/27/18,56,35,45.5, T,0,0
4/28/18,58,37,47.5,0.06,0,0
4/29/18,59,33,46,0.04,0,0
4/30/18,43,32,37.5,0.11, T,0
5/1/18,59,29,44,0,0,0
5/2/18,78,34,56,0,0,0
5/3/18,85,55,70,0,0,0
5/4/18,80,60,70,0.07,0,0
5/5/18,81,38,59.5,0.19,0,0
5/6/18,74,43,58.5,0,0,0
5/7/18,66,47,56.5,0.03,0,0
5/8/18,63,34,48.5,0,0,0
5/9/18,75,39,57,0,0,0
5/10/18,79,57,68,0,0,0
5/11/18,75,42,58.5,0.45,0,0
5/12/18,54,44,49,0,0,0
5/13/18,50,39,44.5,0.27,0,0
5/14/18,55,41,48,0.01,0,0
5/15/18,77,52,64.5,0.01,0,0
5/16/18,74,45,59.5,0.45,0,0
5/17/18,68,48,58,0,0,0
5/18/18,78,48,63,0,0,0
5/19/18,72,48,60,0.14,0,0
5/20/18,64,48,56,0.23,0,0
5/21/18,65,45,55,0.04,0,0
5/22/18,73,49,61,0.03,0,0
5/23/18,67,55,61,1.59,0,0
5/24/18,76,43,59.5,0,0,0
5/25/18,79,49,64,0,0,0
5/26/18,84,51,67.5,0,0,0
5/27/18,84,55,69.5,0.03,0,0
5/28/18,69,61,65,0.27,0,0
5/29/18,83,61,72,0.05,0,0
5/30/18,84,55,69.5,0,0,0
5/31/18,85,64,74.5,0,0,0
6/1/18,78,66,72,0,0,0
6/2/18,86,58,72,0.16,0,0
6/3/18,64,50,57, T,0,0
6/4/18,69,53,61,0.02,0,0
6/5/18,70,48,59,0.02,0,0
6/6/18,60,49,54.5,0.11,0,0
6/7/18,60,45,52.5,0.07,0,0
6/8/18,74,48,61,0,0,0
6/9/18,76,43,59.5,0,0,0
6/10/18,74,49,61.5,0,0,0
6/11/18,71,49,60,0,0,0
6/12/18,76,50,63,0,0,0
6/13/18,76,58,67,0.25,0,0
6/14/18,81,59,70,0.1,0,0
6/15/18,75,50,62.5,0,0,0
6/16/18,75,43,59,0,0,0
6/17/18,82,49,65.5,0,0,0
6/18/18,88,57,72.5,0,0,0
6/19/18,92,62,77,0.1,0,0
6/20/18,71,52,61.5,0,0,0
6/21/18,73,45,59,0,0,0
6/22/18,73,41,57,0,0,0
6/23/18,75,50,62.5,0.04,0,0
6/24/18,73,60,66.5,0.01,0,0
6/25/18,73,57,65,0.74,0,0
6/26/18,69,40,54.5,0,0,0
6/27/18,78,47,62.5, T,0,0
6/28/18,67,60,63.5,0.45,0,0
6/29/18,77,58,67.5,0.02,0,0
6/30/18,84,57,70.5,0,0,0
7/1/18,92,61,76.5,0,0,0
7/2/18,93,69,81,0,0,0
7/3/18,94,68,81,0.31,0,0
7/4/18,87,57,72,0,0,0
7/5/18,90,63,76.5,0.03,0,0
7/6/18,88,69,78.5,0.12,0,0
7/7/18,73,45,59,0,0,0
7/8/18,77,49,63,0,0,0
7/9/18,82,54,68,0,0,0
7/10/18,87,55,71,0,0,0
7/11/18,85,53,69,0,0,0
7/12/18,76,45,60.5,0,0,0
7/13/18,81,51,66,0,0,0
7/14/18,85,54,69.5,0,0,0
7/15/18,89,66,77.5, T,0,0
7/16/18,88,63,75.5,0,0,0
7/17/18,92,67,79.5,0.95,0,0
7/18/18,81,53,67,0.01,0,0
7/19/18,73,44,58.5,0,0,0
7/20/18,79,48,63.5,0,0,0
7/21/18,83,60,71.5,0,0,0
7/22/18,76,60,68,0.23,0,0
7/23/18,80,65,72.5,0.17,0,0
7/24/18,78,70,74,0.46,0,0
7/25/18,76,69,72.5,0.76,0,0
7/26/18,74,64,69,0.88,0,0
7/27/18,84,64,74,0.01,0,0
7/28/18,79,62,70.5,0,0,0
7/29/18,79,57,68,0,0,0
7/30/18,77,55,66,0,0,0
7/31/18,76,57,66.5,0.02,0,0
8/1/18,79,62,70.5,0,0,0
8/2/18,80,66,73,0.01,0,0
8/3/18,79,67,73,0.1,0,0
8/4/18,75,62,68.5,0.03,0,0
8/5/18,85,59,72,0.01,0,0
8/6/18,87,61,74,0,0,0
8/7/18,89,65,77,0,0,0
8/8/18,83,66,74.5,0.05,0,0
8/9/18,82,64,73,1.78,0,0
8/10/18,80,59,69.5,0,0,0
8/11/18,78,61,69.5, T,0,0
8/12/18,76,63,69.5,0.27,0,0
8/13/18,79,64,71.5,0.02,0,0
8/14/18,71,64,67.5,0.84,0,0
8/15/18,69,59,64,0.35,0,0
8/16/18,85,61,73,0,0,0
8/17/18,87,62,74.5,0.26,0,0
8/18/18,84,66,75,0.42,0,0
8/19/18,71,62,66.5,0.19,0,0
8/20/18,76,58,67,0,0,0
8/21/18,76,59,67.5,0,0,0
8/22/18,72,66,69,0.14,0,0
8/23/18,74,49,61.5,0.35,0,0
8/24/18,74,50,62,0,0,0
8/25/18,80,53,66.5,0,0,0
8/26/18,76,61,68.5,0.02,0,0
8/27/18,82,61,71.5,0,0,0
8/28/18,85,61,73, T,0,0
8/29/18,90,70,80,0,0,0
8/30/18,90,65,77.5,0.13,0,0
8/31/18,74,55,64.5, T,0,0
9/1/18,72,56,64,0.03,0,0
9/2/18,75,66,70.5,0,0,0
9/3/18,86,70,78,0,0,0
9/4/18,89,67,78,0,0,0
9/5/18,86,64,75,0,0,0
9/6/18,91,66,78.5,0,0,0
9/7/18,80,62,71,0,0,0
9/8/18,74,54,64,0,0,0
9/9/18,63,48,55.5,0,0,0
9/10/18,58,46,52,0.35,0,0
9/11/18,59,46,52.5,1.61,0,0
9/12/18,71,59,65,0,0,0
9/13/18,74,61,67.5,0,0,0
9/14/18,81,64,72.5,0.05,0,0
9/15/18,80,65,72.5,0,0,0
9/16/18,83,60,71.5,0,0,0
9/17/18,84,60,72,0,0,0
9/18/18,75,63,69,1.47,0,0
9/19/18,80,59,69.5,0,0,0
9/20/18,70,47,58.5,0,0,0
9/21/18,73,46,59.5,0,0,0
9/22/18,75,56,65.5,0.2,0,0
9/23/18,60,41,50.5,0,0,0
9/24/18,66,40,53,0,0,0
9/25/18,67,41,54,0.83,0,0
9/26/18,68,52,60,0.06,0,0
9/27/18,73,45,59,0.48,0,0
9/28/18,61,46,53.5,0.28,0,0
9/29/18,68,51,59.5,0,0,0
9/30/18,63,39,51,0,0,0
10/1/18,55,43,49,0.01,0,0
10/2/18,60,54,57,0.02,0,0
10/3/18,68,53,60.5,0.81,0,0
10/4/18,62,53,57.5,0.01,0,0
10/5/18,67,42,54.5,0.71,0,0
10/6/18,63,41,52, T,0,0
10/7/18,71,59,65,0.38,0,0
10/8/18,68,54,61,0.01,0,0
10/9/18,77,55,66,0,0,0
10/10/18,80,62,71,0,0,0
10/11/18,78,61,69.5,0.23,0,0
10/12/18,73,45,59,0.5,0,0
10/13/18,50,41,45.5,0.13,0,0
10/14/18,49,37,43,0.06,0,0
10/15/18,57,38,47.5,0.02,0,0
10/16/18,60,31,45.5,0.12,0,0
10/17/18,51,31,41,0,0,0
10/18/18,49,32,40.5,0.13, T, T
10/19/18,43,29,36,0,0,0
10/20/18,61,31,46,0,0,0
10/21/18,54,33,43.5,0.44, T,0
10/22/18,38,33,35.5, T, T,0
10/23/18,46,35,40.5,0,0,0
10/24/18,54,37,45.5,0.17,0,0
10/25/18,38,34,36,0.1, T,0
10/26/18,40,30,35,0,0,0
10/27/18,46,35,40.5,0.18,0,0
10/28/18,39,37,38,0.92,0,0
10/29/18,44,38,41,0.24,0,0
10/30/18,44,33,38.5,0.14,0,0
10/31/18,50,29,39.5,0.02,0,0
11/1/18,62,43,52.5,0.11,0,0
11/2/18,60,44,52,0.32,0,0
11/3/18,62,39,50.5,0.17,0,0
11/4/18,43,29,36,0.14,0,0
11/5/18,49,29,39,0.01,0,0
11/6/18,48,43,45.5,0.05,0,0
11/7/18,59,44,51.5,0.13,0,0
11/8/18,57,35,46,0,0,0
11/9/18,45,29,37,0,0,0
11/10/18,42,31,36.5,0.42, T, T
11/11/18,33,26,29.5,0.03,0.1,0
11/12/18,38,28,33,0,0,0
11/13/18,45,27,36,0.27,0.7,1
11/14/18,37,25,31,0.02, T, T
11/15/18,27,18,22.5,0.04,0.5,1
11/16/18,29,21,25,0.98,8.6,9
11/17/18,36,26,31,0.04, T,8
11/18/18,37,28,32.5,0,0,5
11/19/18,33,28,30.5,0.12,1.9,6
11/20/18,37,31,34,0.16,2.1,7
11/21/18,36,28,32,0.03, T,5
11/22/18,33,11,22,0.02,0.2,5
11/23/18,16,-5,5.5, T, T,5
11/24/18,28,-3,12.5,0,0,4
11/25/18,41,25,33,0.2,0,2
11/26/18,43,30,36.5,0,0, T
11/27/18,43,32,37.5,0.62, T, T
11/28/18,34,28,31,0.2,3.9,4
11/29/18,33,28,30.5,0.05,0.8,4
11/30/18,34,29,31.5,0,0,2
12/1/18,34,30,32,0.01, T,1
12/2/18,40,31,35.5,0.21,0,0
12/3/18,49,40,44.5,0.08,0,0
12/4/18,43,26,34.5,0.12,0.8,1
12/5/18,26,10,18, T, T,1
12/6/18,29,11,20, T,0.1,1
12/7/18,35,24,29.5,0.01,0.1,1
12/8/18,24,15,19.5,0.03,0.6,2
12/9/18,29,10,19.5,0,0,1
12/10/18,33,8,20.5,0,0,1
12/11/18,30,26,28,0,0,1
12/12/18,30,26,28,0.02,0.6,2
12/13/18,32,25,28.5, T,0.2,2
12/14/18,38,29,33.5, T, T, T
12/15/18,47,38,42.5,0,0,0
12/16/18,40,31,35.5,0,0,0
12/17/18,37,30,33.5,0.11,0,0
12/18/18,37,23,30, T, T, T
12/19/18,23,13,18, T, T, T
12/20/18,39,13,26,0,0,0
12/21/18,55,31,43,0.39,0,0
12/22/18,61,29,45,0.95,2,2
12/23/18,31,28,29.5, T, T,1
12/24/18,33,27,30,0.1,1,2
12/25/18,35,27,31,0.02,0.3,2
12/26/18,30,24,27,0.01, T,2
12/27/18,33,23,28, T, T,1
12/28/18,40,21,30.5,0.07,0,0
12/29/18,50,37,43.5,0.04,0,0
12/30/18,37,24,30.5,0.02,0.7,1
12/31/18,35,25,30,0,0,0
1/1/19,51,29,40,0.45,0,0
1/2/19,47,25,36,0,0,0
1/3/19,36,25,30.5,0.03,0,0
1/4/19,33,26,29.5, T, T,0
1/5/19,43,28,35.5,0.38,0,0
1/6/19,39,30,34.5, T,0,0
1/7/19,38,13,25.5,0.01, T, T
1/8/19,33,13,23,0.02,0,0
1/9/19,42,33,37.5,0.5,0,0
1/10/19,34,21,27.5,0.03,0.5, T
1/11/19,23,11,17,0.04,0.8,1
1/12/19,16,0,8,0,0,1
1/13/19,21,7,14,0,0,1
1/14/19,22,1,11.5, T, T,1
1/15/19,25,7,16,0,0,1
1/16/19,28,17,22.5,0,0, T
1/17/19,33,3,18, T, T, T
1/18/19,25,3,14,0.02,0.4,1
1/19/19,33,19,26,0.03,0.7,1
1/20/19,21,16,18.5,1.04,10.2,10
1/21/19,17,-5,6,0.04,2.5,12
1/22/19,9,-5,2,0.06,1.2,10
1/23/19,25,7,16, T, T,9
1/24/19,44,25,34.5,0.18,0,4
1/25/19,44,23,33.5,0.36,0.9,5
1/26/19,25,6,15.5,0,0,5
1/27/19,25,11,18, T, T,5
1/28/19,31,-1,15, T, T,5
1/29/19,25,-2,11.5, T,0.1,5
1/30/19,27,-4,11.5,0.02,0.5,5
1/31/19,13,-7,3,0.01,0.2,5
,,,,,,
Observations for each day cover the 24 hours ending,,,,,,
at the time given below (Local Standard Time).,,,,,,
Observation times may have changed during this period.,,,,,,
Max Temperature : 7am,,,,,,
Min Temperature : 7am,,,,,,
Avg Temperature : 7am,,,,,,
Precipitation : 7am,,,,,,
Snowfall : unknown, 7am,,,,,
Snow Depth : unknown, 7am,,,,,