Date, MaxTemperature, MinTemperature, AvgTemperature, Precipitation, Snowfall, SnowDepth,CW.FP.TONS,ELE.POWER,OAT
10/6/12,75,50,62.5,0.22,0,0,21.40547943,48.43958282,50.93424606
10/7/12,56,38,47,0.11,0,0,21.1165905,48.21666718,44.10774612
10/8/12,53,32,42.5,0.07,0,0,26.51862907,78.1875,41.3323555
10/9/12,56,32,44,0,0,0,27.44529724,77.49687195,45.86100388
10/10/12,61,39,50,0,0,0,27.97781944,79.33333588,48.98274612
10/12/12,55,38,46.5,0.09,0,0,28.27068901,77.84999847,40.73258591
10/13/12,46,23,34.5,0,0,0,22.53530502,49.42291641,37.40234375
10/14/12,52,24,38,0.15,0,0,22.33620834,49.46979141,54.97883987
10/15/12,72,48,60,0,0,0,23.98263931,79.01145935,58.02441406
10/16/12,67,44,55.5,0,0,0,26.34667015,81.36145782,43.6832695
10/17/12,52,31,41.5,0,0,0,28.00748825,79.30000305,46.19303513
10/18/12,65,31,48,0,0,0,27.83553505,76.62553406,54.20930862
10/22/12,60,36,48,0,0,0,29.18763161,87.14385986,48.2854805
10/23/12,63,40,51.5,0.04,0,0,28.32100296,66.2043457,46.58984375
10/24/12,55,44,49.5,0.91,0,0,30.00237465,82.59896088,52.65397263
10/25/12,60,54,57,0,0,0,34.22189331,79.68437195,58.55241013
10/26/12,70,57,63.5,0,0,0,31.70238113,77.30208588,59.14127731
10/27/12,67,49,58,0,0,0,21.45955658,52.36249924,49.97819138
10/28/12,56,45,50.5,0.09,0,0,20.37896156,50.52500153,43.69238281
10/29/12,46,44,45,0.15,0,0,25.57892418,78.72187805,45.55403519
10/30/12,58,44,51,0.99,0,0,26.20207787,77.51489258,46.97307205
10/31/12,51,39,45,0.27,0,0,25.62901115,81.60729218,39.52929688
11/1/12,42,39,40.5,0.1,0,0,25.33714294,80.703125,41.39290237
11/2/12,46,38,42,0.17,0,0,25.17499924,78.71979523,37.46256638
11/3/12,40,35,37.5,0.06,0,0,20.75909615,51.47083282,35.26301956
11/4/12,39,31,35,0.11,0,0,19.84174919,49.7820015,33.02312469
11/5/12,37,32,34.5,0.03,0,0,24.09023094,81.1177063,31.77880859
11/6/12,35,30,32.5,0,0,0,24.15933418,81.3052063,31.35400391
11/7/12,41,20,30.5,0,0,0,23.82937431,80.47083282,28.74023438
11/8/12,38,25,31.5,0,0,0,24.42056656,78.82499695,31.25113869
11/9/12,39,22,30.5,0,0,0,24.46286583,73.68437195,34.72965622
11/10/12,45,29,37,0.01,0,0,21.23195076,48.97930908,43.22037888
11/12/12,70,52,61,0,0,0,25.19929886,62.34999847,56.44440842
11/13/12,64,33,48.5,0.68,0,0,24.29922485,80.13749695,35.10383987
11/15/12,42,23,32.5,0,0,0,25.94277573,78.4927063,29.33691406
11/16/12,46,21,33.5,0,0,0,24.81116295,75.32187653,29.22509766
11/17/12,43,22,32.5,0,0,0,20.4493351,49.82916641,30.75716209
11/18/12,48,21,34.5,0,0,0,20.09252167,48.00312424,31.04980469
11/20/12,50,28,39,0,0,0,25.50143051,76.54062653,35.13899612
11/21/12,49,27,38,0,0,0,24.59070396,67.38854218,34.20214844
11/22/12,52,26,39,0,0,0,19.32901382,46.37083435,37.99316406
11/23/12,60,28,44,0,0,0,18.96704674,47.02396011,42.9765625
11/26/12,35,30,32.5,0,0,0,22.38033867,80.27812195,33.50618362
11/27/12,40,30,35,0,0,0,24.15356445,83.71562195,32.22249222
11/28/12,36,21,28.5,0,0,0,23.06979179,84.56874847,29.54606056
11/30/12,45,26,35.5,0,0,0,23.81857491,80.1322937,28.35709572
12/1/12,36,29,32.5,0.06,0,0,20.79660416,51.65208435,36.31168747
12/2/12,44,36,40,0,0,0,21.23923302,50.29791641,42.45930862
12/3/12,51,41,46,0.14,0,0,27.94437981,77.125,45.35676956
12/4/12,57,44,50.5,0.01,0,0,27.94361115,78.49478912,54.293293
12/5/12,67,41,54,0.39,0,0,24.40610886,78.5625,35.10009766
12/7/12,38,24,31,0,0,0,23.04523468,77.05104065,33.57324219
12/8/12,38,33,35.5,0.52,0,0,19.91814041,50.59687424,40.56933594
12/9/12,49,33,41,0.06,0,0,19.29772758,48.77396011,35.93017578
12/10/12,49,33,41,0.28,0,0,24.70929718,80.44166565,42.36132813
12/11/12,53,33,43,0.54,0,0,23.63619614,81.42082977,30.47265625
12/12/12,34,23,28.5,0,0,0,24.33527756,80.61978912,30.12711525
12/13/12,41,23,32,0,0,0,24.32003784,81.19791412,29.71224022
12/14/12,43,24,33.5,0,0,0,24.16148949,77.26041412,33.66455078
12/15/12,44,26,35,0,0,0,20.09999084,50.19270706,33.9453125
12/17/12,46,40,43,0.21,0,0,24.8331871,78.65937805,40.08723831
12/18/12,44,40,42,1.1,0,0,25.15424728,79.16770935,38.84830856
12/19/12,44,34,39,0.35,0,0,24.65095139,80.87916565,34.99283981
12/20/12,39,22,30.5,0,0,0,22.4728756,76.99791718,30.28206444
12/22/12,34,25,29.5,0.15,2,2,16.06436348,43.18437576,27.93375587
12/25/12,34,27,30.5,0.08,1,1,15.06473732,43.53333282,26.00374413
12/26/12,29,15,22,0,0,1,14.84998512,44.09479141,21.23990822
12/27/12,28,15,21.5,0.56,6,7,14.48667431,44.66666794,22.15201759
12/28/12,25,20,22.5,0.03,0.3,6,14.10786915,44.68229294,23.59521484
12/29/12,26,22,24,0.04,0.8,6,13.90384769,43.42499924,24.41275978
12/30/12,27,20,23.5,0.38,6,11,13.67939186,43.13333511,22.39274025
1/1/13,34,16,25,0.02,0.1,9,13.83048725,43.89270782,22.04296875
1/5/13,34,27,30.5,0,0,7,17.89514732,49.29583359,29.26464844
1/6/13,33,23,28,0,0,7,18.29632759,48.49166489,31.89957619
1/8/13,34,23,28.5,0,0,5,22.07063103,79.32395935,29.27718163
1/9/13,40,17,28.5,0,0,4,22.57870674,77.06041718,33.32910156
1/10/13,47,31,39,0,0,3,23.73431587,78.15103912,33.58349609
1/11/13,40,27,33.5,0,0,2,20.27435303,55.02295303,33.79791641
1/14/13,58,42,50,0.03,0,0,25.69618988,77.59896088,37.66162109
1/15/13,42,26,34,0,0,0,24.21049118,79.51667023,27.75569725
1/16/13,34,27,30.5,0.06,0.7,1,23.20758057,80.05312347,28.74918556
1/17/13,33,27,30,0.02,0.2,1,21.78911972,78.18494415,24.76318359
1/18/13,34,10,22,0.04,1,2,20.54281425,77.109375,18.01977539
1/19/13,34,12,23,0,0,1,18.17918015,50.90833282,37.60009766
1/20/13,49,31,40,0,0,0,17.78405571,49.03541565,31.21321678
1/21/13,41,17,29,0,0,0,19.85658264,76.99791718,18.56087303
1/22/13,23,6,14.5,0.1,1,1,18.49487877,82.54895782,8.080302238
1/23/13,13,-2,5.5,0,0,1,17.08797836,80.54062653,4.702713013
1/25/13,13,-2,5.5,0.03,2,3,16.39360619,79.4614563,10.31054688
1/26/13,15,6,10.5,0.05,1,3,14.74162483,52.36979294,10.52152538
1/27/13,19,1,10,0.01,0.7,3,15.21886063,50.01770782,15.25964355
1/28/13,26,10,18,0.02,1.5,2,19.45859146,80.37812805,27.86385155
1/30/13,50,35,42.5,0.29,0,0,25.98271561,78.77578735,50.54752731
1/31/13,59,34,46.5,0.78,0,0,22.92002869,73.88021088,32.04036331
2/1/13,35,18,26.5,0.03,0.6,1,20.55861473,76.12708282,18.64469337
2/2/13,22,10,16,0,0,1,15.99653625,51.08124924,15.73795605
2/4/13,25,8,16.5,0.11,2.5,3,18.73285103,81.21666718,16.4501133
2/5/13,20,12,16,0.03,0.5,3,19.12823677,80.609375,20.6201992
2/7/13,28,4,16,0,0,1,19.67252159,80.14687347,20.06339455
2/8/13,32,11,21.5,0,0,1,19.94441795,77.55104065,28.77864647
2/9/13,33,14,23.5,0.47,5.8,7,16.01125145,49.18541718,15.95572948
2/10/13,18,-1,8.5,0.02,1.2,7,15.89202499,48.74375153,19.6495266
2/12/13,41,33,37,0.01,0,3,21.01733017,80.34999847,31.51318359
2/13/13,34,28,31,0,0,2,20.94433403,79.06145477,30.37858009
2/14/13,40,22,31,0,0,2,21.39747238,76.40208435,30.84863281
2/15/13,40,28,34,0,0,2,20.83883476,74.31041718,33.74055862
2/16/13,40,21,30.5,0,0,1,16.82057381,47.32708359,21.83203125
2/17/13,27,12,19.5,0,0,1,15.89151764,47.06354141,13.58479786
2/19/13,33,11,22,0,0,1,19.80293274,79.84896088,30.91683006
2/20/13,36,20,28,0.08,0.3,1,19.34672356,83.02603912,20.47184181
2/22/13,19,13,16,0.01,0.4,2,19.11323929,79.44895935,25.74755859
2/23/13,34,19,26.5,0,0,1,16.58733368,49.95729065,32.53678513
2/26/13,36,19,27.5,0,0,0,20.31931877,77.12916565,28.8705883
2/27/13,41,22,31.5,0.76,0.9,1,22.03056335,80.46875,31.71402931
2/28/13,36,32,34,0.67,0.5,2,22.59186172,78.140625,32.56884766
3/1/13,38,30,34,0.1,0.6,3,21.3482666,78.32707977,27.68001366
3/2/13,32,22,27,0.07,1.2,4,17.2173748,48.78958511,22.28629494
3/3/13,24,20,22,0.11,2.6,6,16.43145561,47.95520782,20.85465431
3/4/13,24,20,22,0.02,1.1,6,18.97344017,79.19062805,23.68863869
3/5/13,28,20,24,0,0,5,19.18059349,86.19844055,24.81624413
3/6/13,33,15,24,0,0,4,20.19949341,79.39250183,30.22395897
3/7/13,38,28,33,0,0,3,20.9165287,78.671875,32.13867188
3/8/13,37,25,31,0.08,0.9,3,21.51924324,75.22812653,28.63118553
3/9/13,35,15,25,0,0,3,18.23468971,45.98125076,29.25146484
3/10/13,45,25,35,0,0,2,18.68184471,45.99347687,42.36701584
3/11/13,55,41,48,0,0,0,24.03945351,76.8666687,46.86914063
3/12/13,53,45,49,0.01,0,0,24.5741024,77.80833435,40.34342575
3/13/13,51,30,40.5,0.37,0,0,23.63166046,77.66041565,31.701334
3/15/13,32,18,25,0,0,0,21.56776428,76.05937195,27.74462891
3/19/13,33,15,24,0.14,1.5,2,20.64609528,77.48229218,30.99479103
3/20/13,43,22,32.5,0.07,0.5,1,21.07173347,78.85416412,26.123209
3/25/13,40,25,32.5,0,0,0,21.17436409,76.69271088,33.05371094
3/26/13,41,31,36,0,0,0,22.90395927,77.06041718,34.05533981
3/28/13,46,28,37,0.11,0.8,1,20.83358574,77.41146088,34.35270309
3/29/13,41,31,36,0.01,0,0,25.80775642,77.48020935,36.66845703
3/30/13,46,22,34,0,0,0,20.46460533,46.19270706,35.433918
3/31/13,51,26,38.5,0,0,0,18.4452095,46.78958511,37.92952347
4/1/13,52,37,44.5,0.44,0,0,23.63751602,76.10832977,34.75764847
4/3/13,35,22,28.5,0,0,0,21.76002121,77.51875305,27.91097069
4/4/13,34,17,25.5,0,0,0,22.69963837,73.0552063,34.79391479
4/5/13,53,22,37.5,0,0,0,23.77781105,72.26875305,36.04655075
4/6/13,47,23,35,0,0,0,19.91758347,44.91979218,33.75944138
4/7/13,47,28,37.5,0,0,0,19.53118896,43.7885437,50.10612106
4/8/13,65,38,51.5,0,0,0,25.36036682,72.81354523,49.79296875
4/10/13,65,45,55,0.31,0,0,25.86773872,74.92812347,44.09700394
4/11/13,51,37,44,0.4,0,0,24.8936615,75.52083588,35.86328125
4/12/13,41,35,38,0.04,0,0,23.85603905,74.48229218,40.22135544
4/13/13,46,34,40,0.36,0,0,19.12594986,46.625,39.48469925
4/14/13,47,35,41,0.07,0,0,18.95184135,47.83541489,37.41471481
4/15/13,47,30,38.5,0,0,0,24.00567818,74.37311554,47.95009995
4/16/13,67,43,55,0,0,0,25.51049995,77.65520477,53.53059769
4/17/13,62,35,48.5,0.42,0,0,25.83625221,75.85416412,44.050457
4/18/13,55,35,45,0,0,0,26.1259861,76.0395813,53.56705856
4/19/13,64,54,59,0,0,0,25.73806953,74.64375305,58.85319138
4/20/13,72,39,55.5,0.62,0,0,18.44742966,46.67291641,39.35416794
4/22/13,45,27,36,0,0,0,24.06848907,73.01667023,42.02636719
4/23/13,57,33,45,0,0,0,24.5621109,72.34999847,45.59375
4/24/13,58,37,47.5,0,0,0,25.71853065,77.10729218,51.63378906
4/25/13,67,36,51.5,0.24,0,0,25.69838905,71.90416718,44.046875
4/26/13,58,33,45.5,0.02,0,0,25.84159279,71.87395477,43.40820313
4/27/13,53,30,41.5,0,0,0,20.36785698,45.02708435,48.19498825
4/28/13,67,37,52,0,0,0,20.21578026,44.72291565,53.78645706
4/29/13,69,49,59,0.09,0,0,25.46345139,74.65000153,51.99544144
5/2/13,74,42,58,0,0,0,28.30488396,71.93854523,60.70247269
5/3/13,76,48,62,0,0,0,28.58640671,68.21666718,60.65527344
5/4/13,72,39,55.5,0,0,0,22.47214699,43.76354218,58.28385544
5/5/13,73,47,60,0,0,0,22.32817459,42.82291794,60.34667969
5/6/13,75,39,57,0,0,0,28.88183975,72.26354218,59
5/7/13,74,46,60,0,0,0,31.8675766,75.70520782,62.91243362
5/8/13,76,55,65.5,0,0,0,27.63986206,76.31562805,59.26301956
5/9/13,66,49,57.5,0.13,0,0,29.63504028,75.93645477,57.08430862
5/11/13,71,53,62,0.38,0,0,26.30935478,49.14583206,57.47363281
5/12/13,64,44,54,0.02,0,0,22.8189888,45.78541565,46.980793
5/13/13,53,37,45,0,0,0,26.63194275,77.12708282,40.69368362
5/15/13,55,35,45,0,0,0,29.62114525,74.86978912,56.22167969
5/16/13,80,47,63.5,0.02,0,0,29.05969429,72.18645477,61.73405075
5/17/13,76,36,56,0,0,0,27.80651665,69.77812195,51.77246094
5/18/13,63,35,49,0,0,0,22.49795341,47.52500153,53.58137894
5/19/13,68,45,56.5,0,0,0,23.5263443,46.79895782,59.2542305
5/20/13,66,56,61,0,0,0,32.32157516,74.1166687,68.65592194
5/21/13,82,62,72,0,0,0,40.43915939,77.23020935,74.01432037
5/22/13,88,62,75,0.36,0,0,38.91410446,76.27500153,71.36197662
5/23/13,87,64,75.5,0.1,0,0,34.45513535,77.00937653,65.16113281
5/24/13,76,40,58,0.44,0,0,25.46559715,71.41428375,40.5580368
5/25/13,43,38,40.5,0.15,0,0,20.71468163,46.10729218,45.465168
5/26/13,53,37,45,0,0,0,22.69392014,45.11145782,48.42578125
5/27/13,59,33,46,0,0,0,22.0695591,44.18021011,51.40690231
5/28/13,68,45,56.5,0,0,0,22.55934143,75.515625,51.97916794
5/29/13,62,51,56.5,0.59,0,0,27.40394974,74.71075439,66.62802124
5/30/13,83,62,72.5,0.13,0,0,34.19143677,75.31771088,71.90625
5/31/13,86,60,73,0,0,0,35.36197662,71.6958313,75.11621094
6/1/13,90,61,75.5,0,0,0,26.9626503,46.04791641,75.00878906
6/2/13,87,70,78.5,0,0,0,26.23467064,45.65833282,71.7962265
6/3/13,80,53,66.5,0.04,0,0,28.56472778,72.04062653,56.02311325
6/4/13,64,39,51.5,0,0,0,29.84562492,72.41666412,53.09993362
6/5/13,66,37,51.5,0,0,0,31.3255024,73.65000153,55.69824219
6/6/13,72,46,59,0.04,0,0,33.40794754,77.76249695,55.17838669
6/7/13,59,54,56.5,0.64,0,0,32.27348709,74.63645935,58.77246094
6/8/13,62,55,58.5,0.32,0,0,25.34247589,49.01250076,57.34342575
6/9/13,66,48,57,0.02,0,0,23.7549305,45.80625153,60.74772263
6/10/13,73,52,62.5,0,0,0,28.09101486,74.10729218,60.98307419
6/11/13,65,60,62.5,0.21,0,0,26.48769951,76.3989563,61.14876175
6/12/13,65,55,60,0.29,0,0,29.17897415,74.56041718,60.08333206
6/13/13,71,54,62.5,0.01,0,0,28.80125237,78.17082977,57.84863281
6/14/13,61,53,57,0.21,0,0,31.11979103,71.81771088,58.52799606
6/15/13,69,46,57.5,0,0,0,22.39631653,43.29999924,60.19205856
6/16/13,73,51,62,0,0,0,20.51756859,43.91666794,62.68587112
6/17/13,71,55,63,0.01,0,0,28.52417564,71.77083588,65.50683594
6/18/13,80,54,67,0.14,0,0,26.4409008,74.13124847,58.953125
6/19/13,67,41,54,0,0,0,28.12754631,70.2104187,55.43782425
6/20/13,67,42,54.5,0,0,0,31.41884995,71.07499695,60.3125
6/21/13,79,51,65,0,0,0,32.377285,68.83333588,66.89583588
6/22/13,83,61,72,0,0,0,25.39736748,45.01250076,72.89810944
6/23/13,86,66,76,0,0,0,25.73186684,44.43473816,74.08223724
6/24/13,90,66,78,0.81,0,0,38.32175827,71.5552063,71.80208588
6/25/13,85,63,74,0.06,0,0,38.78625488,74.84791565,73.55338287
6/26/13,83,65,74,0.03,0,0,37.7751503,74.90416718,71.76432037
6/27/13,82,60,71,0,0,0,36.68082428,72.57395935,69.13150787
6/28/13,80,64,72,0.57,0,0,30.08959389,69.9604187,64.69986725
6/29/13,70,62,66,0.16,0,0,21.3932209,46.33333206,65.09179688
6/30/13,74,57,65.5,0.56,0,0,20.53118134,44.18021011,67.13509369
7/1/13,81,63,72,0.01,0,0,27.21068001,72.29166412,64.695961
7/2/13,68,62,65,1.7,0,0,32.80544281,71.85520935,68.67285156
7/3/13,84,66,75,0.26,0,0,36.61135101,69.52603912,74.52017975
7/4/13,85,71,78,0,0,0,26.97257423,44.57500076,76.25650787
7/5/13,86,70,78,0,0,0,37.85395432,62.23645782,77.2265625
7/6/13,87,68,77.5,0.01,0,0,28.25350189,42.59791565,75.00260162
7/7/13,84,71,77.5,0.03,0,0,28.08360291,42.94478989,75.93619537
7/8/13,86,67,76.5,0.04,0,0,39.56853485,69.96666718,72.57617188
7/9/13,83,64,73.5,0.06,0,0,40.69443512,75.11145782,71.570961
7/10/13,83,68,75.5,0.09,0,0,42.31314087,73.41874695,73.13476563
7/11/13,84,65,74.5,0.13,0,0,37.68981552,71.94999695,68.046875
7/12/13,75,57,66,0,0,0,35.4335289,70.2114563,66.72167969
7/13/13,76,61,68.5,0.02,0,0,25.27621269,46.82291794,69.06380463
7/14/13,77,66,71.5,0,0,0,26.74102211,44.45280838,76.05477905
7/15/13,88,68,78,0,0,0,42.44863892,70.5708313,76.4140625
7/16/13,87,61,74,0,0,0,43.21846771,71.44895935,74.88476563
7/17/13,87,63,75,0,0,0,46.54859161,70.9614563,77.3600235
7/18/13,92,68,80,0,0,0,47.73482132,70.76145935,75.81119537
7/19/13,90,68,79,0.45,0,0,46.89153671,67.43579102,79.15299225
7/20/13,91,67,79,0.12,0,0,30.7879734,47.28125,70.67935944
7/21/13,79,58,68.5,0.01,0,0,28.08467865,45.03645706,68.20572662
7/22/13,79,59,69,0.57,0,0,36.33830643,71.23229218,67.57486725
7/23/13,82,60,71,2.36,0,0,37.28186035,72.19687653,70.15885162
7/24/13,82,61,71.5,0.01,0,0,29.26506424,72.24516296,60.77897263
7/25/13,65,44,54.5,0,0,0,32.19397736,72.05937195,58.35383987
7/26/13,72,46,59,0,0,0,32.22463226,66.90000153,61.19042969
7/27/13,76,53,64.5,0,0,0,25.19490242,46.44374847,66.39192963
7/28/13,78,64,71,0.24,0,0,22.82226563,44.99166489,65.83886719
7/29/13,76,54,65,0.84,0,0,29.31365776,71.35832977,62.03873825
7/30/13,72,50,61,0,0,0,29.7422123,69.94999695,61.78524017
7/31/13,73,51,62,0,0,0,32.44140244,72.77894592,55.45803452
8/2/13,77,55,66,0.01,0,0,28.49288368,68.95262909,63.67225647
8/3/13,74,60,67,0.55,0,0,20.59630394,44.7416687,65.10644531
8/4/13,75,53,64,0,0,0,18.90924263,43.39791489,60.89746094
8/6/13,71,48,59.5,0,0,0,33.74158478,75.234375,61.85221481
8/7/13,74,56,65,0,0,0,30.92670441,72.7416687,66.09960938
8/8/13,74,63,68.5,0.06,0,0,35.39275742,72.84062195,69.7506485
8/9/13,83,65,74,2.66,0,0,33.93362808,70.8125,68.0703125
8/10/13,76,56,66,0.23,0,0,20.86847687,45.69062424,63.5
8/11/13,73,50,61.5,0,0,0,22.84548378,45.11979294,61.04817581
8/12/13,74,53,63.5,0,0,0,31.82969666,70.578125,63.76887894
8/13/13,77,54,65.5,0.3,0,0,31.26521683,73.5864563,64.13085938
8/14/13,75,52,63.5,0.22,0,0,30.80249405,75.60842133,56.86621094
8/15/13,65,45,55,0,0,0,31.22581863,74.1635437,57.2457695
8/16/13,71,48,59.5,0,0,0,30.13108826,69.39270782,60.6051445
8/17/13,73,46,59.5,0,0,0,24.23828506,47.83229065,60.722332
8/18/13,77,51,64,0,0,0,23.41510391,47.50728989,63.03743362
8/19/13,75,56,65.5,0,0,0,31.02698708,75.51249695,65.3431015
8/20/13,78,54,66,0,0,0,35.45160294,76.11875153,65.98860931
8/21/13,81,55,68,0,0,0,37.73121643,76.828125,67.27896881
8/22/13,83,57,70,0,0,0,39.48206329,76.16146088,68.85189056
8/23/13,85,59,72,0.14,0,0,31.53753281,66.54479218,63.76074219
8/24/13,72,47,59.5,0,0,0,24.74535942,45.50833511,58.88737106
8/25/13,73,49,61,0,0,0,24.6825695,43.21250153,63.88476563
8/26/13,80,53,66.5,0.05,0,0,31.73527718,74.28749847,67.13509369
8/27/13,81,64,72.5,1.01,0,0,35.21255112,76.57499695,69.86588287
8/28/13,82,63,72.5,0,0,0,37.49448395,76.42292023,69.80859375
8/29/13,83,62,72.5,0,0,0,37.33322144,76.07395935,68.16861725
8/30/13,81,59,70,0,0,0,34.42355728,69.8447876,69.71256256
8/31/13,85,60,72.5,0,0,0,27.10189819,48.50104141,73.40103912
9/1/13,83,65,74,0,0,0,25.66494751,46.234375,71.48828125
9/2/13,81,63,72,1.16,0,0,30.49037552,48.62708282,70.3125
9/3/13,82,56,69,0.31,0,0,27.50817108,72.92708588,62.53157425
9/4/13,67,50,58.5,0,0,0,32.05545425,72.40439606,64.09244537
9/5/13,77,54,65.5,0.15,0,0,31.35658836,77.26145935,58.10546875
9/6/13,67,39,53,0,0,0,30.00310898,74.02603912,51.35905075
9/7/13,67,41,54,0,0,0,21.52451897,45.85416794,57.91959763
9/8/13,69,52,60.5,0.05,0,0,19.81708145,44.30416489,57.82487106
9/9/13,63,38,50.5,0,0,0,27.49537086,71.15000153,55.43066406
9/10/13,72,41,56.5,0,0,0,33.28421021,72.22042847,70.32714844
9/11/13,88,64,76,0.12,0,0,43.80493927,75.07282257,73.585289
9/12/13,91,66,78.5,0.24,0,0,35.30101013,76.19791412,66.60546875
9/13/13,77,58,67.5,0.56,0,0,30.5014801,73.29890442,54.59179688
9/14/13,58,48,53,0.12,0,0,20.97850037,47.33369446,48.78450394
9/16/13,65,40,52.5,0.04,0,0,28.71324158,74.07707977,50.47200394
9/17/13,57,31,44,0.02,0,0,27.44926643,73.40000153,45.35026169
9/18/13,63,33,48,0,0,0,28.26994705,74.58912659,51.33561325
9/19/13,69,41,55,0,0,0,29.95057106,75.32499695,56.07161331
9/20/13,74,44,59,0,0,0,32.54174805,71.57499695,61.44758987
9/21/13,77,51,64,0,0,0,21.65520668,49.28125,60.03580856
9/22/13,66,46,56,1,0,0,22.45856094,46.96562576,50.07356644
9/24/13,54,34,44,0,0,0,28.21192741,76.23542023,46.105793
9/25/13,61,35,48,0,0,0,28.84121132,74.83020782,48.465168
9/26/13,66,37,51.5,0,0,0,30.56944656,74.03749847,50.80175781
9/27/13,68,41,54.5,0,0,0,30.49839401,71.60631561,52.15885544
9/28/13,67,41,54,0,0,0,25.15443039,51.05312347,53.08854294
9/29/13,70,45,57.5,0,0,0,24.05489731,46.48854065,53.99869919
9/30/13,69,44,56.5,0,0,0,30.87117004,75.42812347,56.79655075
10/1/13,74,46,60,0,0,0,32.27600861,76.24583435,58.29948044
10/2/13,73,47,60,0,0,0,31.83117676,75.59791565,59.86035156
10/3/13,75,43,59,0,0,0,31.0286541,74.453125,56.0582695
10/4/13,73,43,58,0.06,0,0,29.34696007,72.59270477,62.78222656
10/5/13,77,61,69,0.41,0,0,21.35676956,48.31145859,62.16243362
10/6/13,74,61,67.5,0.01,0,0,21.20082664,46.29583359,67.52474213
10/7/13,82,65,73.5,0,0,0,27.44768715,76.95833588,60.04492188
10/8/13,72,40,56,0.68,0,0,30.91879082,72.74375153,49.92838669
10/9/13,61,33,47,0,0,0,29.63562584,74.90625,47.61035156
10/10/13,67,36,51.5,0,0,0,28.80605888,71.84791565,47.99414063
10/11/13,62,38,50,0.05,0,0,29.75286293,69.92500305,52.784832
10/12/13,63,36,49.5,0,0,0,22.77725029,45.19478989,52.55533981
10/13/13,73,39,56,0,0,0,21.93294525,44.109375,58.03222656
10/14/13,68,51,59.5,0.12,0,0,28.6962204,72.07291412,53.90462112
10/15/13,56,51,53.5,0.09,0,0,29.67687798,74.82917023,56.56933594
10/16/13,69,52,60.5,0,0,0,28.92066193,77.65833282,56.44433594
10/17/13,60,45,52.5,0.18,0,0,32.16683197,75.33437347,54.31933594
10/18/13,65,46,55.5,0.84,0,0,30.13100815,73.79374695,50.02734375
10/19/13,58,40,49,0.01,0,0,24.3926754,46.78645706,49.09537888
10/20/13,60,41,50.5,0.09,0,0,22.22646141,45.671875,45.046875
10/21/13,51,38,44.5,0.01,0,0,26.82951736,73.61042023,51.6171875
10/22/13,64,46,55,0,0,0,28.4484787,75.53541565,46.4729805
10/23/13,51,33,42,0.01,0,0,28.52428627,80.55937195,39.08658981
10/24/13,47,29,38,0.03,0,0,27.83569717,78.96353912,37.840168
10/25/13,47,30,38.5,0.02,0,0,26.83164597,75.63437653,39.29817581
10/26/13,46,33,39.5,0.02,0,0,21.10533142,50.78020859,41.07519531
10/27/13,47,37,42,0.01,0,0,21.64717484,45.77708435,41.23502731
10/28/13,46,36,41,0,0,0,26.45616341,75.6333313,40.44303513
10/29/13,49,26,37.5,0,0,0,27.54219246,74.97187805,34.55012894
10/30/13,45,25,35,0.01,0,0,30.03867531,75.91562653,41.91894531
10/31/13,58,36,47,0,0,0,31.50498772,82.77763367,51.85024261
11/1/13,62,51,56.5,0.56,0,0,30.05015183,72.66874695,57.99739456
11/2/13,66,44,55,0.02,0,0,23.15040398,50.51145935,45.65462112
11/3/13,55,32,43.5,0.09,0,0,20.79417801,49.71099854,31.82953072
11/5/13,42,24,33,0,0,0,25.71051025,75.69166565,41.20084763
11/6/13,52,36,44,0,0,0,28.67571068,75.2572937,50.25748825
11/7/13,57,43,50,0.51,0,0,29.20828629,77.4302063,43.63997269
11/8/13,43,32,37.5,0.03,0,0,25.04645729,75.53646088,35.4645195
11/9/13,41,28,34.5,0.02,0,0,20.51385689,48.03229141,38.42106247
11/10/13,47,33,40,0.05,0,0,20.65302277,46.66145706,41.89713669
11/11/13,46,27,36.5,0.03,0,0,23.72870445,76.25624847,37.33186722
11/12/13,45,25,35,0.13,0.7,1,23.13549423,77.57707977,26.46500587
11/13/13,30,20,25,0.07,0.5,1,22.36128807,76.75416565,26.65201759
11/14/13,35,22,28.5,0,0,0,24.47405052,75.52500153,36.04850388
11/15/13,51,29,40,0,0,0,26.57965851,73.0697937,40.88981247
11/16/13,57,36,46.5,0,0,0,22.7319355,47.15833282,44.74316406
11/17/13,58,41,49.5,0,0,0,22.85302162,47.29166794,51.05305862
11/18/13,57,49,53,0.22,0,0,29.02028275,72.9135437,47.36588669
11/19/13,55,34,44.5,0,0,0,26.87561035,79.1635437,32.72526169
11/21/13,39,21,30,0,0,0,24.90939522,76.63854218,34.7578125
11/22/13,44,30,37,0.21,0,0,26.84501457,74.79479218,40.96614456
11/23/13,47,28,37.5,0.04,0,0,19.55062485,48.18125153,27.70035744
11/26/13,33,18,25.5,0.03,0.7,1,21.02021599,76.03437805,29.44482422
11/27/13,35,27,31,1.5,0.3,1,20.32313347,65.71250153,29.35270119
11/28/13,31,18,24.5,0.06,0.6,2,15.59456062,43.08541489,21.71468163
11/29/13,25,18,21.5,0.02,0.5,2,15.51119709,43.85625076,20.54077148
12/1/13,30,7,18.5,0,0,2,16.9815712,44.96250153,31.07128906
12/4/13,40,23,31.5,0.01,0,0,24.86563492,75.19374847,37.08772659
12/5/13,50,34,42,0,0,0,28.68008423,78.74583435,48.18847656
12/6/13,54,32,43,0.42,0,0,26.75449944,73.59166718,32.85628128
12/7/13,35,26,30.5,0.11,1.2,1,20.33301163,45.84999847,26.27848244
12/9/13,31,17,24,0.02,0.3,1,21.18822479,75.60520935,31.49560547
12/10/13,38,28,33,0,0,0,21.20548058,76.58333588,24.33072853
12/11/13,28,10,19,0.11,1.9,2,20.94362259,76.34062195,21.42073631
12/12/13,24,11,17.5,0.03,0.4,2,18.69913864,74.16041565,15.71801758
12/14/13,25,11,18,0.06,2.7,5,15.21996021,48.20624924,16.07308006
12/15/13,25,11,18,0.23,3,7,15.23550797,46.44895935,23.60693359
12/16/13,27,9,18,0.02,0.5,7,18.05155945,76.92812347,15.02478027
12/17/13,21,-2,9.5,0.01,0.2,7,18.2644558,79.56666565,14.89453602
12/18/13,24,14,19,0.02,0.4,6,19.88016129,77.7427063,24.76106834
12/20/13,46,29,37.5,0,0,4,23.41398811,72.74478912,41.00846481
12/21/13,52,41,46.5,0.03,0,0,19.72631836,44.49375153,45.79817581
12/22/13,61,33,47,0.38,0,0,18.60837555,45.81041718,45.62028122
12/23/13,64,37,50.5,0.06,0,0,22.66642952,67.96250153,35.9020195
12/25/13,27,6,16.5,0.06,1.5,2,14.02332115,41.33854294,14.63696289
12/26/13,22,7,14.5,0.04,1.4,3,13.6679821,43.62395859,25.02750587
12/28/13,39,24,31.5,0,0,2,14.16407108,41.17812347,34.39225388
12/30/13,42,19,30.5,0.6,0.9,1,13.70641708,40.87395859,19.89819336
12/31/13,20,12,16,0.01,0.3,2,13.1464138,39.82083511,16.74682617
1/1/14,25,14,19.5,0.01,0.2,2,13.12254143,38.98749924,16.13696289
1/2/14,20,12,16,0.11,2.3,4,14.28739548,63.58020782,11.06718922
1/3/14,15,-3,6,0.4,6.4,10,13.78543949,64.07917023,-0.449040741
1/5/14,25,8,16.5,0,0,8,12.69081688,42.10625076,29.47737694
1/10/14,27,15,21,0.08,1.4,2,17.09362412,71.4068222,29.21500587
1/12/14,50,34,42,0.34,0,0,16.63589287,44.49895859,32.04199219
1/13/14,35,25,30,0,0,0,19.98849106,72.13854218,38.30696487
1/14/14,50,35,42.5,0.07,0,0,22.2782383,72.86210632,37.33026505
1/15/14,42,28,35,0.1,0,0,21.65480614,71.56702423,31.28241348
1/17/14,33,23,28,0,0,0,20.16370392,69.92292023,29.76236916
1/18/14,38,24,31,0.15,2.9,3,16.60066795,44.71666718,22.64192772
1/19/14,24,13,18.5,0.06,0.9,4,14.99090385,44.17499924,22.44140625
1/21/14,31,5,18,0.07,1.5,4,15.70339108,75.21666718,3.097122192
1/23/14,2,-9,-3.5,0.03,0.4,3,15.54069614,77.8208313,4.130945683
1/25/14,16,-5,5.5,0,0,3,13.86041737,44.11145782,17.77986717
1/26/14,24,1,12.5,0.05,1.7,5,13.43579292,43.40937424,10.83331299
1/29/14,10,-10,0,0,0,3,15.63579369,74.63645935,5.776051998
1/30/14,16,-8,4,0,0,3,16.87240028,73.88124847,11.89841747
1/31/14,26,5,15.5,0,0,3,17.27591896,69.27603912,25.70572853
2/1/14,34,20,27,0,0,2,16.42728424,47.32708359,31.24349022
2/14/14,22,18,20,0.5,8.9,12,16.31934166,51.67930985,25.28808594
2/15/14,31,21,26,0.04,0.5,13,14.7393055,46.16145706,23.13704491
2/16/14,27,9,18,0.04,0.6,13,13.61840439,44.07291794,12.93334961
2/17/14,16,-12,2,0.07,1.5,12,15.96772099,71.40520477,11.63935375
2/21/14,44,20,32,0.31,0,7,20.60018349,71.1177063,38.99121094
2/22/14,46,33,39.5,0.26,0,5,16.89531517,45.01979065,37.746418
2/23/14,46,31,38.5,0,0,4,16.71633339,44.03125,35.41910934
2/24/14,45,20,32.5,0,0,3,18.47464561,73.70520782,20.70442772
2/27/14,15,2,8.5,0,0,3,15.47262669,75.11875153,10.17287159
3/1/14,18,3,10.5,0,0,2,13.77253151,46.34583282,22.07161522
3/2/14,33,14,23.5,0.07,1,2,13.80278397,45.03853989,16.21362305
3/3/14,18,5,11.5,0.02,0.3,2,14.8425169,76.80104065,6.216145992
3/5/14,21,0,10.5,0,0,2,15.91717529,75.54479218,15.09802246
3/7/14,29,-1,14,0,0,2,17.23522758,68.47916412,26.34407616
3/8/14,42,21,31.5,0,0,1,15.34604931,45.51874924,29.20784569
3/9/14,40,20,30,0.02,0.3,1,14.83438873,41.32391357,25.38960648
3/10/14,35,21,28,0,0,1,18.74964714,67.42708588,37.80257034
3/11/14,50,33,41.5,0,0,1,22.96275711,68.37083435,42.23372269
3/13/14,35,6,20.5,1.14,3,3,16.03290176,67.71353912,9.891926765
3/15/14,47,18,32.5,0.03,0,1,16.08096313,43.54999924,35.86311722
3/17/14,19,9,14,0,0,1,16.34973526,68.97396088,15.93855762
3/18/14,29,10,19.5,0,0,1,18.97112083,69.13021088,28.33618164
3/19/14,44,24,34,0,0,1,19.84013748,70.6958313,34.95117188
3/20/14,43,34,38.5,0.02,0,0,20.82375145,69.77083588,34.95068359
3/22/14,38,22,30,0,0,0,18.59488106,41.41145706,34.76285934
3/24/14,25,12,18.5,0.07,2.5,3,17.6964798,69.70520782,17.03548241
3/26/14,36,16,26,0.03,0.4,1,17.67223167,73.5854187,18.77677345
3/28/14,42,14,28,0.09,0,0,20.76508904,65.36354065,41.99707031
3/29/14,54,33,43.5,0.02,0,0,18.49468422,41.39583206,35.07535934
3/30/14,44,29,36.5,1.33,0.6,1,17.14747429,41.37291718,29.16959572
4/1/14,42,23,32.5,0,0,0,20.82269096,65.04166412,39.72932816
4/2/14,58,23,40.5,0,0,0,22.44046593,63.28541565,40.60758591
4/3/14,55,23,39,0,0,0,22.57062531,63.65208435,33.53141403
4/4/14,45,24,34.5,0.04,0,0,22.69193077,66.24583435,39.68001175
4/5/14,47,36,41.5,0.11,0,0,19.31302834,43.72291565,35.78092575
4/6/14,37,21,29,0,0,0,18.62801361,38.24583435,34.92854691
4/7/14,52,26,39,0,0,0,21.9343605,67.38124847,36.10286331
4/8/14,50,37,43.5,0.51,0,0,23.33609962,70.12187195,42.98218918
4/9/14,52,28,40,0.01,0,0,23.71786499,67.2416687,35.49348831
4/10/14,45,26,35.5,0,0,0,23.86251259,65.3208313,47.52848434
4/11/14,66,33,49.5,0.04,0,0,24.73232269,66.22916412,47.42643356
4/12/14,53,30,41.5,0.07,0,0,20.58163643,39.83437347,48.17871094
4/13/14,62,39,50.5,0,0,0,22.14880371,39.13541794,65.38118744
4/14/14,80,61,70.5,0,0,0,24.24823189,66.54623413,66.04354858
4/15/14,76,57,66.5,0.22,0,0,25.04252243,68.73369598,40.0440979
4/17/14,36,22,29,0,0,0,23.28277397,65.85520935,37.35091019
4/18/14,53,28,40.5,0,0,0,23.17831421,63.10625076,44.30403519
4/20/14,51,25,38,0,0,0,19.05569839,36.85416794,46.16145706
4/21/14,67,32,49.5,0,0,0,24.12079048,64.32917023,57.43945313
4/22/14,73,39,56,0,0,0,21.71197128,68.10416412,53.85188675
4/23/14,59,37,48,0.24,0,0,21.60132217,68.0385437,37.40169144
4/24/14,39,31,35,0.16,0,0,21.50574303,63.39347839,38.42289352
4/25/14,49,28,38.5,0,0,0,20.36814308,63.484375,45.90934372
4/26/14,63,35,49,0.17,0,0,17.85570145,38.54895782,44.48730469
4/27/14,55,38,46.5,0.05,0,0,18.54543686,39.77708435,41.29426956
4/28/14,48,27,37.5,0,0,0,23.16390038,65.30210876,43.88782883
4/29/14,59,38,48.5,0,0,0,23.61659241,67.29166412,45.62272263
4/30/14,50,40,45,0.15,0,0,23.53021622,68.18437195,45.15625
5/1/14,56,42,49,0.24,0,0,26.08008003,66.3677063,52.28190231
5/2/14,64,40,52,0.24,0,0,24.86558914,63.59583282,47.57487106
5/3/14,56,45,50.5,0,0,0,20.71502304,40.42395782,49.76887894
5/4/14,58,39,48.5,0.14,0,0,19.66691971,38.62812424,46.78352737
5/5/14,54,38,46,0,0,0,23.74165916,65.09479523,45.82584763
5/6/14,55,39,47,0,0,0,26.74085426,67.10312653,46.89811325
5/7/14,57,31,44,0,0,0,26.02169418,67.79270935,49.40527344
5/8/14,66,35,50.5,0.05,0,0,29.41742516,64.296875,60.3203125
5/9/14,76,54,65,0.46,0,0,30.20212555,62.58958435,68.67740631
5/10/14,82,60,71,0.22,0,0,20.77026176,38.60729218,65.28027344
5/11/14,75,41,58,0,0,0,21.42762756,36.90416718,57.47591019
5/12/14,74,45,59.5,0,0,0,30.9797821,66.41249847,63.60969925
5/13/14,80,49,64.5,0,0,0,35.23918152,67.62812805,69.51725006
5/14/14,84,54,69,0.59,0,0,33.78556824,65.92708588,67.10904694
5/15/14,81,55,68,0,0,0,34.18199539,66.52187347,69.49023438
5/16/14,78,48,63,0.7,0,0,28.09667969,67.80833435,50.98209763
5/17/14,53,42,47.5,1.27,0,0,24.13679504,39.63958359,46.87825394
5/18/14,55,40,47.5,0.03,0,0,22.94824791,38.92395782,47.76464844
5/19/14,58,33,45.5,0.01,0,0,26.71123505,67.49478912,50.4375
5/20/14,65,38,51.5,0.02,0,0,27.93894959,67.1166687,55.70117188
5/22/14,65,56,60.5,0.22,0,0,31.65338707,68.90729523,61.58658981
5/23/14,74,52,63,0.01,0,0,29.08416557,66.11042023,52.66373825
5/26/14,74,43,58.5,0,0,0,22.07384491,39.51770782,67.39160156
5/27/14,82,57,69.5,0,0,0,30.2502079,67.12916565,67.96842194
5/28/14,82,54,68,0.23,0,0,21.38893509,69.91702271,56.25268936
5/29/14,59,51,55,0.01,0,0,17.28248596,67.55319214,55.21647263
5/30/14,59,44,51.5,0,0,0,25.80974579,59.76770782,57.50618362
5/31/14,72,41,56.5,0,0,0,20.64735794,36.984375,56.84505081
6/1/14,70,42,56,0,0,0,20.89582443,34.97126389,62.16903305
6/2/14,77,51,64,0,0,0,31.12599564,64.921875,70.18424225
6/3/14,85,60,72.5,0.01,0,0,36.04692841,68.65103912,71.82226563
6/4/14,82,47,64.5,0.08,0,0,32.21435547,68.11250305,62.42805862
6/6/14,65,52,58.5,0,0,0,30.04240036,63.90312576,58.80078125
6/7/14,70,45,57.5,0,0,0,23.99570656,40.70520782,62.18489456
6/8/14,78,47,62.5,0,0,0,23.43847656,39.75312424,64.55273438
6/9/14,81,52,66.5,2.16,0,0,27.56497002,69.84062195,62.1917305
6/10/14,66,62,64,0.01,0,0,30.59193039,67.140625,67.38867188
6/11/14,77,64,70.5,0.16,0,0,27.21741486,65.68958282,64.66210938
6/13/14,68,64,66,0.58,0,0,29.48303413,68.66117859,66.97982025
6/14/14,81,50,65.5,0.28,0,0,21.34333992,41.3520546,54.68684769
6/16/14,70,47,58.5,0,0,0,32.49464417,75.58070374,66.22135162
6/18/14,86,64,75,0.6,0,0,33.47001266,67.68681335,67.97037506
6/23/14,76,48,62,0,0,0,33.366539,71.62622833,66.78353119
6/24/14,79,64,71.5,0,0,0,31.0832653,66.22187805,69.90364838
6/25/14,80,67,73.5,0.36,0,0,31.88438416,65.54062653,67.29654694
6/26/14,75,63,69,0.8,0,0,30.31788635,64.81562805,66.68196869
6/27/14,77,54,65.5,0,0,0,30.97098351,60.15520859,67.49349213
6/28/14,83,57,70,0,0,0,23.57952118,39.18437576,70.40234375
6/29/14,83,62,72.5,0,0,0,24.63950729,37.13750076,72.72689056
7/1/14,85,70,77.5,0,0,0,43.55670929,64.34583282,76.69857025
7/2/14,89,70,79.5,0.01,0,0,43.41844177,65.65833282,77.15625
7/3/14,87,63,75,0.06,0,0,35.21151733,61.83854294,67.75325775
7/4/14,83,57,70,1.42,0,0,20.1360836,39.71458435,61.46777344
7/5/14,68,47,57.5,0,0,0,21.46147537,40.14896011,62.91373825
7/6/14,76,48,62,0,0,0,20.23476219,39.80625153,65.38476563
7/7/14,80,59,69.5,0,0,0,26.76919556,63.69166565,67.73990631
7/8/14,79,64,71.5,0.29,0,0,34.55487442,66.56210327,71.14295197
7/9/14,82,57,69.5,0.63,0,0,29.59109688,67.51354218,66.414711
7/10/14,77,53,65,0.06,0,0,28.72620201,65.17292023,62.56966019
7/11/14,73,50,61.5,0,0,0,30.21071434,62.80736923,64.78092194
7/12/14,80,58,69,0,0,0,23.22192955,42.25520706,71.81542969
7/13/14,85,66,75.5,0,0,0,23.66501427,43.27666855,70.08848572
7/14/14,77,63,70,0.47,0,0,34.47188568,65.13645935,70.71875
7/15/14,81,65,73,0,0,0,29.62125587,67.98750305,68.16080475
7/16/14,78,53,65.5,0.16,0,0,28.01236534,67.28125,63.68424606
7/17/14,72,51,61.5,0,0,0,27.19035912,67.52500153,60.75325394
7/18/14,69,48,58.5,0.02,0,0,28.25429535,63.51333237,61.90559769
7/19/14,78,53,65.5,0,0,0,22.22712898,43.25416565,64.90364838
7/20/14,77,58,67.5,0,0,0,20.34449577,40.49479294,68.13411713
7/21/14,79,61,70,0,0,0,30.36904526,64.71770477,71.12662506
7/22/14,82,65,73.5,0,0,0,36.57254791,67.20417023,74.9681015
7/23/14,85,70,77.5,0,0,0,40.65763474,70.18333435,72.26432037
7/24/14,87,59,73,0.26,0,0,28.16780472,66.45937347,62.199543
7/25/14,68,45,56.5,0,0,0,30.22312355,62.88541794,61.17480469
7/26/14,78,51,64.5,0,0,0,22.88961792,40.47499847,65.89257813
7/27/14,79,57,68,0,0,0,22.70109749,41.20126724,73.04605103
7/28/14,84,62,73,0.25,0,0,27.88928986,67.18958282,61.74837112
7/29/14,71,50,60.5,0.17,0,0,29.04315948,66.87395477,58.81445313
7/30/14,66,47,56.5,0,0,0,26.95830917,61.42000198,59.04742813
7/31/14,72,54,63,0.05,0,0,30.25032616,67.140625,62.13118362
8/1/14,73,53,63,0.12,0,0,32.2443161,63.91875076,67.87630463
8/2/14,81,62,71.5,0,0,0,23.33807945,40.59375,70.16927338
8/3/14,81,58,69.5,0,0,0,21.86419106,42.75520706,65.12369537
8/4/14,77,60,68.5,2.14,0,0,28.97467804,59.31066513,67.23111725
8/5/14,80,57,68.5,0,0,0,28.3609066,69.64687347,65.41308594
8/6/14,79,59,69,0.4,0,0,26.75308037,67.28020477,63.89290237
8/7/14,74,49,61.5,0,0,0,28.38609886,65.10444641,60.94303513
8/8/14,73,48,60.5,0,0,0,28.37677765,63.11771011,60.93131638
8/9/14,75,47,61,0,0,0,21.86941719,42.40312576,62.73274612
8/10/14,80,49,64.5,0,0,0,21.7752285,41.64941025,65.34472656
8/15/14,68,48,58,0,0,0,24.58000565,50.19687653,58.43489456
8/16/14,66,47,56.5,0,0,0,19.31982231,41.24375153,59.61425781
8/17/14,70,49,59.5,0.07,0,0,16.02939034,39.84895706,61.52734375
8/18/14,70,52,61,0,0,0,27.58060455,66.70729065,59.68359375
8/19/14,70,45,57.5,0,0,0,31.54441643,67.15520477,62.29915237
8/20/14,78,47,62.5,0,0,0,31.34155464,70.27603912,66.42415619
8/21/14,78,64,71,0.78,0,0,33.2177124,67.09791565,67.5703125
8/22/14,78,60,69,0.93,0,0,30.29287338,63.05416489,66.89941406
8/23/14,78,62,70,0.09,0,0,19.07335091,42.60312653,64.63899994
8/24/14,67,54,60.5,0,0,0,18.24168777,39.36145782,64.22460938
8/25/14,79,51,65,0,0,0,30.25889778,67.96315765,64.62988281
8/26/14,79,51,65,0,0,0,31.97710037,69.73332977,66.9921875
8/27/14,83,53,68,0,0,0,32.3105011,68.84166718,68.34732819
8/28/14,77,53,65,0,0,0,27.40928078,68.12291718,59.68131638
8/29/14,67,45,56,0,0,0,28.43155861,62.76979065,58.20930862
8/30/14,75,47,61,0,0,0,22.80609894,41.54999924,64.73014069
9/1/14,76,59,67.5,0.32,0,0,22.92962456,40.81874847,70.32421875
9/2/14,81,62,71.5,0,0,0,36.41123199,71.19271088,72.19107819
9/3/14,85,61,73,0.78,0,0,32.16107559,70.13957977,66.13314056
9/4/14,78,55,66.5,0,0,0,32.43192291,69.56145477,68.25585938
9/5/14,83,63,73,0,0,0,38.09975433,68.02083588,73.65103912
9/6/14,86,67,76.5,0,0,0,23.60334969,43.69895935,65.99088287
9/7/14,74,49,61.5,0.06,0,0,21.92520523,39.69062424,59.75162888
9/8/14,70,42,56,0,0,0,30.27395248,67.98542023,58.51530075
9/9/14,74,46,60,0,0,0,29.75384331,70.2427063,60.70996094
9/10/14,70,57,63.5,0,0,0,27.96062088,68.54479218,64.03580475
9/11/14,73,61,67,0.02,0,0,27.38512993,68.63749695,64.06803131
9/12/14,72,49,60.5,0.02,0,0,25.56989098,66.2729187,50.69791794
9/13/14,55,39,47,0.01,0,0,20.39590073,43.65833282,49.91569138
9/14/14,64,44,54,0.19,0,0,20.09062004,41.93854141,50.36035156
9/15/14,59,46,52.5,0,0,0,26.20946503,68.36978912,54.96744919
9/16/14,67,48,57.5,0.36,0,0,26.45229149,67.9302063,53.67122269
9/17/14,63,40,51.5,0,0,0,25.17636108,67.1010437,50.95377731
9/18/14,65,41,53,0,0,0,26.52339363,68.55312347,50.67871094
9/19/14,64,32,48,0,0,0,24.95819092,65.97187805,47.00260544
9/20/14,62,35,48.5,0,0,0,20.44618797,42.29479218,61.02376175
9/21/14,70,58,64,0,0,0,16.98810768,41.37708282,63.612957
9/22/14,77,48,62.5,0.43,0,0,22.75374222,69.10416412,50.07942581
9/23/14,53,38,45.5,0.02,0,0,25.83688927,68.38749695,50.99544144
9/24/14,68,41,54.5,0,0,0,28.08568382,68.55000305,55.37272263
9/25/14,72,44,58,0,0,0,26.22310257,73.00468445,55.27180862
9/26/14,67,42,54.5,0,0,0,25.62786102,49.23225784,54.93945313
9/27/14,71,43,57,0,0,0,19.93344688,40.33854294,57.04166794
9/28/14,76,46,61,0,0,0,20.58750916,39.10312653,59.6988945
9/29/14,80,50,65,0,0,0,28.23756027,67.72291565,60.77473831
9/30/14,76,52,64,0,0,0,29.81545448,70.18228912,59.96386719
10/1/14,76,51,63.5,0.13,0,0,28.28655434,69.69687653,59.06835938
10/3/14,71,53,62,0,0,0,26.11456108,64.75624847,60.1328125
10/4/14,70,56,63,0.13,0,0,20.03252029,45.20520782,53.77148438
10/5/14,58,31,44.5,0.11,0,0,18.15571213,42.97812653,43.09830856
10/6/14,54,37,45.5,0,0,0,22.33999634,68.4135437,51.14616013
10/7/14,65,44,54.5,0,0,0,24.2531929,68.13437653,58.730793
10/8/14,66,53,59.5,0.13,0,0,24.6361351,70.65416718,54.52050781
10/9/14,64,40,52,0,0,0,24.51371002,67.68333435,49.42448044
10/10/14,61,33,47,0,0,0,23.40447044,65.84791565,44.612957
10/11/14,57,33,45,0,0,0,17.71143532,40.64270782,44.48991013
10/12/14,55,28,41.5,0,0,0,16.89460754,38.93021011,41.70214844
10/13/14,59,30,44.5,0,0,0,23.82782173,66.82395935,54.51887894
10/15/14,77,63,70,0.01,0,0,25.14530182,70.65208435,63.89713669
10/16/14,68,59,63.5,1.5,0,0,23.1750412,68.484375,60.31119919
10/17/14,70,49,59.5,0.01,0,0,24.61181641,67.45104218,56.55012894
10/18/14,65,51,58,0.17,0,0,18.71911621,46.81770706,50.86881638
10/19/14,54,36,45,0.45,0,0,16.10552979,43.68437576,37.43522263
10/20/14,42,29,35.5,0,0,0,19.53853035,69.68333435,41.35481644
10/21/14,51,34,42.5,0.06,0,0,21.3085556,68.34270477,47.92512894
10/22/14,54,45,49.5,0.01,0,0,21.60260201,68.96562195,45.60091019
10/23/14,48,43,45.5,0.01,0,0,21.13619804,68.09999847,45.17024612
10/24/14,49,43,46,0.01,0,0,24.10359383,64.11145782,47.11686325
10/25/14,57,34,45.5,0,0,0,17.98408318,40.63437653,49.23632813
10/26/14,65,38,51.5,0.2,0,0,16.84143829,42.14583206,46.46289063
10/27/14,51,40,45.5,0.01,0,0,22.90024757,67.4168396,46.11184311
10/28/14,58,41,49.5,0,0,0,25.25176239,69.48526001,60.12760544
10/29/14,75,51,63,0.06,0,0,22.49056435,60.29000092,51.18261719
10/30/14,53,41,47,0,0,0,21.79833794,66.54561615,42.19140625
10/31/14,46,30,38,0,0,0,20.14522743,66.59642792,40.12565231
11/1/14,48,31,39.5,0,0,0,15.40094852,44.18315887,37.68684769
11/2/14,39,33,36,0.03,0,0,14.07017612,42.06499863,34.13124847
11/3/14,41,25,33,0.01,0,0,19.9959259,69.02500153,43.871418
11/4/14,57,40,48.5,0,0,0,20.07123375,69.44166565,54.48730469
11/5/14,62,49,55.5,0,0,0,21.1750164,69.95729065,49.3167305
11/6/14,57,32,44.5,0,0,0,21.14883614,68.5697937,39.6917305
11/7/14,48,37,42.5,0.43,0,0,19.34726143,68.69999695,34.73323441
11/9/14,42,30,36,0,0,0,15.49459839,42.04000092,40.27993393
11/10/14,46,35,40.5,0,0,0,20.40166473,66.83548737,45.73112106
11/11/14,58,42,50,0,0,0,22.05770111,66.21770477,50.07421875
11/12/14,63,46,54.5,0,0,0,21.75996399,67.44421387,43.92122269
11/13/14,47,33,40,0.04,0,0,17.78667068,66.87073517,31.49687576
11/14/14,35,14,24.5,0.11,1.5,2,17.12965393,69.58292389,27.24137306
11/15/14,33,19,26,0.04,0.6,2,12.89971352,44.61951065,29.41064453
11/17/14,36,30,33,0.11,1,1,15.87403393,69.66551971,33.10660934
11/18/14,37,17,27,0.34,0,0,14.60526276,66.84368134,20.35954475
11/19/14,23,13,18,0,0,0,15.61432743,67.49622345,19.46077538
11/20/14,29,14,21.5,0,0,0,12.26963806,59.56206894,25.90771484
11/23/14,47,22,34.5,0,0,0,14.9102459,39.5,44.14257813
11/24/14,58,43,50.5,0.25,0,0,20.9632225,72.42692566,56.16699219
11/25/14,67,41,54,0,0,0,20.06675148,66.47916412,42.23307419
11/26/14,49,31,40,0,0,0,17.8071537,58.01354218,29.95572853
11/27/14,33,26,29.5,0.4,4.5,5,12.59897709,40.19374847,25.65836525
11/28/14,29,21,25,0.14,2,7,11.85567856,40.45937347,22.67513084
11/29/14,26,12,19,0,0,4,11.96780109,40.89571381,24.37760353
11/30/14,37,19,28,0,0,1,12.61877441,42,39.59505081
12/2/14,41,19,30,0,0,0,17.176054,70.67812347,27.41536522
12/4/14,41,27,34,0.02,0,0,18.50693893,70.66249847,27.84488869
12/5/14,33,16,24.5,0,0,0,18.02542114,68.53333282,28.392416
12/6/14,36,25,30.5,0.54,0,0,13.4113512,43.52604294,33.75244141
12/7/14,37,22,29.5,0.37,0,0,13.92097569,43.07500076,24.68766212
12/8/14,29,16,22.5,0,0,0,18.88107681,71.5229187,23.61474609
12/9/14,30,20,25,0,0,0,19.53199959,71.2729187,30.92285156
12/10/14,35,29,32,0.12,0.9,1,19.09994507,67.5,27.40087891
12/11/14,29,22,25.5,0.46,9,10,18.53508759,68.05104065,23.77083397
12/13/14,30,24,27,0.1,0.4,8,14.58922291,46.14270782,29.58528709
12/14/14,32,29,30.5,0.05,0,7,14.42690754,44.77083206,32.17399216
12/15/14,36,32,34,0.06,0,6,19.23200989,71.0541687,32.88981247
12/24/14,46,39,42.5,0.07,0,0,18.07086945,49.64687347,47.04655075
12/25/14,57,41,49,0.06,0,0,13.15921879,34.69583511,41.53450394
12/27/14,46,29,37.5,0,0,0,11.8606329,35.41979218,40.55241013
12/28/14,52,38,45,0.16,0,0,13.07528877,36.68854141,36.9957695
12/29/14,40,27,33.5,0,0,0,12.22148228,38.44791794,26.91910744
12/30/14,31,20,25.5,0.05,1.5,2,10.43676281,38.63541794,19.8497715
12/31/14,22,16,19,0.04,0.8,2,10.16556358,38.89479065,18.4747715
1/1/15,22,16,19,0,0,1,10.20855331,35.671875,25.01139259
1/4/15,44,24,34,0.23,0,0,12.82483482,34.70624924,42.40625
1/5/15,54,20,37,0.05,0,0,15.959898,67.97916412,18.32218361
1/12/15,32,16,24,0.05,0.5,1,15.96031952,68.52500153,27.84309959
1/13/15,33,1,17,0.12,1.3,2,14.70429802,68.88124847,2.930277586
1/14/15,7,-15,-4,0,0,2,13.99242115,71.37395477,5.263824463
1/17/15,28,-7,10.5,0.05,0.5,3,11.02015686,40.14166641,14.20013905
1/18/15,30,-5,12.5,0,0,3,12.65975094,41.71041489,30.66292381
1/19/15,40,29,34.5,0.02,0.2,3,13.99985504,44.40000153,28.56461525
1/20/15,31,20,25.5,0.01,0.5,3,17.60904121,68.63021088,19.30452538
1/21/15,24,-3,10.5,0,0,3,17.14075851,70.0239563,13.01178455
1/23/15,27,9,18,0,0,1,18.21865082,67.453125,22.61979103
1/24/15,33,19,26,0,0,1,14.6911726,42.08854294,27.61979103
1/25/15,33,21,27,0.01,0.1,1,13.33891964,41.22499847,19.50618553
1/27/15,17,8,12.5,0.22,3,4,16.39582062,70.6333313,11.67085743
1/29/15,23,-4,9.5,0,0,4,16.60208893,69.61978912,15.40249157
1/30/15,31,0,15.5,0.1,2.2,6,17.17763138,66.75312805,18.49332619
1/31/15,26,6,16,0.04,1.1,7,12.54406643,44.62187576,8.032002449
2/1/15,22,1,11.5,0,0,7,13.43053341,45.27083206,17.27075195
2/2/15,26,17,21.5,0.41,5,12,16.36008835,66.24062347,14.07088184
2/3/15,26,-4,11,0.15,2.1,13,17.15233803,72.62604523,10.05009556
2/4/15,23,-2,10.5,0.04,1.4,14,18.18579483,73.49791718,23.34375
2/5/15,31,14,22.5,0.26,4.3,18,16.91399384,72.75521088,12.44848633
2/7/15,22,-1,10.5,0,0,18,11.74541378,41.80729294,20.56783104
2/8/15,35,21,28,0.02,0.3,18,11.80373573,42.00624847,24.11962891
2/9/15,38,13,25.5,0.3,2.4,17,15.05387974,69.05833435,15.24894238
2/10/15,18,14,16,0.2,1.6,19,15.13582897,73.77812195,16.16918945
2/12/15,31,10,20.5,0.03,0.6,17,17.88698387,73.31562805,18.0158596
2/13/15,24,0,12,0.06,0.5,17,15.71508026,70.83020782,1.309504151
2/14/15,14,-8,3,0.06,0.5,16,9.9538517,43.15208435,13.69022655
2/15/15,22,1,11.5,0.22,2,17,9.807215691,40.72083282,-0.981470764
2/16/15,1,-4,-1.5,0.05,0.5,17,12.58096123,70.53541565,0.485087067
2/18/15,20,-9,5.5,0,0,16,14.73220539,74.33020782,9.021540642
2/19/15,23,3,13,0.08,1.4,17,14.54867077,73.1010437,4.843912601
2/20/15,9,-8,0.5,0,0,17,14.07501793,70.63854218,-2.802520752
2/21/15,13,-11,1,0,0,17,10.62895107,44.453125,13.13914967
2/22/15,22,13,17.5,0.05,0.6,18,11.53219891,41.28437424,21.75992775
2/23/15,30,4,17,0.01,0.9,18,15.02936649,73.64631653,3.975632191
2/25/15,20,-5,7.5,0,0,16,15.34477901,74.27603912,14.53810596
2/26/15,24,1,12.5,0,0,15,15.77951145,75.0854187,9.304931641
2/28/15,15,-18,-1.5,0,0,15,11.77159882,43.83229065,4.228785038
3/1/15,28,-8,10,0.04,0.4,15,11.4609642,43.90520859,17.48729897
3/2/15,26,17,21.5,0.06,1,16,15.67539692,74.3979187,22.27815819
3/3/15,27,3,15,0,0,16,15.95314789,74.95833588,18.43322754
3/4/15,31,7,19,0.2,1.8,15,16.61330605,73.07187653,31.45719337
3/5/15,36,12,24,0.02,1,15,15.40013599,74.03749847,12.87726879
3/6/15,13,-9,2,0.03,0.5,15,15.11950493,70.47396088,9.864550591
3/7/15,25,-4,10.5,0,0,15,11.68560696,44.38854218,21.12882423
3/8/15,27,17,22,0.03,0.5,15,12.64562702,44.10217285,29.45244598
3/9/15,38,15,26.5,0,0,15,18.13313484,72.50624847,29.39029884
3/10/15,45,15,30,0,0,14,20.11686897,73.1802063,33.86409378
3/11/15,48,25,36.5,0.08,0,14,21.96718407,71.57291412,37.41650391
3/12/15,46,28,37,0,0,9,20.36513519,69.47291565,29.47688866
3/13/15,33,15,24,0,0,9,19.80839348,66.23229218,31.09635353
3/14/15,47,16,31.5,0.05,0,6,15.64212418,40.72812653,37.13118362
3/16/15,32,21,26.5,0.09,0.2,4,20.31918526,70.02708435,36.09895706
3/17/15,51,26,38.5,0.05,0,3,19.92281151,71.87187195,32.75602341
3/20/15,32,14,23,0,0,2,17.56195641,71.53437805,27.39160156
3/21/15,32,25,28.5,0.09,1.3,3,14.03197575,46.07395935,32.19254684
3/22/15,42,19,30.5,0.05,0.8,4,13.09957981,40.140625,20.08829689
3/23/15,23,14,18.5,0.02,0.6,3,17.1099968,69.79895782,16.37491798
3/24/15,22,3,12.5,0,0,2,17.70198822,70.58437347,18.53308105
3/25/15,33,4,18.5,0,0,1,18.26382065,71.22812653,28.96956444
4/3/15,65,37,51,0.12,0,0,24.00947952,61.29166794,50.9488945
4/4/15,63,33,48,0.48,0,0,18.0273571,40.18645859,34.69075394
4/8/15,41,34,37.5,0.16,0,0,21.45836449,72.42395782,37.355793
4/9/15,42,36,39,0.91,0,0,20.62373352,70.56874847,39.0354805
4/10/15,45,37,41,0.29,0,0,21.4664669,66.8041687,44.61555862
4/11/15,55,37,46,0.03,0,0,16.3398037,41.01666641,38.06380081
4/12/15,44,26,35,0,0,0,14.94836426,39.18125153,44.18864059
4/13/15,66,34,50,0,0,0,24.41586876,66.61354065,59.07975388
4/14/15,77,39,58,0.64,0,0,24.54811287,68.8197937,49.07975388
4/15/15,59,28,43.5,0,0,0,23.16814995,66.69999695,42.74169922
4/16/15,56,27,41.5,0,0,0,23.1160717,66.88645935,49.34619141
4/17/15,69,33,51,0.06,0,0,25.72526741,66.53020477,52.51953125
4/18/15,61,34,47.5,0,0,0,18.93465424,40.24166489,52.03190231
4/19/15,71,27,49,0,0,0,17.95371628,38.98854065,49.53010941
4/20/15,66,42,54,0.08,0,0,26.04123306,66.69999695,51.75585938
4/21/15,63,45,54,0.63,0,0,26.53347778,69.0697937,48.45526505
4/23/15,50,31,40.5,0.08,0,0,22.9192028,71.37604523,33.07926559
4/25/15,36,23,29.5,0,0,0,15.82224083,42.00312424,35.75488281
4/26/15,50,23,36.5,0,0,0,15.64978504,38.63228989,38.01839066
4/29/15,61,34,47.5,0,0,0,25.82595634,65.88021088,50.60905075
4/30/15,67,33,50,0,0,0,26.50464439,66.08125305,52.93977737
5/1/15,69,36,52.5,0,0,0,24.84870148,63.53229141,50.90299606
5/2/15,61,36,48.5,0,0,0,18.25412369,38.10833359,53.52116013
5/3/15,69,39,54,0,0,0,16.69177437,35.52708435,58.30338669
5/4/15,75,45,60,0,0,0,28.7217083,63.56770706,64.69107819
5/5/15,82,48,65,0,0,0,28.00300217,68.13437653,61.80436325
5/6/15,69,51,60,0.06,0,0,29.3639431,67.40937805,58.73176956
5/8/15,81,51,66,0,0,0,34.14648438,62.67291641,68.93847656
5/9/15,87,62,74.5,0,0,0,22.25235367,36.78020859,72.75423431
5/10/15,84,63,73.5,0,0,0,21.56531334,35.04583359,70.05013275
5/11/15,87,61,74,0.25,0,0,36.85948181,67.53333282,68.15853119
5/12/15,84,63,73.5,0.51,0,0,31.23411751,68.23958588,61.75618362
5/13/15,74,47,60.5,0.15,0,0,24.71559525,67.98936462,46.96493912
5/14/15,51,31,41,0.01,0,0,25.24695587,65.94062805,47.41381454
5/15/15,64,39,51.5,0,0,0,24.96077347,65.36354065,55.70344925
5/16/15,72,55,63.5,0.3,0,0,20.26857948,39.58646011,63.59375
5/17/15,76,56,66,0.04,0,0,19.7013607,36.08958435,65.47298431
5/18/15,79,58,68.5,0,0,0,38.40182877,68.29166412,69.64648438
5/19/15,84,63,73.5,1.11,0,0,36.98148346,68.16146088,64.460289
5/20/15,78,42,60,0,0,0,25.49223518,68.48958588,45.9729805
5/21/15,53,38,45.5,0,0,0,26.09994125,68.14270782,49.88574219
5/22/15,60,39,49.5,0,0,0,26.00209236,64.3822937,50.05338669
5/23/15,60,28,44,0,0,0,18.72730446,41.41145706,47.30729294
5/24/15,65,36,50.5,0,0,0,18.45729065,40.06562424,58.95800781
5/25/15,78,49,63.5,0,0,0,19.18994522,39.86562347,69.83951569
5/26/15,85,64,74.5,0,0,0,32.58161545,69.63021088,72.56900787
5/27/15,81,67,74,0,0,0,32.98615646,68.21720123,72.35752869
5/28/15,80,61,70.5,0,0,0,28.5705452,68.15368652,65.87006378
5/29/15,71,45,58,0,0,0,31.40934753,63.11354065,66.08300781
5/30/15,81,60,70.5,0,0,0,21.74456406,41.26354218,71.97135162
5/31/15,82,49,65.5,0.26,0,0,20.84002876,42.90208435,52.31445313
6/1/15,51,48,49.5,0.35,0,0,28.67648888,69.79479218,49.8940773
6/2/15,54,47,50.5,0.09,0,0,29.45612526,68.98020935,51.5198555
6/3/15,60,41,50.5,0.02,0,0,29.40653038,67.26457977,55.378582
6/4/15,73,46,59.5,0,0,0,30.29930878,67.38437653,60.99111938
6/5/15,73,57,65,0,0,0,32.07077789,65.16146088,64.65756226
6/6/15,79,52,65.5,0.23,0,0,21.64671326,40.46250153,55.81152344
6/7/15,61,39,50,0,0,0,20.2002182,38.23333359,58.9765625
6/8/15,79,53,66,0.02,0,0,26.59099007,68.0385437,65.09700775
6/9/15,72,62,67,2.02,0,0,27.62542343,70.3979187,61.40462112
6/10/15,70,51,60.5,0.45,0,0,33.30712891,58.18947601,65.890625
6/11/15,79,60,69.5,0.02,0,0,30.54890251,76.01818085,67.06607819
6/12/15,78,55,66.5,0,0,0,30.18304253,64.88437653,68.8368454
6/13/15,87,57,72,0.38,0,0,25.09957695,39.546875,62.66862106
6/14/15,75,53,64,0,0,0,24.21307755,40.33333206,65.31412506
6/15/15,81,61,71,0.57,0,0,37.55863571,68.03646088,71.01447296
6/16/15,80,66,73,0.04,0,0,36.34731293,68.33020782,68.586586
6/17/15,78,52,65,0.26,0,0,30.81221962,66.69062805,63.26399612
6/19/15,73,63,68,0.01,0,0,27.94474792,62.78020859,61.61328125
6/21/15,74,56,65,0.08,0,0,21.22361374,38.35520935,69.54947662
6/22/15,79,54,66.5,0.28,0,0,33.46203613,66.34526062,69.05794525
6/23/15,82,54,68,0.02,0,0,38.70242691,68.28437805,72.64355469
6/24/15,84,52,68,0.12,0,0,33.66568375,68.98750305,64.19303131
6/25/15,74,60,67,0,0,0,32.53473663,67.67604065,64.25943756
6/26/15,76,51,63.5,0,0,0,32.85615158,64.19166565,63.14648438
6/27/15,78,53,65.5,0,0,0,23.80815506,41.53853989,57.21940231
6/28/15,75,52,63.5,1.18,0,0,23.88198471,40.00937653,57.15332031
6/29/15,75,52,63.5,0.41,0,0,31.49342346,66.18125153,60.47265625
6/30/15,72,57,64.5,0.04,0,0,33.39412308,67.38854218,64.14322662
7/1/15,76,60,68,0.79,0,0,31.68500137,67.4229126,65.60351563
7/2/15,73,57,65,0.08,0,0,30.14203453,63.99583435,62.62272263
7/4/15,76,50,63,0.09,0,0,18.78125763,37.96250153,63.359375
7/5/15,70,53,61.5,0.08,0,0,21.21752548,36.66562653,65.17415619
7/6/15,78,56,67,0,0,0,36.33823013,67.12187195,68.34375
7/7/15,78,58,68,0.02,0,0,44.71624374,73.40987396,74.70061493
7/8/15,85,61,73,0.21,0,0,29.99531174,58.98285675,63.12002945
7/9/15,69,56,62.5,0.01,0,0,32.93756104,69.27916718,62.40213013
7/10/15,70,55,62.5,0.84,0,0,32.36785889,62.17708206,64.42089844
7/11/15,78,50,64,0,0,0,21.36195755,37.19791794,65.14095306
7/12/15,79,57,68,0,0,0,21.61743736,36.671875,68.21433258
7/13/15,81,59,70,0,0,0,35.07350159,65.0625,71.383461
7/14/15,83,64,73.5,0.02,0,0,35.78343964,68.01770782,68.43424225
7/15/15,77,56,66.5,1.06,0,0,30.73493767,70.2427063,59.01399612
7/16/15,64,44,54,0.02,0,0,30.16910362,67.62812805,58.00598526
7/17/15,73,49,61,0,0,0,31.30910683,65.14687347,63.59144592
7/18/15,76,64,70,0.01,0,0,24.71844864,42.86666489,73.600914
7/19/15,86,66,76,0.09,0,0,26.02561951,42.87916565,73.84774017
7/20/15,87,69,78,0.36,0,0,37.20239258,67.38736725,72.12433624
7/21/15,82,59,70.5,0,0,0,35.33446121,69.38124847,66.45505524
7/22/15,79,51,65,0.55,0,0,31.35610199,67.5541687,63.01795197
7/24/15,75,49,62,0,0,0,30.19765472,62.81145859,61.38557053
7/27/15,82,60,71,0,0,0,36.07028961,63.5854187,75.67857361
7/28/15,84,59,71.5,0,0,0,38.94847107,67.48958588,72.22298431
7/29/15,86,59,72.5,0,0,0,41.3695755,70.2510376,73.61523438
7/30/15,88,69,78.5,0,0,0,41.99155808,67.61263275,73.5210495
7/31/15,82,56,69,0.35,0,0,35.4094696,63.86562347,70.52246094
8/1/15,82,62,72,0.01,0,0,24.12639046,39.96458435,68.085289
8/2/15,78,53,65.5,0,0,0,23.47937775,39.04479218,68.72525787
8/3/15,82,63,72.5,0,0,0,34.96052551,67.53749847,70.85839844
8/4/15,81,56,68.5,0.2,0,0,34.87826157,69.13645935,65.08984375
8/5/15,76,56,66,0.05,0,0,30.77542686,69.19062805,64.98209381
8/7/15,72,46,59,0,0,0,31.94759941,65.2427063,62.16113281
8/8/15,77,49,63,0,0,0,23.60495949,41.54999924,62.00325394
8/9/15,74,54,64,0,0,0,24.76009178,40.88020706,65.13053131
8/10/15,80,57,68.5,0,0,0,35.55731964,68.59166718,67.71712494
8/11/15,78,65,71.5,0.51,0,0,32.85508347,69.45729065,67.507164
8/12/15,75,64,69.5,0.01,0,0,29.35159683,66.95417023,64.94271088
8/13/15,73,48,60.5,0.01,0,0,29.9369812,65.91666412,61.88020706
8/14/15,76,57,66.5,0,0,0,31.67195511,65.3520813,70.22949219
8/15/15,84,65,74.5,0,0,0,23.99367714,40.38958359,71.5703125
8/16/15,83,59,71,0,0,0,24.28522682,38.40531921,71.91373444
8/17/15,86,59,72.5,0,0,0,39.73795319,68.45417023,73.70898438
8/18/15,88,63,75.5,0,0,0,42.97293091,69.1947937,71.69140625
8/19/15,88,68,78,0.08,0,0,41.82719421,69.45937347,74.8912735
8/20/15,84,70,77,0,0,0,42.32396317,69.95937347,72.43359375
8/21/15,80,56,68,0.53,0,0,33.92807388,63.95520782,64.27539063
8/22/15,74,48,61,0,0,0,25.35557747,41.90208435,59.77148438
8/23/15,73,51,62,0,0,0,25.96365166,39.02396011,63.51106644
8/24/15,77,56,66.5,0,0,0,35.28118134,69.13854218,65.08951569
8/25/15,77,51,64,0,0,0,32.68577576,68.71666718,62.55208206
8/26/15,74,50,62,0,0,0,30.40969467,70.52708435,61.10416794
8/27/15,68,56,62,0,0,0,28.51807785,70.0072937,60.73632813
8/28/15,67,45,56,0,0,0,29.51163673,66.9375,58.97721481
8/29/15,75,49,62,0,0,0,23.06274986,41.26770782,63.50390625
8/30/15,80,54,67,0,0,0,21.58713341,38.53958511,68.03939056
8/31/15,80,62,71,0,0,0,36.85172653,67.76249695,71.08300781
9/1/15,84,58,71,0,0,0,36.54996109,70.59999847,69.13509369
9/2/15,83,56,69.5,0,0,0,37.64266586,69.00312805,69.9765625
9/3/15,84,59,71.5,0,0,0,39.71874237,71.03125,70.89485931
9/4/15,84,62,73,0,0,0,39.53227234,65.79792023,72.27994537
9/5/15,85,64,74.5,0,0,0,27.22489548,38.81562424,72.60611725
9/6/15,84,63,73.5,0,0,0,26.43124962,37.98749924,72.42871094
9/7/15,87,65,76,0,0,0,27.43571663,39.49166489,75.69140625
9/8/15,90,64,77,0,0,0,42.40632248,69.03749847,76.24869537
9/9/15,91,67,79,0,0,0,44.04279327,70.72812653,72.15494537
9/10/15,89,62,75.5,0.11,0,0,31.73908424,69.49895477,63.37207031
9/11/15,66,52,59,0.01,0,0,32.78181076,65.73020935,61.94140625
9/12/15,75,49,62,0,0,0,23.96753883,43.71979141,58.40657425
9/13/15,65,55,60,0.32,0,0,24.56713676,42.60729218,56.54752731
9/14/15,60,50,55,0.34,0,0,30.16033173,69.31666565,57.14160156
9/15/15,69,44,56.5,0,0,0,31.59710121,70.42604065,59.909832
9/16/15,78,49,63.5,0,0,0,34.6028595,68.84583282,63.90039063
9/17/15,82,51,66.5,0,0,0,36.73207092,70.42082977,65.73632813
9/18/15,83,53,68,0,0,0,36.1531868,65.69271088,66.68880463
9/19/15,83,55,69,0,0,0,23.19523621,40.30937576,67.30013275
9/20/15,77,52,64.5,0.79,0,0,24.68940353,38.39479065,55.60546875
9/21/15,65,37,51,0,0,0,27.41891861,67.23645782,49.69667053
9/23/15,71,41,56,0,0,0,30.10743523,68.9291687,55.43131638
9/24/15,73,43,58,0,0,0,36.02364349,68.3364563,58.15299606
9/25/15,76,46,61,0,0,0,32.98712921,63.01145935,59.56315231
9/26/15,74,51,62.5,0,0,0,21.44206429,39.97083282,59.46614456
9/27/15,71,49,60,0,0,0,22.34187317,41.71146011,59.597332
9/28/15,73,53,63,0.01,0,0,32.12943268,68.29479218,63.70866013
9/29/15,71,60,65.5,0.05,0,0,32.45206833,72.58229065,65.51953125
9/30/15,69,57,63,2.36,0,0,28.77875328,72.17292023,54.45247269
10/1/15,57,45,51,0.1,0,0,25.3866024,71.42395782,47.17773438
10/3/15,49,38,43.5,0,0,0,19.60817528,40.98749924,44.246418
10/4/15,50,43,46.5,0.07,0,0,20.7048378,37.96562576,50.29003906
10/5/15,64,42,53,0,0,0,27.27731133,68.05625153,50.30989456
10/6/15,68,42,55,0,0,0,28.08008385,69.0708313,52.95996094
10/7/15,58,51,54.5,0.02,0,0,30.41106796,68.11562347,55.58300781
10/8/15,66,44,55,0.01,0,0,31.11131096,67.94895935,53.28255081
10/10/15,63,41,52,0.37,0,0,22.16305161,40.29375076,45.3984375
10/11/15,56,38,47,0,0,0,19.9728775,38.48958206,51.01660156
10/12/15,71,41,56,0,0,0,26.98890686,62.203125,57.56901169
10/14/15,65,52,58.5,0.04,0,0,28.71404076,70.02916718,50.51399612
10/16/15,63,40,51.5,0.13,0,0,26.63665199,66.3510437,46.71484375
10/17/15,56,36,46,0.11,0,0,19.25121689,40.59999847,37.69596481
10/20/15,53,27,40,0,0,0,24.24079323,69.36562347,53.55501175
10/21/15,67,50,58.5,0.02,0,0,26.14792442,71.70104218,54.40885544
10/22/15,67,51,59,0.05,0,0,27.77629662,70.61562347,55.64778519
10/23/15,65,36,50.5,0.01,0,0,25.92873192,65.99895477,41.38151169
10/24/15,48,29,38.5,0,0,0,19.52101135,43.41562653,41.40348434
10/25/15,52,39,45.5,0.37,0,0,19.55472565,41.40937424,46.39127731
10/26/15,51,27,39,0.03,0,0,23.44535255,67.65729523,36.96533203
10/27/15,48,24,36,0,0,0,22.94890594,69.48750305,38.48828125
10/28/15,55,30,42.5,0.03,0,0,24.57927322,70.74062347,50.03320313
10/29/15,61,46,53.5,0.79,0,0,27.64293098,68.671875,52.828125
10/30/15,58,43,50.5,0.02,0,0,25.39404106,67.15208435,41.72412109
10/31/15,47,25,36,0,0,0,18.60873413,40.31770706,38.51285934
11/1/15,49,27,38,0.05,0,0,18.34467506,38.5909996,49.79937363
11/2/15,64,34,49,0,0,0,25.66516304,68.03541565,44.07551956
11/3/15,58,36,47,0,0,0,26.57902336,69.07707977,49.89160156
11/4/15,70,39,54.5,0,0,0,27.55813217,70.71562195,54.11328125
11/5/15,75,44,59.5,0,0,0,25.91380882,65.65760803,58.89877701
11/6/15,70,59,64.5,0,0,0,25.48765755,66.40000153,61.11751175
11/9/15,51,26,38.5,0,0,0,22.95558929,67.32707977,39.76692581
11/10/15,56,28,42,0.01,0,0,24.33627701,70.49375153,48.07780075
11/11/15,58,48,53,0.85,0,0,26.14947128,69.77916718,47.75618362
11/12/15,51,47,49,0.06,0,0,27.13454819,69.33125305,49.66633987
11/13/15,55,47,51,0.04,0,0,24.31792068,67.1947937,43.40625
11/14/15,48,34,41,0.09,0,0,18.61286545,40.72187424,36.26823044
11/16/15,59,30,44.5,0,0,0,23.96645546,68.63437653,40.13118362
11/17/15,56,21,38.5,0,0,0,23.65965462,69.92082977,37.26171875
11/18/15,52,30,41,0,0,0,24.14235687,69.91041565,46.69596481
11/20/15,59,37,48,0.05,0,0,25.84043121,66.59687805,39.58561325
11/21/15,46,26,36,0,0,0,18.7679348,41.46979141,36.80338669
11/22/15,47,30,38.5,0,0,0,17.77653694,40.76250076,37.16975784
11/25/15,35,21,28,0,0,0,20.03899765,58.42604065,33.83203125
11/26/15,46,22,34,0,0,0,17.0143795,39.16666794,43.99934769
11/27/15,52,39,45.5,0,0,0,18.94280052,40.03958511,52.14680862
11/28/15,61,35,48,0.2,0,0,17.78609848,39.76666641,34.60400391
11/29/15,35,28,31.5,0.01,0,0,16.35903931,38.81978989,29.26090431
11/30/15,33,17,25,0,0,0,20.49108124,67.31771088,29.67382813
12/1/15,42,20,31,0.05,0,0,22.9584713,70.96458435,41.19694138
12/2/15,48,40,44,0.05,0,0,24.84481812,73.0395813,42.95703125
12/3/15,48,37,42.5,0.58,0,0,23.40554428,71.8364563,37.59375
12/5/15,42,37,39.5,0,0,0,17.98432159,41.79479218,35.61897659
12/6/15,45,23,34,0,0,0,17.00118065,40.296875,33.02099609
12/7/15,50,23,36.5,0,0,0,21.17308235,68.703125,32.10270309
12/8/15,41,28,34.5,0,0,0,21.96871185,70.14167023,34.62092972
12/9/15,42,30,36,0,0,0,23.07079124,67.11978912,39.15394592
12/10/15,48,35,41.5,0.01,0,0,23.87851143,65.41562653,44.50260544
12/11/15,53,42,47.5,0,0,0,24.54286385,66.015625,46.42480469
12/12/15,57,29,43,0,0,0,19.50271988,40.33854294,43.34065628
12/13/15,56,33,44.5,0,0,0,20.00247002,39.92291641,48.29069138
12/14/15,61,45,53,0,0,0,28.07661438,69.28749847,56.68424606
12/15/15,63,46,54.5,0.26,0,0,25.97037315,68.54479218,45.50846481
12/16/15,48,35,41.5,0.01,0,0,23.26602173,70.00737,39.2109375
12/17/15,47,36,41.5,0,0,0,23.68556213,71.8510437,44.487957
12/18/15,49,35,42,0.16,0,0,21.47526169,68.54895782,33.95149612
12/21/15,37,27,32,0,0,0,18.20376396,68.40937805,40.26463699
12/22/15,48,37,42.5,0.09,0,0,22.05734444,66.68228912,45.23991013
12/23/15,55,41,48,0.39,0,0,23.08438873,62.91562653,49.1292305
12/24/15,62,44,53,0.08,0,0,22.56554222,50.57291794,55.31119919
12/25/15,65,32,48.5,0,0,0,16.39972305,36.54479218,41.60351563
12/26/15,60,30,45,0,0,0,15.66100788,35.35520935,37.20637894
12/27/15,49,31,40,0.4,0,0,14.8293972,35.35312653,40.23193359
12/29/15,33,26,29.5,0.43,0.5,1,13.11872768,37.71979141,33.68571091
12/31/15,45,34,39.5,0.06,0,0,13.35709763,36.77396011,32.54557419
1/4/16,34,11,22.5,0.05,1.1,1,14.03483868,70.140625,10.39054394
1/8/16,43,13,28,0,0,0,17.90339279,66.41562653,27.28613281
1/10/16,45,37,41,0.57,0,0,15.63349819,38.47499847,40.66341019
1/13/16,28,14,21,0.05,0.5,1,17.15463066,71.33958435,17.27669334
1/14/16,20,13,16.5,0.03,0.8,1,17.14123917,71.61875153,20.859869
1/18/16,29,11,20,0.08,1,1,13.78876877,43.14166641,14.06795216
1/20/16,22,13,17.5,0.03,0.6,2,17.59379959,72.49375153,21.72200584
1/21/16,24,18,21,0.06,1.4,3,13.28114414,70.95833588,18.26468849
1/22/16,23,-8,7.5,0.05,1,4,17.73426247,70.296875,9.441630363
1/23/16,20,-3,8.5,0,0,3,13.7784853,43.84583282,16.06534767
1/25/16,26,12,19,0,0,2,18.20216751,69.2427063,25.99479103
1/26/16,35,19,27,0,0,2,20.41073418,64.5552063,37.44856644
1/31/16,43,22,32.5,0,0,0,16.67361641,37.71463394,46.29668045
2/1/16,56,43,49.5,0.02,0,0,22.33330536,63.55312347,39.85872269
2/2/16,46,24,35,0,0,0,22.1120739,63.48854065,33.32047653
2/3/16,45,27,36,0.11,0,0,22.00174522,63.68333435,43.27083206
2/4/16,52,36,44,0.3,0,0,22.32862282,60.80625153,37.27815628
2/5/16,41,29,35,0,0,0,20.92451286,62.29999924,28.43831444
2/7/16,41,22,31.5,0,0,0,17.5607872,37.90625,30.38688087
2/8/16,45,23,34,0,0,0,20.45949554,63.05208206,32.21809769
2/10/16,37,24,30.5,0.17,3,3,17.06009293,53.48157883,27.5962162
3/29/16,58,31,44.5,0.1,0,0,19.20914078,39.06000137,26.375
3/30/16,40,20,30,0,0,0,20.19421959,56.98229218,40.50325394
3/31/16,60,21,40.5,0,0,0,20.52960777,57.43125153,56.6988945
4/1/16,68,50,59,0.01,0,0,21.55740738,55.67604065,55.581707
4/2/16,65,39,52,0.16,0,0,18.03554726,36.16562653,39.45100784
4/3/16,49,20,34.5,0.29,2.8,3,16.14954948,35.70104218,24.87125587
4/4/16,27,20,23.5,0.13,1.5,4,17.09596443,62.03853989,24.10449219
4/5/16,28,-1,13.5,0.11,1.1,5,15.99227142,62.63333511,18.79431152
4/6/16,29,8,18.5,0,0,2,17.46570396,63.11458206,30.02848244
4/8/16,50,31,40.5,0.53,0,0,18.3182621,59.29583359,31.52636719
4/9/16,34,21,27.5,0.01,0,0,14.42243195,36.1177063,26.99169922
4/12/16,53,32,42.5,0.45,0,0,16.87597656,60.09791565,38.25488281
4/13/16,45,22,33.5,0,0,0,15.76542664,58.79999924,34.63476563
4/14/16,45,25,35,0,0,0,4.845266819,56.26145935,38.90283203
4/20/16,55,25,40,0,0,0,8.953127861,56.97291565,44.00407028
4/21/16,62,33,47.5,0,0,0,18.83049965,59.27500153,54.47265625
4/22/16,75,52,63.5,0.11,0,0,22.20834351,60.96666718,56.17480469
4/23/16,63,39,51,0.25,0,0,16.83460236,40.54270935,42.55371094
4/24/16,49,25,37,0,0,0,14.65939713,38.73854065,41.19401169
4/25/16,56,33,44.5,0,0,0,21.17313004,59.36562347,47.69824219
4/26/16,58,43,50.5,0.11,0,0,21.89030266,61.01145935,39.81998825
4/27/16,45,26,35.5,0.32,0,0,19.28894424,58.66666794,39.04768753
4/28/16,54,28,41,0,0,0,19.99021721,58.71146011,41.20491409
4/30/16,54,41,47.5,0.12,0,0,17.48040771,38.27812576,48.3863945
5/1/16,58,42,50,0.24,0,0,16.44181442,37.49687576,46.84407425
5/2/16,51,42,46.5,0.14,0,0,19.97544098,61.33020782,45.38964844
5/3/16,49,41,45,0.36,0,0,20.88660049,62.19270706,46.23144531
5/4/16,53,43,48,0.01,0,0,22.35200119,62.30937576,49.88085938
5/5/16,60,43,51.5,0.24,0,0,23.17506981,61.74583435,49.63053513
5/7/16,58,38,48,0.17,0,0,16.60718536,37.61562347,52.64225388
5/8/16,63,42,52.5,0.05,0,0,17.0867672,35.81978989,48.33854294
5/9/16,55,40,47.5,0,0,0,20.97908401,58.43541718,44.17098999