Date, MaxTemperature, MinTemperature, AvgTemperature, Precipitation, Snowfall, SnowDepth,MASS.FLOW
12/6/13,54,32,43,0.42,0,0,497.6704102
12/7/13,35,26,30.5,0.11,1.2,1,483.374939
12/9/13,31,17,24,0.02,0.3,1,547.4728394
12/10/13,38,28,33,0,0,0,588.4658203
12/11/13,28,10,19,0.11,1.9,2,633.3548584
12/12/13,24,11,17.5,0.03,0.4,2,687.1281738
12/14/13,25,11,18,0.06,2.7,5,731.6622314
12/15/13,25,11,18,0.23,3,7,610.0738525
12/16/13,27,9,18,0.02,0.5,7,667.6074829
12/17/13,21,-2,9.5,0.01,0.2,7,732.8231812
12/18/13,24,14,19,0.02,0.4,6,648.914856
12/20/13,46,29,37.5,0,0,4,488.1120605
12/21/13,52,41,46.5,0.03,0,0,382.4590149
12/22/13,61,33,47,0.38,0,0,351.1967163
12/23/13,64,37,50.5,0.06,0,0,468.3084412
12/25/13,27,6,16.5,0.06,1.5,2,705.6039429
12/26/13,22,7,14.5,0.04,1.4,3,611.0844116
12/28/13,39,24,31.5,0,0,2,468.9417114
12/30/13,42,19,30.5,0.6,0.9,1,543.9406738
12/31/13,20,12,16,0.01,0.3,2,597.7779541
1/1/14,25,14,19.5,0.01,0.2,2,611.3114624
1/2/14,20,12,16,0.11,2.3,4,723.8898315
1/3/14,15,-3,6,0.4,6.4,10,856.5187378
1/5/14,25,8,16.5,0,0,8,681.8756714
1/10/14,27,15,21,0.08,1.4,2,579.5787354
1/12/14,50,34,42,0.34,0,0,482.2209778
1/13/14,35,25,30,0,0,0,515.7208862
1/14/14,50,35,42.5,0.07,0,0,519.4068604
1/15/14,42,28,35,0.1,0,0,559.7659302
1/17/14,33,23,28,0,0,0,579.1387329
1/18/14,38,24,31,0.15,2.9,3,632.0966797
1/19/14,24,13,18.5,0.06,0.9,4,666.694519
1/21/14,31,5,18,0.07,1.5,4,820.960022
1/23/14,2,-9,-3.5,0.03,0.4,3,872.6599121
1/25/14,16,-5,5.5,0,0,3,817.388855
1/26/14,24,1,12.5,0.05,1.7,5,832.1566772
1/29/14,10,-10,0,0,0,3,820.5839233
1/30/14,16,-8,4,0,0,3,776.1934814
1/31/14,26,5,15.5,0,0,3,690.0085449
2/1/14,34,20,27,0,0,2,652.7252197
2/14/14,22,18,20,0.5,8.9,12,635.2157593
2/15/14,31,21,26,0.04,0.5,13,659.6129761
2/16/14,27,9,18,0.04,0.6,13,747.8470459
2/17/14,16,-12,2,0.07,1.5,12,689.9423828
2/21/14,44,20,32,0.31,0,7,531.1293335
2/22/14,46,33,39.5,0.26,0,5,475.1615601
2/23/14,46,31,38.5,0,0,4,425.3209839
2/24/14,45,20,32.5,0,0,3,613.4123535
2/27/14,15,2,8.5,0,0,3,708.199646
3/1/14,18,3,10.5,0,0,2,712.2514648
3/2/14,33,14,23.5,0.07,1,2,720.7063599
3/3/14,18,5,11.5,0.02,0.3,2,769.6755981
3/5/14,21,0,10.5,0,0,2,725.3179321
3/7/14,29,-1,14,0,0,2,633.2890015
3/8/14,42,21,31.5,0,0,1,548.0672607
3/9/14,40,20,30,0.02,0.3,1,529.5964355
3/10/14,35,21,28,0,0,1,498.3687439
3/11/14,50,33,41.5,0,0,1,387.8371277
3/13/14,35,6,20.5,1.14,3,3,688.6210938
3/15/14,47,18,32.5,0.03,0,1,458.2412109
3/17/14,19,9,14,0,0,1,609.5523682
3/18/14,29,10,19.5,0,0,1,578.2250977
3/19/14,44,24,34,0,0,1,522.8979492
3/20/14,43,34,38.5,0.02,0,0,543.0450439
3/22/14,38,22,30,0,0,0,493.8873291
3/24/14,25,12,18.5,0.07,2.5,3,643.0059814
3/26/14,36,16,26,0.03,0.4,1,676.3960571
3/28/14,42,14,28,0.09,0,0,503.3388977
3/29/14,54,33,43.5,0.02,0,0,434.5632019
3/30/14,44,29,36.5,1.33,0.6,1,531.9915771
4/1/14,42,23,32.5,0,0,0,458.1368408
4/2/14,58,23,40.5,0,0,0,367.8171997
4/3/14,55,23,39,0,0,0,436.3439636
4/4/14,45,24,34.5,0.04,0,0,446.8210449
4/5/14,47,36,41.5,0.11,0,0,461.6004334
4/6/14,37,21,29,0,0,0,419.1735535
4/7/14,52,26,39,0,0,0,496.2195435
4/8/14,50,37,43.5,0.51,0,0,447.362854
4/9/14,52,28,40,0.01,0,0,451.6521301
4/10/14,45,26,35.5,0,0,0,280.4541016
4/11/14,66,33,49.5,0.04,0,0,410.8849487
4/12/14,53,30,41.5,0.07,0,0,261.4395142
4/13/14,62,39,50.5,0,0,0,171.6556396
4/14/14,80,61,70.5,0,0,0,69.51719666
4/15/14,76,57,66.5,0.22,0,0,450.3318176
4/17/14,36,22,29,0,0,0,490.752533
4/18/14,53,28,40.5,0,0,0,389.3452148
4/20/14,51,25,38,0,0,0,274.7937622
4/21/14,67,32,49.5,0,0,0,144.849472
4/22/14,73,39,56,0,0,0,242.9303436
4/23/14,59,37,48,0.24,0,0,443.3997192
4/24/14,39,31,35,0.16,0,0,435.3025513
4/25/14,49,28,38.5,0,0,0,315.0797119
4/26/14,63,35,49,0.17,0,0,357.8345337
4/27/14,55,38,46.5,0.05,0,0,373.9342346
4/28/14,48,27,37.5,0,0,0,336.9444885
4/29/14,59,38,48.5,0,0,0,381.2229919
4/30/14,50,40,45,0.15,0,0,402.6815796
5/1/14,56,42,49,0.24,0,0,329.6885071
5/2/14,64,40,52,0.24,0,0,367.6888123
5/3/14,56,45,50.5,0,0,0,337.0134277
5/4/14,58,39,48.5,0.14,0,0,339.4138794
5/5/14,54,38,46,0,0,0,332.2954712
5/6/14,55,39,47,0,0,0,296.2728271
5/7/14,57,31,44,0,0,0,256.2052612
5/8/14,66,35,50.5,0.05,0,0,179.2068787
5/9/14,76,54,65,0.46,0,0,103.7027206
5/10/14,82,60,71,0.22,0,0,65.3596344
5/11/14,75,41,58,0,0,0,199.1864014
5/12/14,74,45,59.5,0,0,0,159.765274
5/13/14,80,49,64.5,0,0,0,43.13216782
5/14/14,84,54,69,0.59,0,0,133.8868713
5/15/14,81,55,68,0,0,0,40.66207123
5/16/14,78,48,63,0.7,0,0,310.1956177
5/17/14,53,42,47.5,1.27,0,0,332.2550049
5/18/14,55,40,47.5,0.03,0,0,311.2871094
5/19/14,58,33,45.5,0.01,0,0,258.4928589
5/20/14,65,38,51.5,0.02,0,0,183.5769501
5/22/14,65,56,60.5,0.22,0,0,194.7713623
5/23/14,74,52,63,0.01,0,0,338.5503845
5/26/14,74,43,58.5,0,0,0,55.00924683
5/27/14,82,57,69.5,0,0,0,14.92268372
5/28/14,82,54,68,0.23,0,0,0
5/29/14,59,51,55,0.01,0,0,49.78562546
5/30/14,59,44,51.5,0,0,0,235.3037109
5/31/14,72,41,56.5,0,0,0,215.9820404
6/1/14,70,42,56,0,0,0,146.6812439
6/2/14,77,51,64,0,0,0,48.12990952
6/3/14,85,60,72.5,0.01,0,0,40.79941177
6/4/14,82,47,64.5,0.08,0,0,139.124939
6/6/14,65,52,58.5,0,0,0,202.6414032
6/7/14,70,45,57.5,0,0,0,159.4985352
6/8/14,78,47,62.5,0,0,0,148.1526642
6/9/14,81,52,66.5,2.16,0,0,44.26831818
6/10/14,66,62,64,0.01,0,0,44.45471191
6/11/14,77,64,70.5,0.16,0,0,47.25054169
6/13/14,68,64,66,0.58,0,0,43.69064331
6/14/14,81,50,65.5,0.28,0,0,313.1356506
6/16/14,70,47,58.5,0,0,0,37.7877388
6/18/14,86,64,75,0.6,0,0,43.46647263
6/23/14,76,48,62,0,0,0,46.99473953
6/24/14,79,64,71.5,0,0,0,44.51508713
6/25/14,80,67,73.5,0.36,0,0,43.99829865
6/26/14,75,63,69,0.8,0,0,54.96506882
6/27/14,77,54,65.5,0,0,0,71.77786255
6/28/14,83,57,70,0,0,0,68.753479
6/29/14,83,62,72.5,0,0,0,68.30226135
7/1/14,85,70,77.5,0,0,0,39.22986221
7/2/14,89,70,79.5,0.01,0,0,27.0893631
7/3/14,87,63,75,0.06,0,0,24.74024582
7/4/14,83,57,70,1.42,0,0,124.9458313
7/5/14,68,47,57.5,0,0,0,149.1609344
7/6/14,76,48,62,0,0,0,98.25352478
7/7/14,80,59,69.5,0,0,0,20.90914917
7/8/14,79,64,71.5,0.29,0,0,16.7612381
7/9/14,82,57,69.5,0.63,0,0,13.92676544
7/10/14,77,53,65,0.06,0,0,83.28704071
7/11/14,73,50,61.5,0,0,0,97.88301086
7/12/14,80,58,69,0,0,0,15.64050961
7/13/14,85,66,75.5,0,0,0,19.41061211
7/14/14,77,63,70,0.47,0,0,18.47707176
7/15/14,81,65,73,0,0,0,18.04740524
7/16/14,78,53,65.5,0.16,0,0,61.40623093
7/17/14,72,51,61.5,0,0,0,94.8457489
7/18/14,69,48,58.5,0.02,0,0,90.10187531
7/19/14,78,53,65.5,0,0,0,82.60890198
7/20/14,77,58,67.5,0,0,0,19.61375999
7/21/14,79,61,70,0,0,0,18.53216362
7/22/14,82,65,73.5,0,0,0,22.35889626
7/23/14,85,70,77.5,0,0,0,19.19587898
7/24/14,87,59,73,0.26,0,0,42.57890701
7/25/14,68,45,56.5,0,0,0,94.64181519
7/26/14,78,51,64.5,0,0,0,76.85973358
7/27/14,79,57,68,0,0,0,16.56081009
7/28/14,84,62,73,0.25,0,0,87.30919647
7/29/14,71,50,60.5,0.17,0,0,155.1133728
7/30/14,66,47,56.5,0,0,0,184.7602844
7/31/14,72,54,63,0.05,0,0,160.6815491
8/1/14,73,53,63,0.12,0,0,114.6058731
8/2/14,81,62,71.5,0,0,0,22.1716423
8/3/14,81,58,69.5,0,0,0,24.70887947
8/4/14,77,60,68.5,2.14,0,0,23.30020905
8/5/14,80,57,68.5,0,0,0,28.44865227
8/6/14,79,59,69,0.4,0,0,26.15524864
8/7/14,74,49,61.5,0,0,0,119.4554214
8/8/14,73,48,60.5,0,0,0,143.3169861
8/9/14,75,47,61,0,0,0,133.6199493
8/10/14,80,49,64.5,0,0,0,122.6590805
8/15/14,68,48,58,0,0,0,136.0723572
8/16/14,66,47,56.5,0,0,0,135.2836761
8/17/14,70,49,59.5,0.07,0,0,38.47576523
8/18/14,70,52,61,0,0,0,183.5185699
8/19/14,70,45,57.5,0,0,0,135.8707733
8/20/14,78,47,62.5,0,0,0,26.73544884
8/21/14,78,64,71,0.78,0,0,29.15932274
8/22/14,78,60,69,0.93,0,0,25.13203621
8/23/14,78,62,70,0.09,0,0,25.48338318
8/24/14,67,54,60.5,0,0,0,85.96217346
8/25/14,79,51,65,0,0,0,116.0487823
8/26/14,79,51,65,0,0,0,102.687233
8/27/14,83,53,68,0,0,0,26.75655746
8/28/14,77,53,65,0,0,0,154.6869049
8/29/14,67,45,56,0,0,0,155.3552094
8/30/14,75,47,61,0,0,0,122.2577667
9/1/14,76,59,67.5,0.32,0,0,25.62149811
9/2/14,81,62,71.5,0,0,0,26.17002296
9/3/14,85,61,73,0.78,0,0,25.66326523
9/4/14,78,55,66.5,0,0,0,30.86346054
9/5/14,83,63,73,0,0,0,25.92528152
9/6/14,86,67,76.5,0,0,0,23.53572273
9/7/14,74,49,61.5,0.06,0,0,177.595871
9/8/14,70,42,56,0,0,0,159.7990875
9/9/14,74,46,60,0,0,0,136.3944855
9/10/14,70,57,63.5,0,0,0,64.00715637
9/11/14,73,61,67,0.02,0,0,88.74225616
9/12/14,72,49,60.5,0.02,0,0,307.3277283
9/13/14,55,39,47,0.01,0,0,281.5785217
9/14/14,64,44,54,0.19,0,0,269.4574585
9/15/14,59,46,52.5,0,0,0,206.9155426
9/16/14,67,48,57.5,0.36,0,0,254.7658386
9/17/14,63,40,51.5,0,0,0,235.2699585
9/18/14,65,41,53,0,0,0,265.3400879
9/19/14,64,32,48,0,0,0,281.1345215
9/20/14,62,35,48.5,0,0,0,138.8785248
9/21/14,70,58,64,0,0,0,48.58063507
9/22/14,77,48,62.5,0.43,0,0,308.7015076
9/23/14,53,38,45.5,0.02,0,0,251.4215698
9/24/14,68,41,54.5,0,0,0,185.3768463
9/25/14,72,44,58,0,0,0,242.1239166
9/26/14,67,42,54.5,0,0,0,111.8674011
9/27/14,71,43,57,0,0,0,156.1830597
9/28/14,76,46,61,0,0,0,149.7913818
9/29/14,80,50,65,0,0,0,153.0834961
9/30/14,76,52,64,0,0,0,147.2220154
10/1/14,76,51,63.5,0.13,0,0,158.7524109
10/3/14,71,53,62,0,0,0,142.7041321
10/4/14,70,56,63,0.13,0,0,253.4539948
10/5/14,58,31,44.5,0.11,0,0,262.1617737
10/6/14,54,37,45.5,0,0,0,235.9334869
10/7/14,65,44,54.5,0,0,0,173.6232605
10/8/14,66,53,59.5,0.13,0,0,279.1352539
10/9/14,64,40,52,0,0,0,270.9168701
10/10/14,61,33,47,0,0,0,299.5269775
10/11/14,57,33,45,0,0,0,270.5321655
10/12/14,55,28,41.5,0,0,0,278.6585693
10/13/14,59,30,44.5,0,0,0,297.7620239
10/15/14,77,63,70,0.01,0,0,29.60598373
10/16/14,68,59,63.5,1.5,0,0,95.15447998
10/17/14,70,49,59.5,0.01,0,0,197.3935089
10/18/14,65,51,58,0.17,0,0,258.8001709
10/19/14,54,36,45,0.45,0,0,286.690979
10/20/14,42,29,35.5,0,0,0,343.8193054
10/21/14,51,34,42.5,0.06,0,0,321.42099
10/22/14,54,45,49.5,0.01,0,0,334.2989807
10/23/14,48,43,45.5,0.01,0,0,349.1143799
10/24/14,49,43,46,0.01,0,0,323.9774475
10/25/14,57,34,45.5,0,0,0,248.41185
10/26/14,65,38,51.5,0.2,0,0,299.5952148
10/27/14,51,40,45.5,0.01,0,0,340.1242065
10/28/14,58,41,49.5,0,0,0,172.8685455
10/29/14,75,51,63,0.06,0,0,306.2745972
10/30/14,53,41,47,0,0,0,332.828064
10/31/14,46,30,38,0,0,0,353.859436
11/1/14,48,31,39.5,0,0,0,340.3298645
11/2/14,39,33,36,0.03,0,0,368.5865479
11/3/14,41,25,33,0.01,0,0,377.0817871
11/4/14,57,40,48.5,0,0,0,202.9957886
11/5/14,62,49,55.5,0,0,0,321.8482666
11/6/14,57,32,44.5,0,0,0,365.451355
11/7/14,48,37,42.5,0.43,0,0,439.6029663
11/9/14,42,30,36,0,0,0,409.7020874
11/10/14,46,35,40.5,0,0,0,394.6569824
11/11/14,58,42,50,0,0,0,320.3230286
11/12/14,63,46,54.5,0,0,0,354.8668823
11/13/14,47,33,40,0.04,0,0,422.4159546
11/14/14,35,14,24.5,0.11,1.5,2,494.0090027
11/15/14,33,19,26,0.04,0.6,2,468.7239685
11/17/14,36,30,33,0.11,1,1,503.1314697
11/18/14,37,17,27,0.34,0,0,577.3360596
11/19/14,23,13,18,0,0,0,691.6984253
11/20/14,29,14,21.5,0,0,0,622.2141724
11/23/14,47,22,34.5,0,0,0,431.8288879
11/24/14,58,43,50.5,0.25,0,0,145.8549652
11/25/14,67,41,54,0,0,0,377.0445862
11/26/14,49,31,40,0,0,0,423.135498
11/27/14,33,26,29.5,0.4,4.5,5,465.328064
11/28/14,29,21,25,0.14,2,7,495.9160767
11/29/14,26,12,19,0,0,4,531.3910522
11/30/14,37,19,28,0,0,1,504.6750793
12/2/14,41,19,30,0,0,0,485.1454163
12/4/14,41,27,34,0.02,0,0,526.3898926
12/5/14,33,16,24.5,0,0,0,596.8042603
12/6/14,36,25,30.5,0.54,0,0,544.289856
12/7/14,37,22,29.5,0.37,0,0,580.5464478
12/8/14,29,16,22.5,0,0,0,628.3652344
12/9/14,30,20,25,0,0,0,476.71698
12/10/14,35,29,32,0.12,0.9,1,361.8615417
12/11/14,29,22,25.5,0.46,9,10,376.3936157
12/13/14,30,24,27,0.1,0.4,8,341.6878662
12/14/14,32,29,30.5,0.05,0,7,323.7094421
12/15/14,36,32,34,0.06,0,6,334.0589905
12/24/14,46,39,42.5,0.07,0,0,423.7546082
12/25/14,57,41,49,0.06,0,0,398.3122253
12/27/14,46,29,37.5,0,0,0,398.7479248
12/28/14,52,38,45,0.16,0,0,376.038269
12/29/14,40,27,33.5,0,0,0,453.333374
12/30/14,31,20,25.5,0.05,1.5,2,465.4976196
12/31/14,22,16,19,0.04,0.8,2,519.9295044
1/1/15,22,16,19,0,0,1,515.2727661
1/4/15,44,24,34,0.23,0,0,456.9750061
1/5/15,54,20,37,0.05,0,0,624.4992065
1/12/15,32,16,24,0.05,0.5,1,625.0245361
1/13/15,33,1,17,0.12,1.3,2,666.7314453
1/14/15,7,-15,-4,0,0,2,674.449585
1/17/15,28,-7,10.5,0.05,0.5,3,578.7736816
1/18/15,30,-5,12.5,0,0,3,545.8687744
1/19/15,40,29,34.5,0.02,0.2,3,567.5848389
1/20/15,31,20,25.5,0.01,0.5,3,571.010437
1/21/15,24,-3,10.5,0,0,3,621.8726196
1/23/15,27,9,18,0,0,1,587.0875244
1/24/15,33,19,26,0,0,1,508.555481
1/25/15,33,21,27,0.01,0.1,1,532.9067993
1/27/15,17,8,12.5,0.22,3,4,632.6990967
1/29/15,23,-4,9.5,0,0,4,650.1619873
1/30/15,31,0,15.5,0.1,2.2,6,682.9348145
1/31/15,26,6,16,0.04,1.1,7,674.0344238
2/1/15,22,1,11.5,0,0,7,642.3720093
2/2/15,26,17,21.5,0.41,5,12,714.3206787
2/3/15,26,-4,11,0.15,2.1,13,710.0502319
2/4/15,23,-2,10.5,0.04,1.4,14,651.3134766
2/5/15,31,14,22.5,0.26,4.3,18,667.0354614
2/7/15,22,-1,10.5,0,0,18,580.4810791
2/8/15,35,21,28,0.02,0.3,18,575.9450073
2/9/15,38,13,25.5,0.3,2.4,17,629.7588501
2/10/15,18,14,16,0.2,1.6,19,634.6365356
2/12/15,31,10,20.5,0.03,0.6,17,644.1849365
2/13/15,24,0,12,0.06,0.5,17,737.9750977
2/14/15,14,-8,3,0.06,0.5,16,633.7033691
2/15/15,22,1,11.5,0.22,2,17,717.710083
2/16/15,1,-4,-1.5,0.05,0.5,17,813.0841064
2/18/15,20,-9,5.5,0,0,16,692.0649414
2/19/15,23,3,13,0.08,1.4,17,737.9674683
2/20/15,9,-8,0.5,0,0,17,795.3441162
2/21/15,13,-11,1,0,0,17,677.8008423
2/22/15,22,13,17.5,0.05,0.6,18,633.123291
2/23/15,30,4,17,0.01,0.9,18,755.5232544
2/25/15,20,-5,7.5,0,0,16,690.6953735
2/26/15,24,1,12.5,0,0,15,690.4953613
2/28/15,15,-18,-1.5,0,0,15,650.2565918
3/1/15,28,-8,10,0.04,0.4,15,627.7703247
3/2/15,26,17,21.5,0.06,1,16,676.2839966
3/3/15,27,3,15,0,0,16,679.1743164
3/4/15,31,7,19,0.2,1.8,15,586.6703491
3/5/15,36,12,24,0.02,1,15,668.2857666
3/6/15,13,-9,2,0.03,0.5,15,668.7369995
3/7/15,25,-4,10.5,0,0,15,596.7755127
3/8/15,27,17,22,0.03,0.5,15,552.7225952
3/9/15,38,15,26.5,0,0,15,525.5054321
3/10/15,45,15,30,0,0,14,514.5847168
3/11/15,48,25,36.5,0.08,0,14,458.6686401
3/12/15,46,28,37,0,0,9,504.3399048
3/13/15,33,15,24,0,0,9,512.1444092
3/14/15,47,16,31.5,0.05,0,6,412.4100342
3/16/15,32,21,26.5,0.09,0.2,4,506.6656189
3/17/15,51,26,38.5,0.05,0,3,461.0924072
3/20/15,32,14,23,0,0,2,575.409729
3/21/15,32,25,28.5,0.09,1.3,3,507.5092163
3/22/15,42,19,30.5,0.05,0.8,4,548.5969849
3/23/15,23,14,18.5,0.02,0.6,3,617.4973755
3/24/15,22,3,12.5,0,0,2,605.3049316
3/25/15,33,4,18.5,0,0,1,569.3231201
4/3/15,65,37,51,0.12,0,0,316.3009644
4/4/15,63,33,48,0.48,0,0,371.085083
4/8/15,41,34,37.5,0.16,0,0,479.5588379
4/9/15,42,36,39,0.91,0,0,476.2576599
4/10/15,45,37,41,0.29,0,0,430.6447449
4/11/15,55,37,46,0.03,0,0,382.0126343
4/12/15,44,26,35,0,0,0,297.1848145
4/13/15,66,34,50,0,0,0,228.933548
4/14/15,77,39,58,0.64,0,0,308.7223206
4/15/15,59,28,43.5,0,0,0,300.748291
4/16/15,56,27,41.5,0,0,0,262.8307495
4/17/15,69,33,51,0.06,0,0,314.7237854
4/18/15,61,34,47.5,0,0,0,225.2061615
4/19/15,71,27,49,0,0,0,229.4572449
4/20/15,66,42,54,0.08,0,0,308.7247925
4/21/15,63,45,54,0.63,0,0,318.1300964
4/23/15,50,31,40.5,0.08,0,0,405.6271362
4/25/15,36,23,29.5,0,0,0,380.8500061
4/26/15,50,23,36.5,0,0,0,343.7785339
4/29/15,61,34,47.5,0,0,0,249.4347534
4/30/15,67,33,50,0,0,0,237.4796143
5/1/15,69,36,52.5,0,0,0,276.0769653
5/2/15,61,36,48.5,0,0,0,200.9379425
5/3/15,69,39,54,0,0,0,154.4644928
5/4/15,75,45,60,0,0,0,161.6494141
5/5/15,82,48,65,0,0,0,155.0326538
5/6/15,69,51,60,0.06,0,0,212.2637634
5/8/15,81,51,66,0,0,0,129.4989014
5/9/15,87,62,74.5,0,0,0,36.36304474
5/10/15,84,63,73.5,0,0,0,32.86764526
5/11/15,87,61,74,0.25,0,0,33.13908386
5/12/15,84,63,73.5,0.51,0,0,141.7308197
5/13/15,74,47,60.5,0.15,0,0,328.4204102
5/14/15,51,31,41,0.01,0,0,274.5827026
5/15/15,64,39,51.5,0,0,0,239.9075165
5/16/15,72,55,63.5,0.3,0,0,142.5789032
5/17/15,76,56,66,0.04,0,0,133.1977692
5/18/15,79,58,68.5,0,0,0,62.0293541
5/19/15,84,63,73.5,1.11,0,0,109.2449188
5/20/15,78,42,60,0,0,0,309.8045349
5/21/15,53,38,45.5,0,0,0,297.6311646
5/22/15,60,39,49.5,0,0,0,270.1350708
5/23/15,60,28,44,0,0,0,237.9898987
5/24/15,65,36,50.5,0,0,0,139.930069
5/25/15,78,49,63.5,0,0,0,83.31743622
5/26/15,85,64,74.5,0,0,0,9.523683548
5/27/15,81,67,74,0,0,0,0
5/28/15,80,61,70.5,0,0,0,6.103421211
5/29/15,71,45,58,0,0,0,6.039844036
5/30/15,81,60,70.5,0,0,0,4.880230427
5/31/15,82,49,65.5,0.26,0,0,16.08570099
6/1/15,51,48,49.5,0.35,0,0,8.389177322
6/2/15,54,47,50.5,0.09,0,0,10.7488308
6/3/15,60,41,50.5,0.02,0,0,18.10000992
6/4/15,73,46,59.5,0,0,0,4.269852161
6/5/15,73,57,65,0,0,0,16.11623764
6/6/15,79,52,65.5,0.23,0,0,33.3227272
6/7/15,61,39,50,0,0,0,0
6/8/15,79,53,66,0.02,0,0,4.996480465
6/9/15,72,62,67,2.02,0,0,20.59062958
6/10/15,70,51,60.5,0.45,0,0,10.00254059
6/11/15,79,60,69.5,0.02,0,0,0
6/12/15,78,55,66.5,0,0,0,17.14341927
6/13/15,87,57,72,0.38,0,0,16.77945137
6/14/15,75,53,64,0,0,0,16.94861031
6/15/15,81,61,71,0.57,0,0,4.176522255
6/16/15,80,66,73,0.04,0,0,3.539386272
6/17/15,78,52,65,0.26,0,0,15.35670567
6/19/15,73,63,68,0.01,0,0,26.93737602
6/21/15,74,56,65,0.08,0,0,0
6/22/15,79,54,66.5,0.28,0,0,15.06917381
6/23/15,82,54,68,0.02,0,0,4.836244583
6/24/15,84,52,68,0.12,0,0,10.93151855
6/25/15,74,60,67,0,0,0,38.24708557
6/26/15,76,51,63.5,0,0,0,154.3570404
6/27/15,78,53,65.5,0,0,0,269.8424683
6/28/15,75,52,63.5,1.18,0,0,273.815155
6/29/15,75,52,63.5,0.41,0,0,173.2888489
6/30/15,72,57,64.5,0.04,0,0,179.7217865
7/1/15,76,60,68,0.79,0,0,87.55954742
7/2/15,73,57,65,0.08,0,0,170.6611328
7/4/15,76,50,63,0.09,0,0,110.7813263
7/5/15,70,53,61.5,0.08,0,0,150.0464783
7/6/15,78,56,67,0,0,0,123.9515152
7/7/15,78,58,68,0.02,0,0,52.42169952
7/8/15,85,61,73,0.21,0,0,135.3326874
7/9/15,69,56,62.5,0.01,0,0,166.4919586
7/10/15,70,55,62.5,0.84,0,0,146.6678925
7/11/15,78,50,64,0,0,0,140.6859589
7/12/15,79,57,68,0,0,0,101.5685806
7/13/15,81,59,70,0,0,0,40.1439209
7/14/15,83,64,73.5,0.02,0,0,36.50883484
7/15/15,77,56,66.5,1.06,0,0,224.9316559
7/16/15,64,44,54,0.02,0,0,189.6132965
7/17/15,73,49,61,0,0,0,135.5642548
7/18/15,76,64,70,0.01,0,0,40.21541595
7/19/15,86,66,76,0.09,0,0,40.77672577
7/20/15,87,69,78,0.36,0,0,41.07715988
7/21/15,82,59,70.5,0,0,0,36.02181625
7/22/15,79,51,65,0.55,0,0,134.361084
7/24/15,75,49,62,0,0,0,152.4185181
7/25/15,79,52,65.5,0,0,0,122.74823
7/26/15,79,60,69.5,0.35,0,0,37.96605682
7/27/15,82,60,71,0,0,0,36.93871307
7/28/15,84,59,71.5,0,0,0,40.96148682
7/29/15,86,59,72.5,0,0,0,40.81557846
7/30/15,88,69,78.5,0,0,0,38.30268478
7/31/15,82,56,69,0.35,0,0,36.55550385
8/1/15,82,62,72,0.01,0,0,32.75922012
8/2/15,78,53,65.5,0,0,0,86.90665436
8/3/15,82,63,72.5,0,0,0,42.00233078
8/4/15,81,56,68.5,0.2,0,0,107.2447052
8/5/15,76,56,66,0.05,0,0,80.96237946
8/7/15,72,46,59,0,0,0,156.4539337
8/8/15,77,49,63,0,0,0,137.8473206
8/9/15,74,54,64,0,0,0,148.2462158
8/10/15,80,57,68.5,0,0,0,46.33860779
8/11/15,78,65,71.5,0.51,0,0,42.72779083
8/12/15,75,64,69.5,0.01,0,0,50.86135483
8/13/15,73,48,60.5,0.01,0,0,157.5067139
8/14/15,76,57,66.5,0,0,0,45.47009659
8/15/15,84,65,74.5,0,0,0,44.55904388
8/16/15,83,59,71,0,0,0,44.17873001
8/17/15,86,59,72.5,0,0,0,41.01776505
8/18/15,88,63,75.5,0,0,0,46.95398331
8/19/15,88,68,78,0.08,0,0,46.82555771
8/20/15,84,70,77,0,0,0,47.79366302
8/21/15,80,56,68,0.53,0,0,121.8021164
8/22/15,74,48,61,0,0,0,176.8054657
8/23/15,73,51,62,0,0,0,147.7434998
8/24/15,77,56,66.5,0,0,0,135.1427155
8/25/15,77,51,64,0,0,0,145.7165375
8/26/15,74,50,62,0,0,0,157.025589
8/27/15,68,56,62,0,0,0,198.9558563
8/28/15,67,45,56,0,0,0,183.1186829
8/29/15,75,49,62,0,0,0,134.1426544
8/30/15,80,54,67,0,0,0,43.13620377
8/31/15,80,62,71,0,0,0,44.28340149
9/1/15,84,58,71,0,0,0,44.06399155
9/2/15,83,56,69.5,0,0,0,42.35762024
9/3/15,84,59,71.5,0,0,0,44.27878952
9/4/15,84,62,73,0,0,0,43.73075104
9/5/15,85,64,74.5,0,0,0,50.52445602
9/6/15,84,63,73.5,0,0,0,46.62265396
9/7/15,87,65,76,0,0,0,39.30547333
9/8/15,90,64,77,0,0,0,41.32889557
9/9/15,91,67,79,0,0,0,44.35040665
9/10/15,89,62,75.5,0.11,0,0,48.75880814
9/11/15,66,52,59,0.01,0,0,178.237442
9/12/15,75,49,62,0,0,0,251.414978
9/13/15,65,55,60,0.32,0,0,284.8604126
9/14/15,60,50,55,0.34,0,0,231.245285
9/15/15,69,44,56.5,0,0,0,140.0857086
9/16/15,78,49,63.5,0,0,0,162.3346252
9/17/15,82,51,66.5,0,0,0,138.385498
9/18/15,83,53,68,0,0,0,128.6679382
9/19/15,83,55,69,0,0,0,74.34037781
9/20/15,77,52,64.5,0.79,0,0,254.1260681
9/21/15,65,37,51,0,0,0,271.2012939
9/23/15,71,41,56,0,0,0,201.6873779
9/24/15,73,43,58,0,0,0,176.5411072
9/25/15,76,46,61,0,0,0,195.8287201
9/26/15,74,51,62.5,0,0,0,179.566803
9/27/15,71,49,60,0,0,0,169.3652802
9/28/15,73,53,63,0.01,0,0,176.5589142
9/29/15,71,60,65.5,0.05,0,0,58.93346787
9/30/15,69,57,63,2.36,0,0,288.8127441
10/1/15,57,45,51,0.1,0,0,327.750885
10/3/15,49,38,43.5,0,0,0,314.9528809
10/4/15,50,43,46.5,0.07,0,0,286.475708
10/5/15,64,42,53,0,0,0,276.967865
10/6/15,68,42,55,0,0,0,309.2105103
10/7/15,58,51,54.5,0.02,0,0,268.9873047
10/8/15,66,44,55,0.01,0,0,268.1663513
10/10/15,63,41,52,0.37,0,0,282.0624695
10/11/15,56,38,47,0,0,0,227.2017212
10/12/15,71,41,56,0,0,0,177.6410828
10/14/15,65,52,58.5,0.04,0,0,309.0229492
10/16/15,63,40,51.5,0.13,0,0,318.109436
10/17/15,56,36,46,0.11,0,0,307.7281189
10/20/15,53,27,40,0,0,0,310.0456848
10/21/15,67,50,58.5,0.02,0,0,280.4046936
10/22/15,67,51,59,0.05,0,0,278.1371765
10/23/15,65,36,50.5,0.01,0,0,349.3990784
10/24/15,48,29,38.5,0,0,0,340.9038391
10/25/15,52,39,45.5,0.37,0,0,339.1648254
10/26/15,51,27,39,0.03,0,0,394.2618408
10/27/15,48,24,36,0,0,0,406.1713867
10/28/15,55,30,42.5,0.03,0,0,368.725769
10/29/15,61,46,53.5,0.79,0,0,347.5966187
10/30/15,58,43,50.5,0.02,0,0,371.9259033
10/31/15,47,25,36,0,0,0,347.8852234
11/1/15,49,27,38,0.05,0,0,315.9588623
11/2/15,64,34,49,0,0,0,343.0954285
11/3/15,58,36,47,0,0,0,272.5838928
11/4/15,70,39,54.5,0,0,0,224.9052277
11/5/15,75,44,59.5,0,0,0,159.9002991
11/6/15,70,59,64.5,0,0,0,185.6156769
11/9/15,51,26,38.5,0,0,0,381.6386414
11/10/15,56,28,42,0.01,0,0,363.7075195
11/11/15,58,48,53,0.85,0,0,368.3944702
11/12/15,51,47,49,0.06,0,0,352.2304382
11/13/15,55,47,51,0.04,0,0,384.8562927
11/14/15,48,34,41,0.09,0,0,422.5198669
11/16/15,59,30,44.5,0,0,0,376.9528809
11/17/15,56,21,38.5,0,0,0,370.4193115
11/18/15,52,30,41,0,0,0,390.9681091
11/20/15,59,37,48,0.05,0,0,386.2271423
11/21/15,46,26,36,0,0,0,378.9886475
11/22/15,47,30,38.5,0,0,0,372.20755
11/25/15,35,21,28,0,0,0,485.7814331
11/26/15,46,22,34,0,0,0,398.1670837
11/27/15,52,39,45.5,0,0,0,378.7503357
11/28/15,61,35,48,0.2,0,0,389.984375
11/29/15,35,28,31.5,0.01,0,0,418.4649658
11/30/15,33,17,25,0,0,0,509.5058594
12/1/15,42,20,31,0.05,0,0,471.2784119
12/2/15,48,40,44,0.05,0,0,423.847168
12/3/15,48,37,42.5,0.58,0,0,461.6696472
12/5/15,42,37,39.5,0,0,0,433.2096558
12/6/15,45,23,34,0,0,0,422.6205444
12/7/15,50,23,36.5,0,0,0,464.3148499
12/8/15,41,28,34.5,0,0,0,451.9763489
12/9/15,42,30,36,0,0,0,423.8275757
12/10/15,48,35,41.5,0.01,0,0,388.596405
12/11/15,53,42,47.5,0,0,0,364.809906
12/12/15,57,29,43,0,0,0,341.7021179
12/13/15,56,33,44.5,0,0,0,330.4976501
12/14/15,61,45,53,0,0,0,307.2740479
12/15/15,63,46,54.5,0.26,0,0,332.1522217
12/16/15,48,35,41.5,0.01,0,0,400.4872437
12/17/15,47,36,41.5,0,0,0,378.3835449
12/18/15,49,35,42,0.16,0,0,429.8171082
12/21/15,37,27,32,0,0,0,457.3645325
12/22/15,48,37,42.5,0.09,0,0,388.2161865
12/23/15,55,41,48,0.39,0,0,365.6448975
12/24/15,62,44,53,0.08,0,0,273.912384
12/25/15,65,32,48.5,0,0,0,340.5559387
12/26/15,60,30,45,0,0,0,346.5467834
12/27/15,49,31,40,0.4,0,0,354.2793579
12/29/15,33,26,29.5,0.43,0.5,1,459.2565002
12/31/15,45,34,39.5,0.06,0,0,425.6230469
1/4/16,34,11,22.5,0.05,1.1,1,676.277832
1/8/16,43,13,28,0,0,0,569.144165
1/10/16,45,37,41,0.57,0,0,421.4736938
1/13/16,28,14,21,0.05,0.5,1,643.4036255
1/14/16,20,13,16.5,0.03,0.8,1,625.8369751
1/18/16,29,11,20,0.08,1,1,627.4598999
1/20/16,22,13,17.5,0.03,0.6,2,639.9998169
1/21/16,24,18,21,0.06,1.4,3,642.9637451
1/22/16,23,-8,7.5,0.05,1,4,678.6698608
1/23/16,20,-3,8.5,0,0,3,586.4707031
1/25/16,26,12,19,0,0,2,627.1281738
1/26/16,35,19,27,0,0,2,532.8972778
1/31/16,43,22,32.5,0,0,0,425.6065063
2/1/16,56,43,49.5,0.02,0,0,418.5731812
2/2/16,46,24,35,0,0,0,474.3211365
2/3/16,45,27,36,0.11,0,0,440.7384949
2/4/16,52,36,44,0.3,0,0,450.3358154
2/5/16,41,29,35,0,0,0,509.2311707
2/7/16,41,22,31.5,0,0,0,453.4788208
2/8/16,45,23,34,0,0,0,490.8325195
2/10/16,37,24,30.5,0.17,3,3,522.369812
3/29/16,58,31,44.5,0.1,0,0,482.282196
3/30/16,40,20,30,0,0,0,411.0713806
3/31/16,60,21,40.5,0,0,0,234.999527
4/1/16,68,50,59,0.01,0,0,293.4438477
4/2/16,65,39,52,0.16,0,0,339.2325134
4/3/16,49,20,34.5,0.29,2.8,3,403.8047791
4/4/16,27,20,23.5,0.13,1.5,4,566.09021
4/5/16,28,-1,13.5,0.11,1.1,5,583.8998413
4/6/16,29,8,18.5,0,0,2,553.6084595
4/8/16,50,31,40.5,0.53,0,0,520.6567993
4/9/16,34,21,27.5,0.01,0,0,488.1019287
4/12/16,53,32,42.5,0.45,0,0,474.1523743
4/13/16,45,22,33.5,0,0,0,492.5452881
4/14/16,45,25,35,0,0,0,388.6676941
4/15/16,53,24,38.5,0,0,0,270.4509583
4/16/16,63,29,46,0,0,0,217.3825378
4/17/16,65,32,48.5,0,0,0,196.9563141
4/18/16,69,33,51,0,0,0,182.2716827
4/19/16,71,42,56.5,0,0,0,251.5093994
4/20/16,55,25,40,0,0,0,238.2653503
4/21/16,62,33,47.5,0,0,0,154.7372589
4/22/16,75,52,63.5,0.11,0,0,311.1495972
4/23/16,63,39,51,0.25,0,0,325.1497803
4/24/16,49,25,37,0,0,0,317.5736694
4/25/16,56,33,44.5,0,0,0,341.5340271
4/26/16,58,43,50.5,0.11,0,0,386.378418
4/27/16,45,26,35.5,0.32,0,0,376.5245056
4/28/16,54,28,41,0,0,0,386.9076538
4/30/16,54,41,47.5,0.12,0,0,337.1013489
5/1/16,58,42,50,0.24,0,0,324.9274902
5/2/16,51,42,46.5,0.14,0,0,375.9486694
5/3/16,49,41,45,0.36,0,0,374.2874451
5/4/16,53,43,48,0.01,0,0,359.6299133
5/5/16,60,43,51.5,0.24,0,0,357.3425598
5/7/16,58,38,48,0.17,0,0,273.4168396
5/8/16,63,42,52.5,0.05,0,0,309.5126953
5/9/16,55,40,47.5,0,0,0,309.5840149
5/10/16,60,29,44.5,0,0,0,279.670929
5/11/16,63,30,46.5,0,0,0,238.5954742
5/12/16,72,36,54,0,0,0,163.3443756
5/13/16,80,48,64,0.04,0,0,170.6226959
5/14/16,70,44,57,0.13,0,0,261.0568237
5/15/16,65,39,52,0.09,0,0,315.8785095
5/17/16,61,43,52,0,0,0,294.2405396
5/18/16,57,33,45,0,0,0,299.3226624
5/19/16,62,32,47,0,0,0,261.1804199
5/20/16,65,35,50,0,0,0,202.4690094
5/21/16,71,42,56.5,0,0,0,244.7462463
5/22/16,65,49,57,0.02,0,0,254.2067719
5/23/16,67,44,55.5,0.01,0,0,168.5011444
5/24/16,77,41,59,0,0,0,144.8259888
5/25/16,78,44,61,0,0,0,146.2520142
5/26/16,82,53,67.5,0,0,0,96.34981537
5/27/16,83,63,73,0,0,0,39.68981552
5/28/16,88,59,73.5,0.1,0,0,24.89899826
5/29/16,90,68,79,0,0,0,25.35616112
5/30/16,85,63,74,0.3,0,0,20.09440231
5/31/16,81,51,66,0,0,0,48.89916229
6/1/16,79,45,62,0,0,0,0
6/2/16,82,53,67.5,0,0,0,7.623566628
6/3/16,72,63,67.5,0.12,0,0,48.16412735
6/4/16,82,51,66.5,0,0,0,113.5235367
6/5/16,83,60,71.5,0.11,0,0,49.11228943
6/6/16,74,56,65,0.57,0,0,159.1588745
6/7/16,77,53,65,0.01,0,0,180.6630402
6/8/16,72,45,58.5,0.07,0,0,293.2359619
6/9/16,56,44,50,0.01,0,0,253.5259399
6/10/16,64,37,50.5,0,0,0,209.6147614
6/11/16,69,42,55.5,0,0,0,136.1127777
6/12/16,84,56,70,0.03,0,0,159.6601715
6/13/16,65,50,57.5,0,0,0,294.7024536
6/14/16,62,39,50.5,0,0,0,202.3790283
6/15/16,70,41,55.5,0,0,0,139.4846954
6/16/16,81,47,64,0.04,0,0,44.57786942
6/17/16,80,49,64.5,0,0,0,131.0195618
6/18/16,81,49,65,0,0,0,120.9206314
6/19/16,85,49,67,0,0,0,114.1849823
6/20/16,87,57,72,0,0,0,41.88458252
6/21/16,88,57,72.5,0.02,0,0,37.29196167
6/22/16,77,49,63,0,0,0,134.9965668
6/23/16,74,47,60.5,0,0,0,120.44841
6/24/16,77,40,58.5,0,0,0,138.4684296
6/25/16,82,47,64.5,0,0,0,121.2201386
6/26/16,87,62,74.5,0,0,0,25.31688309
6/27/16,88,67,77.5,0,0,0,61.36048508
6/28/16,84,65,74.5,0.09,0,0,49.79947662
6/29/16,81,53,67,0,0,0,140.3649445
6/30/16,74,48,61,0,0,0,160.5332031
7/1/16,82,53,67.5,0,0,0,157.0610962
7/2/16,78,55,66.5,0.07,0,0,150.4479065
7/3/16,75,48,61.5,0,0,0,123.8094254
7/4/16,78,49,63.5,0,0,0,131.6075439
7/5/16,84,58,71,0,0,0,60.55744934
7/6/16,86,58,72,0,0,0,63.93030548
7/7/16,91,66,78.5,0,0,0,79.54478455
7/8/16,89,61,75,0.08,0,0,78.54646301
7/9/16,85,66,75.5,0.06,0,0,73.00723267
7/10/16,85,63,74,0.26,0,0,189.1760406
7/11/16,70,50,60,0.08,0,0,160.7460938
7/12/16,80,56,68,0,0,0,134.4473572
7/13/16,89,68,78.5,0,0,0,71.77233124
7/14/16,90,71,80.5,0.02,0,0,67.06001282
7/15/16,89,62,75.5,0.09,0,0,66.99604034
7/16/16,88,54,71,0,0,0,66.18758392
7/17/16,80,57,68.5,0.24,0,0,150.0563812
7/18/16,84,60,72,0,0,0,68.47174072
7/19/16,81,56,68.5,0.14,0,0,81.72754669
7/20/16,77,47,62,0,0,0,157.899765
7/21/16,80,50,65,0,0,0,133.216507
7/22/16,89,60,74.5,0,0,0,47.04764175
7/23/16,91,60,75.5,0,0,0,69.79259491
7/24/16,88,55,71.5,0,0,0,67.06472778
7/25/16,89,62,75.5,0,0,0,69.41113281
7/26/16,83,60,71.5,0.66,0,0,76.26771545
7/27/16,81,56,68.5,0,0,0,136.7473755
7/28/16,86,60,73,0,0,0,71.63352203
7/29/16,84,58,71,0,0,0,70.62029266
7/30/16,85,57,71,0.03,0,0,123.2454681
7/31/16,71,61,66,0.14,0,0,83.78835297
8/1/16,78,67,72.5,0.37,0,0,76.78768921
8/2/16,82,62,72,0.36,0,0,73.42843628
8/3/16,81,61,71,0,0,0,70.84542084
8/4/16,80,64,72,0,0,0,66.70949554
8/5/16,84,64,74,0,0,0,62.85240173
8/6/16,84,69,76.5,0.61,0,0,75.99462128
8/7/16,81,54,67.5,0,0,0,129.0028076
8/8/16,80,51,65.5,0,0,0,139.3880157
8/9/16,81,51,66,0,0,0,146.2731781
8/10/16,86,57,71.5,1.06,0,0,75.25679779
8/11/16,88,69,78.5,0,0,0,73.89122772
8/12/16,90,70,80,0.13,0,0,73.96359253
8/13/16,91,72,81.5,0,0,0,83.20880127
8/14/16,92,71,81.5,0.17,0,0,83.86173248
8/15/16,81,64,72.5,0.07,0,0,73.01602936
8/16/16,77,66,71.5,0,0,0,68.22782898
8/17/16,87,65,76,0.67,0,0,67.4283905
8/18/16,79,63,71,0,0,0,71.54814911
8/19/16,82,56,69,0,0,0,130.8955841
8/20/16,85,59,72,0,0,0,72.62892914
8/21/16,86,69,77.5,0,0,0,79.49648285
8/22/16,74,57,65.5,0.62,0,0,201.7268219
8/23/16,70,47,58.5,0,0,0,143.7121887
8/24/16,79,51,65,0,0,0,167.0283813
8/25/16,84,58,71,0,0,0,69.85875702
8/26/16,84,68,76,0.08,0,0,69.6271286
8/27/16,83,57,70,0,0,0,75.00883484
8/28/16,84,60,72,0,0,0,79.75030518
8/29/16,88,67,77.5,0.09,0,0,70.82331848
8/30/16,79,48,63.5,0,0,0,191.309021
8/31/16,81,53,67,0,0,0,73.61838531
9/1/16,75,57,66,0.12,0,0,137.7105408
9/2/16,73,51,62,0,0,0,228.4579926
9/3/16,72,42,57,0,0,0,199.1453552
9/4/16,73,44,58.5,0,0,0,137.687851
9/5/16,78,49,63.5,0,0,0,165.2263336
9/6/16,82,48,65,0,0,0,172.9614563
9/7/16,82,54,68,0,0,0,149.1338654
9/8/16,88,57,72.5,0,0,0,75.36280823
9/9/16,89,70,79.5,0.49,0,0,77.01286316
9/10/16,78,66,72,0,0,0,83.4151001
9/11/16,86,56,71,0.19,0,0,184.094223
9/12/16,70,45,57.5,0,0,0,184.9963684
9/13/16,76,47,61.5,0,0,0,132.6513367
9/14/16,84,58,71,0,0,0,108.9764786
9/16/16,69,40,54.5,0,0,0,155.0355835
9/17/16,76,45,60.5,0,0,0,134.1629028
9/18/16,73,59,66,0.81,0,0,49.60339737
9/19/16,79,62,70.5,0.11,0,0,69.61413574
9/20/16,79,54,66.5,0,0,0,167.2377319
9/21/16,85,49,67,0,0,0,169.3882599
9/22/16,79,50,64.5,0,0,0,150.4837952
9/23/16,84,52,68,0,0,0,132.9145203
9/24/16,76,44,60,0,0,0,272.4815369
9/25/16,63,34,48.5,0,0,0,270.5794678
9/26/16,63,38,50.5,0,0,0,237.2943268
9/27/16,69,49,59,0.04,0,0,213.7993164
9/28/16,72,41,56.5,0,0,0,208.3549805
9/29/16,73,46,59.5,0.22,0,0,289.6029968
9/30/16,58,49,53.5,0.07,0,0,292.7841187
10/1/16,57,50,53.5,0.12,0,0,271.437439
10/2/16,63,53,58,0.69,0,0,231.3932495
10/3/16,67,51,59,0.02,0,0,280.1482239
10/4/16,66,50,58,0.03,0,0,272.5181885
10/6/16,70,43,56.5,0,0,0,212.7547455
10/7/16,75,42,58.5,0,0,0,159.5789642
10/8/16,74,45,59.5,0.17,0,0,299.1497803
10/9/16,63,47,55,0.09,0,0,285.0083313
10/10/16,57,37,47,0.02,0,0,334.2759094
10/11/16,52,28,40,0,0,0,326.390564
10/12/16,65,30,47.5,0,0,0,241.5904388
10/13/16,69,48,58.5,0,0,0,281.9519653
10/14/16,58,30,44,0.05,0,0,320.6072998
10/15/16,56,32,44,0,0,0,291.0825806
10/16/16,66,40,53,0,0,0,221.210907
10/17/16,73,53,63,0.29,0,0,167.9316864
10/18/16,70,60,65,0.01,0,0,35.72948837
10/19/16,80,58,69,0.14,0,0,263.0120239
10/20/16,66,45,55.5,0.06,0,0,285.4319458
10/21/16,63,51,57,3.44,0,0,318.6286926
10/22/16,51,40,45.5,0.62,0,0,330.4633484
10/23/16,44,39,41.5,0.36,0,0,323.293396
10/24/16,53,44,48.5,0.06,0,0,366.5231934
10/25/16,47,38,42.5,0.1,0,0,418.09021
10/27/16,40,30,35,0.27,1,1,445.6619568
10/28/16,45,33,39,0.22,0,0,443.8147278
10/29/16,44,28,36,0.01,0,0,333.9546814
10/30/16,69,40,54.5,0,0,0,324.026123
10/31/16,53,33,43,0.11,0,0,405.700531
11/1/16,45,27,36,0,0,0,388.2199402
11/2/16,56,38,47,0,0,0,294.371582
11/3/16,72,51,61.5,0.06,0,0,329.083313
11/4/16,58,42,50,0.34,0,0,344.8663635
11/5/16,48,31,39.5,0,0,0,310.9707947
11/6/16,56,38,47,0,0,0,322.9819946
11/7/16,47,25,36,0,0,0,381.8434448
11/8/16,59,30,44.5,0,0,0,353.5900879
11/9/16,66,30,48,0.15,0,0,371.4753418
11/10/16,49,29,39,0.02,0,0,369.0788879
11/11/16,57,30,43.5,0.01,0,0,381.3783264
11/12/16,47,29,38,0,0,0,375.7187195
11/13/16,45,26,35.5,0,0,0,355.0352478
11/14/16,60,24,42,0,0,0,377.9830627
11/15/16,60,29,44.5,0,0,0,365.1902771
11/17/16,53,34,43.5,0.08,0,0,364.7488403
11/18/16,51,29,40,0,0,0,340.9207764
11/19/16,68,32,50,0,0,0,283.5403748
11/21/16,32,25,28.5,0.28,4.5,4,500.0830383
11/22/16,29,26,27.5,0.13,2.3,5,547.2577515
11/23/16,31,26,28.5,0.09,0.8,4,544.9657593
11/25/16,37,34,35.5,0.11,0,1,448.7380981
11/27/16,38,33,35.5,0.19,0,0,444.9048462
11/30/16,54,40,47,0.01,0,0,396.2993469
12/1/16,54,42,48,0.42,0,0,411.6850281
12/6/16,40,21,30.5,0,0,0,520.5485229
12/7/16,38,23,30.5,0.47,0.9,1,510.686676
12/8/16,43,29,36,0,0,0,544.6383667
12/9/16,34,25,29.5,0.05,0.9,1,595.800293
12/12/16,31,18,24.5,0.09,2.3,3,587.4727783
12/14/16,34,22,28,0.05,0.6,2,593.7215576
12/15/16,26,11,18.5,0.02,0.5,2,660.1587524
12/16/16,16,7,11.5,0.07,2,4,691.815918
12/17/16,18,8,13,0.15,3.7,7,600.5778809
12/18/16,46,18,32,0.42,0,4,553.8843384
12/19/16,35,6,20.5,0.18,0.1,1,692.6311646
12/20/16,25,8,16.5,0,0,1,620.0877075
12/21/16,29,11,20,0,0,1,607.6529541
12/22/16,34,14,24,0.05,0.9,1,583.5369263
12/27/16,46,31,38.5,0.14,0,0,471.7268372
12/28/16,42,26,34,0.1,0.8,1,521.5859985
12/29/16,30,25,27.5,0.03,0.5,1,517.4703979
12/30/16,37,28,32.5,0.1,0.9,1,537.4412842
1/2/17,40,21,30.5,0,0,1,530.0286865
1/4/17,41,35,38,0.37,0,0,535.6154785
1/6/17,25,11,18,0.03,1,1,654.8497925
1/7/17,18,3,10.5,0,0,1,602.6123657
1/8/17,21,4,12.5,0,0,1,635.144043
1/11/17,39,18,28.5,0.06,0.5,1,562.4365845
1/12/17,48,39,43.5,0.02,0,0,464.0733948
1/13/17,51,29,40,0.43,0,0,569.0085449
1/15/17,28,17,22.5,0,0,0,576.4338379
1/16/17,28,12,20,0,0,0,614.0341797
1/17/17,42,19,30.5,0,0,0,532.7763062
1/18/17,38,34,36,0.43,0,0,522.0221558
1/19/17,39,33,36,0.05,0,0,525.8510132
1/20/17,36,32,34,0.01,0,0,512.7081909
1/22/17,54,36,45,0,0,0,401.6525269
1/23/17,58,36,47,0,0,0,455.2774353
1/24/17,40,29,34.5,0.91,3.6,4,531.1752319
1/25/17,31,27,29,0.18,2.4,6,516.8758545
1/26/17,40,30,35,0,0,3,490.8320007
1/30/17,31,15,23,0.01,0.5,1,635.5300903
2/1/17,33,17,25,0.05,0.6,2,583.8095703
2/3/17,29,17,23,0.04,0.8,3,633.8363037
2/5/17,28,12,20,0,0,1,515.8604126
2/8/17,51,31,41,0.28,0,0,484.1031189
2/9/17,45,15,30,0.26,2.2,2,583.4007568
2/11/17,28,16,22,0.04,0.4,2,517.2589111
2/12/17,41,28,34.5,0.14,0,0,496.9730835
2/13/17,36,25,30.5,0.69,4,4,613.9630127
2/14/17,27,17,22,0.01,0.2,3,556.7594604
2/15/17,43,19,31,0.01,0,2,561.0549927
2/16/17,37,18,27.5,0.12,2,4,642.1116333
2/18/17,36,20,28,0,0,2,452.1393738
2/19/17,64,30,47,0,0,0,405.2356567
2/20/17,56,31,43.5,0,0,0,514.7840576
2/21/17,40,22,31,0,0,0,476.8683777
2/22/17,47,32,39.5,0.01,0,0,415.1770325
2/23/17,60,40,50,0,0,0,294.5553589
2/24/17,67,41,54,0,0,0,228.0292816
2/25/17,73,42,57.5,0,0,0,335.1815796
2/28/17,50,33,41.5,0.02,0,0,423.6264038
3/1/17,60,35,47.5,0,0,0,331.7809448
3/4/17,27,12,19.5,0.05,1.5,2,597.4083252
3/5/17,14,-5,4.5,0.02,0.4,1,611.012085
3/7/17,51,26,38.5,0.1,0,0,507.4350281
3/8/17,53,34,43.5,0.52,0,0,472.3659363
3/9/17,52,34,43,0,0,0,497.1893005
3/11/17,27,7,17,0.06,1.2,1,587.7461548
3/12/17,17,8,12.5,0.04,1,1,601.0856934
3/14/17,28,6,17,0.31,3,3,665.4037476
3/15/17,19,14,16.5,0.71,9.8,12,676.2423096
3/16/17,20,14,17,0.1,2.6,13,654.3448486
3/17/17,31,9,20,0,0,11,609.2561035
3/18/17,38,6,22,0,0,9,536.3135376
3/20/17,41,12,26.5,0,0,7,571.8318481
3/21/17,40,13,26.5,0,0,6,495.7133789
3/22/17,48,18,33,0.02,0.4,4,599.2792969
3/25/17,48,32,40,0.57,0,1,491.6062927
3/27/17,42,36,39,0.12,0,0,515.6708374
3/29/17,51,32,41.5,0.04,0,0,485.9903564
3/30/17,46,24,35,0,0,0,467.2087097
3/31/17,45,26,35.5,0.21,0,0,464.6793823
4/1/17,40,34,37,0.39,0,0,448.5348511
4/2/17,36,26,31,0,0,0,443.0899353
4/3/17,56,26,41,0,0,0,394.8445435
4/4/17,63,34,48.5,0.3,0,0,384.4668274
4/5/17,64,41,52.5,0.08,0,0,395.3744507
4/6/17,52,39,45.5,0,0,0,415.2262268
4/9/17,47,26,36.5,0,0,0,311.7787781
4/10/17,69,31,50,0,0,0,191.6060333
4/11/17,79,53,66,0,0,0,223.3713837
4/12/17,78,49,63.5,0.04,0,0,353.6807251
4/13/17,54,36,45,0,0,0,387.5811462
4/14/17,49,29,39,0,0,0,327.1835327
4/15/17,62,33,47.5,0,0,0,247.7967072
4/16/17,70,51,60.5,0.08,0,0,188.0930023
4/17/17,80,50,65,0.19,0,0,295.4697876
4/18/17,58,35,46.5,0,0,0,333.8244934
4/19/17,58,34,46,0,0,0,390.7554932
4/20/17,54,46,50,0.31,0,0,392.2713013
4/21/17,57,44,50.5,1.66,0,0,343.5040894
4/22/17,64,41,52.5,0.09,0,0,343.4700623
4/23/17,46,28,37,0,0,0,248.1212616
4/24/17,67,32,49.5,0,0,0,277.068634
4/26/17,61,47,54,0.04,0,0,170.1447601
4/27/17,76,53,64.5,0,0,0,141.7914581
4/28/17,76,54,65,0.1,0,0,145.9075928
4/29/17,75,56,65.5,0,0,0,272.5969238
4/30/17,61,37,49,0,0,0,277.1990356
5/1/17,66,43,54.5,0,0,0,237.8681183
5/2/17,74,47,60.5,1.02,0,0,329.0338135
5/3/17,59,44,51.5,0.11,0,0,354.2420044
5/4/17,53,29,41,0,0,0,372.8954773
5/5/17,53,33,43,0.3,0,0,368.5774231
5/6/17,60,46,53,0.41,0,0,341.9241638
5/7/17,55,40,47.5,0.47,0,0,357.4051209
5/8/17,44,35,39.5,0.15,0,0,402.1833801
5/9/17,48,31,39.5,0,0,0,381.2776794
5/10/17,54,34,44,0,0,0,362.3789978
5/11/17,53,34,43.5,0,0,0,343.0608521
5/12/17,62,37,49.5,0,0,0,301.1307983
5/13/17,63,46,54.5,0.18,0,0,304.6505127
5/14/17,52,41,46.5,0.01,0,0,307.3164978
5/15/17,59,44,51.5,0.34,0,0,314.0022888
5/16/17,62,38,50,0,0,0,269.1989746
5/17/17,68,42,55,0.01,0,0,128.0128326
5/18/17,88,60,74,0,0,0,84.83358002
5/19/17,89,60,74.5,0.09,0,0,194.5967712
5/20/17,71,47,59,0,0,0,251.5418701
5/21/17,68,45,56.5,0,0,0,252.6961212
5/22/17,65,51,58,0.01,0,0,302.9822693
5/23/17,69,39,54,0.22,0,0,214.0222778
5/24/17,72,44,58,0,0,0,160.1158752
5/25/17,73,49,61,0,0,0,310.3536682
5/26/17,61,54,57.5,0.3,0,0,338.3846436
5/27/17,61,55,58,0.04,0,0,333.3648376
5/28/17,65,50,57.5,0.01,0,0,171.6461334
5/29/17,75,55,65,0.13,0,0,243.8663483
5/30/17,70,55,62.5,0.07,0,0,79.78578949
5/31/17,66,56,61,0.6,0,0,0
6/1/17,71,45,58,0.14,0,0,66.13340759
6/2/17,70,40,55,0,0,0,279.6435852
6/3/17,64,41,52.5,0,0,0,235.4568176
6/4/17,67,39,53,0,0,0,255.7965851
6/5/17,67,45,56,0.2,0,0,243.4929657
6/6/17,74,54,64,0.3,0,0,331.3985901
6/7/17,64,49,56.5,0.12,0,0,263.5888672
6/8/17,70,43,56.5,0,0,0,202.02005
6/9/17,76,47,61.5,0,0,0,152.3324127
6/10/17,76,50,63,0,0,0,131.7830353
6/11/17,84,61,72.5,0,0,0,28.01541519
6/12/17,89,61,75,0,0,0,67.5016861
6/13/17,90,63,76.5,0,0,0,69.88967896
6/14/17,83,58,70.5,0,0,0,142.1478882
6/15/17,77,48,62.5,0,0,0,161.5331573
6/16/17,77,55,66,0.25,0,0,164.2145386
6/17/17,75,59,67,0.01,0,0,60.6882019
6/18/17,83,69,76,0,0,0,61.36615372
6/19/17,87,68,77.5,0.77,0,0,66.14332581
6/20/17,74,57,65.5,0.85,0,0,146.2251892
6/21/17,75,56,65.5,0.02,0,0,161.5685425
6/22/17,74,49,61.5,0,0,0,180.219574
6/23/17,82,57,69.5,0,0,0,64.57891083
6/24/17,78,60,69,0.39,0,0,131.499527
6/25/17,78,54,66,0,0,0,256.2698059
6/26/17,73,48,60.5,0.28,0,0,268.2818909
6/27/17,71,50,60.5,0.28,0,0,300.3841858
6/28/17,67,46,56.5,0.08,0,0,143.3767548
6/29/17,76,54,65,0,0,0,105.4263763
6/30/17,80,61,70.5,0,0,0,70.99391937
7/1/17,81,66,73.5,0.35,0,0,77.20878601
7/2/17,80,60,70,0.18,0,0,111.9191055
7/3/17,81,57,69,0.01,0,0,69.93739319
7/4/17,77,51,64,0,0,0,188.8755798
7/5/17,78,49,63.5,0,0,0,176.5907898
7/6/17,82,55,68.5,0,0,0,71.69618988
7/7/17,77,65,71,0,0,0,68.6736145
7/8/17,81,64,72.5,0,0,0,77.32944489
7/9/17,75,49,62,0,0,0,185.5909119
7/10/17,78,53,65.5,0,0,0,49.42559814
7/11/17,79,61,70,0.1,0,0,71.73319244
7/12/17,83,64,73.5,0,0,0,74.44553375
7/13/17,81,67,74,0.18,0,0,75.92858124
7/14/17,75,65,70,2.08,0,0,77.3214798
7/15/17,83,61,72,0.88,0,0,82.73735046
7/16/17,74,55,64.5,0,0,0,323.5000305
7/19/17,84,57,70.5,0,0,0,63.67370224
7/20/17,85,60,72.5,0,0,0,77.02549744
7/21/17,83,64,73.5,0.6,0,0,79.26986694
7/22/17,85,62,73.5,0,0,0,80.57469177
7/23/17,77,60,68.5,0,0,0,78.83306122
7/24/17,81,64,72.5,1.16,0,0,80.63505554
7/25/17,77,59,68,0.67,0,0,314.9017334
7/26/17,64,58,61,0.07,0,0,197.4399261
7/27/17,74,60,67,0.01,0,0,78.45854187
7/28/17,77,62,69.5,0.08,0,0,115.6040802
7/29/17,74,52,63,0,0,0,221.9627686
7/30/17,74,46,60,0,0,0,183.9902954
7/31/17,78,50,64,0,0,0,157.4547424
8/1/17,82,57,69.5,0,0,0,75.54194641
8/2/17,84,60,72,0,0,0,73.90285492
8/3/17,84,61,72.5,0.02,0,0,78.95555878
8/4/17,83,65,74,0,0,0,76.60054779
8/5/17,84,61,72.5,0.4,0,0,175.7956543
8/6/17,69,48,58.5,0,0,0,224.8069763
8/7/17,75,50,62.5,0,0,0,172.3826752
8/9/17,73,50,61.5,0,0,0,172.5481873
8/10/17,81,52,66.5,0,0,0,130.1716461
8/11/17,80,56,68,0,0,0,69.19517517
8/12/17,76,63,69.5,0,0,0,73.57971954
8/13/17,80,58,69,0.82,0,0,133.1137695
8/14/17,76,54,65,0,0,0,126.4014969
8/15/17,78,55,66.5,0,0,0,66.64315796
8/16/17,82,57,69.5,0.33,0,0,162.6990204
8/17/17,76,50,63,0,0,0,190.8273621
8/18/17,81,51,66,0.01,0,0,75.56700897
8/19/17,84,61,72.5,0.02,0,0,80.193367
8/20/17,78,61,69.5,0.31,0,0,165.4960632
8/21/17,81,57,69,0,0,0,150.1301422
8/23/17,86,53,69.5,0.46,0,0,179.6533813
8/24/17,74,49,61.5,0,0,0,241.5517731
8/25/17,70,48,59,0,0,0,227.9220276
8/26/17,71,42,56.5,0,0,0,188.0764465
8/27/17,71,41,56,0,0,0,182.5401917
8/28/17,73,43,58,0,0,0,169.3455505
8/29/17,70,49,59.5,0,0,0,212.0023651
8/30/17,68,45,56.5,0,0,0,180.0070496
8/31/17,74,46,60,0,0,0,263.7199097
9/1/17,66,39,52.5,0.09,0,0,254.7875214
9/2/17,61,35,48,0,0,0,250.5601959
9/3/17,68,38,53,0.28,0,0,242.5714569
9/4/17,65,53,59,0.18,0,0,127.1495667
9/5/17,78,54,66,0.16,0,0,256.4895325
9/6/17,63,51,57,1.11,0,0,297.7203979
9/7/17,63,51,57,0.06,0,0,286.4995117
9/8/17,66,47,56.5,0.03,0,0,272.4661865
9/9/17,62,48,55,0.09,0,0,312.0058899
9/10/17,58,40,49,0,0,0,267.1801147
9/11/17,63,35,49,0,0,0,213.9072571
9/12/17,73,38,55.5,0,0,0,201.3319702
9/13/17,77,45,61,0,0,0,188.4366608
9/14/17,77,48,62.5,0.05,0,0,77.99713135
9/15/17,70,53,61.5,0.05,0,0,196.1373138
9/16/17,78,54,66,0,0,0,182.1039429
9/17/17,79,56,67.5,0,0,0,154.6764984
9/18/17,83,57,70,0,0,0,124.1459656
9/19/17,82,57,69.5,0,0,0,102.124115
9/20/17,80,50,65,0,0,0,184.1350555
9/21/17,78,51,64.5,0,0,0,80.39300537
9/22/17,76,56,66,0,0,0,233.5567627
9/23/17,75,49,62,0,0,0,185.0277863
9/24/17,83,49,66,0,0,0,140.0821228
9/25/17,86,57,71.5,0,0,0,77.80407715
9/26/17,89,58,73.5,0,0,0,72.99994659
9/27/17,89,60,74.5,0,0,0,83.38624573
9/28/17,89,58,73.5,0,0,0,283.6299438
9/29/17,59,40,49.5,0,0,0,265.0235596
9/30/17,62,44,53,0.12,0,0,270.8468628
10/1/17,55,31,43,0,0,0,289.0187683
10/2/17,62,31,46.5,0,0,0,263.9043274
10/3/17,70,33,51.5,0,0,0,202.4437408
10/4/17,73,45,59,0,0,0,141.446991
10/5/17,82,50,66,0.3,0,0,259.5478821
10/6/17,74,47,60.5,0.01,0,0,264.0501709
10/7/17,70,49,59.5,0.02,0,0,181.2837677
10/8/17,80,63,71.5,0.32,0,0,79.41059113
10/9/17,75,59,67,0.48,0,0,219.2562561
10/10/17,76,60,68,0.11,0,0,231.5198364
10/11/17,72,52,62,0,0,0,319.838562
10/12/17,63,50,56.5,0.42,0,0,306.1121826
10/13/17,61,48,54.5,0,0,0,280.6425171
10/14/17,60,48,54,0,0,0,232.2664032
10/15/17,68,57,62.5,0,0,0,227.6120453
10/16/17,76,43,59.5,0.29,0,0,289.644928
10/17/17,49,28,38.5,0.1,0,0,301.6208801
10/18/17,60,29,44.5,0,0,0,242.2276306
10/19/17,71,42,56.5,0,0,0,211.0257263
10/20/17,72,38,55,0,0,0,255.3328705
10/21/17,64,36,50,0,0,0,211.4320526
10/22/17,74,36,55,0,0,0,167.3402557
10/23/17,72,50,61,0,0,0,156.1248169
10/24/17,70,54,62,0.5,0,0,148.0960388
10/25/17,68,43,55.5,0.3,0,0,267.4246521
10/26/17,58,35,46.5,0.01,0,0,311.5543213
10/27/17,50,30,40,0,0,0,338.5444641
10/28/17,62,34,48,0,0,0,269.2547913
10/29/17,67,42,54.5,0.99,0,0,293.3092651
10/30/17,46,39,42.5,3.19,0,0,369.0270081
10/31/17,49,41,45,0.02,0,0,407.4190063
11/1/17,48,30,39,0,0,0,456.3435669
11/2/17,52,33,42.5,0.55,0,0,355.1403503
11/3/17,64,51,57.5,0.07,0,0,327.4189148
11/4/17,58,32,45,0.04,0,0,367.1993103
11/5/17,49,31,40,0,0,0,343.6734009
11/6/17,59,49,54,0.17,0,0,342.9615479
11/7/17,58,35,46.5,0.59,0,0,439.9989929
11/9/17,46,22,34,0,0,0,480.0419617
11/13/17,42,24,33,0.05,0,0,508.1170044
11/14/17,46,33,39.5,0.03,0,0,491.9020386
11/15/17,39,26,32.5,0,0,0,474.1651001
11/16/17,45,27,36,0.02,0,0,445.3961487
11/18/17,36,27,31.5,0,0,0,462.0536499
11/19/17,51,36,43.5,0.24,0,0,464.8889465
11/24/17,35,26,30.5,0,0,0,450.3812866
11/25/17,52,31,41.5,0,0,0,398.7449036
11/28/17,37,22,29.5,0,0,0,460.5464172
11/29/17,54,31,42.5,0,0,0,407.8286438
11/30/17,50,22,36,0,0,0,465.7481079
12/1/17,47,29,38,0.06,0,0,475.5924683
12/2/17,42,21,31.5,0,0,0,465.1894226
12/3/17,41,26,33.5,0,0,0,445.3708801
12/4/17,48,22,35,0,0,0,464.8299866
12/5/17,48,24,36,0,0,0,383.3658447
12/6/17,51,26,38.5,0.05,0,0,480.4699402
12/7/17,38,27,32.5,0,0,0,522.7617798
12/14/17,20,12,16,0.07,1.2,1,682.0054932
12/15/17,16,-2,7,0.01,0.3,2,682.0473633
12/16/17,23,7,15,0.02,1.2,3,605.4307861
12/17/17,27,20,23.5,0.03,0.8,3,598.902832
12/23/17,40,28,34,0.17,0,0,480.3691406
12/25/17,32,28,30,0.06,1.2,1,547.4741821
12/29/17,8,2,5,0.04,0.7,2,669.8995972
12/30/17,14,-3,5.5,0.09,0.8,2,636.401001
12/31/17,18,1,9.5,0.1,1.5,3,688.072937
1/1/18,5,0,2.5,0.04,1,3,706.8464966
1/2/18,13,1,7,0.03,0.6,4,780.1824951
1/3/18,19,-2,8.5,0,0,4,769.3364258
1/4/18,22,1,11.5,0,0,3,736.1177979
1/5/18,18,-2,8,0.09,1.2,4,782.5612183
1/6/18,2,-3,-0.5,0,0,4,804.9866943
1/8/18,24,-3,10.5,0,0,4,719.00177
1/9/18,37,23,30,0,0,4,655.3685303
1/10/18,33,15,24,0,0,4,612.250061
1/11/18,41,18,29.5,0,0,3,495.441925
1/12/18,57,40,48.5,0.76,0,0,432.6945496
1/13/18,62,12,37,0.94,6,6,566.8513794
1/14/18,12,4,8,0.06,0.9,6,641.097168
1/15/18,12,-9,1.5,0,0,6,701.1361084
1/16/18,22,-9,6.5,0.05,0.5,6,650.1477051
1/17/18,26,15,20.5,0.13,1.6,8,674.574707
1/19/18,22,-3,9.5,0,0,7,636.7481689
1/20/18,37,8,22.5,0,0,6,518.8037109
1/21/18,45,16,30.5,0,0,4,518.6470947
1/22/18,42,19,30.5,0.02,0,3,501.7384033
1/25/18,25,16,20.5,0.02,0.7,1,626.2718506
1/27/18,38,13,25.5,0,0,0,490.1144409
1/28/18,51,30,40.5,0.02,0,0,483.5050354
1/29/18,46,21,33.5,0,0,0,549.9614258
1/30/18,37,19,28,0.05,0.5,1,612.4175415
1/31/18,19,-2,8.5,0.06,0.8,1,674.2942505
2/2/18,45,13,29,0.1,1,1,717.2014771
2/5/18,31,14,22.5,0.09,1,2,713.0933228
2/6/18,21,7,14,0.03,0.6,2,697.0174561
2/7/18,27,12,19.5,0.01,0.1,2,702.4133301
2/8/18,25,15,20,0.37,4,6,709.1054077
2/9/18,24,5,14.5,0.02,0.3,6,711.0894165
2/10/18,35,8,21.5,0.07,1,5,602.7799683
2/11/18,40,26,33,0.01,0,3,577.8533936
2/12/18,45,26,35.5,0.08,0,1,642.4912109
2/15/18,47,33,40,0,0,0,450.0770874
2/16/18,61,40,50.5,0.33,0,0,525.8330078
2/17/18,41,15,28,0,0,0,564.6010132
2/18/18,32,15,23.5,0.05,1.1,1,554.848999
2/19/18,36,26,31,0,0,0,599.899353
2/20/18,47,33,40,0.14,0,0,398.4979553
2/21/18,67,47,57,0,0,0,409.8387146
2/22/18,69,30,49.5,0.03,0,0,529.1907349
2/23/18,34,29,31.5,0.5,3.5,4,539.6878052
2/24/18,42,33,37.5,0.02,0,0,482.0305176
2/25/18,41,35,38,0.18,0,0,481.9333191
2/27/18,48,22,35,0,0,0,480.8392029
2/28/18,55,23,39,0,0,0,457.4442749
3/2/18,38,28,33,0.86,3.5,4,569.2008667
3/3/18,29,27,28,0.09,1.6,5,571.1804199
3/5/18,28,17,22.5,0,0,2,638.3847046
3/6/18,28,22,25,0,0,1,586.491272
3/7/18,41,20,30.5,0.11,1.5,2,565.4275513
3/8/18,34,27,30.5,0.06,0.9,3,572.6635742
3/9/18,32,24,28,0.05,1,2,579.7719727
3/13/18,35,15,25,0.21,1.7,2,602.1686401
3/14/18,31,23,27,0.21,4.2,6,594.2128906
3/15/18,29,22,25.5,0.21,5.6,10,564.1266479
3/16/18,37,22,29.5,0.06,0.9,8,608.1917114
3/18/18,37,6,21.5,0,0,6,555.9628296
3/19/18,35,6,20.5,0,0,3,616.4692993
3/20/18,30,3,16.5,0,0,2,586.3674316
3/21/18,37,7,22,0,0,2,597.2299805
3/22/18,36,22,29,0,0,1,575.0809937
3/24/18,36,25,30.5,0,0,0,527.5996704
3/25/18,34,12,23,0,0,0,546.1400146
3/26/18,43,17,30,0,0,0,533.1603394
3/27/18,47,19,33,0,0,0,533.6968384
3/28/18,41,33,37,0.43,0,0,517.5739746
3/29/18,46,35,40.5,0.01,0,0,471.0220032
3/30/18,54,38,46,0.88,0,0,497.6415405
3/31/18,41,22,31.5,0.05,0,0,453.3877563
4/3/18,46,27,36.5,0,0,0,506.4519348
4/4/18,50,35,42.5,0.25,0,0,482.9042358
4/7/18,45,24,34.5,0.07,0.8,1,511.8025513
4/8/18,33,17,25,0,0,0,530.9337158
4/13/18,60,29,44.5,0.06,0,0,429.3970032
4/14/18,61,38,49.5,0.01,0,0,437.8921509
4/15/18,40,31,35.5,0,0,0,448.515686
4/16/18,43,34,38.5,0.05,0,0,495.8571167
4/18/18,37,28,32.5,0.2,1.4,1,530.5872192
4/19/18,40,31,35.5,0.05,0.6,1,558.4306641
4/21/18,41,23,32,0,0,0,477.7606201
4/22/18,53,25,39,0,0,0,439.9172058
4/23/18,59,26,42.5,0,0,0,354.1663208
4/24/18,69,30,49.5,0,0,0,317.7766113
4/25/18,68,47,57.5,0.07,0,0,333.3266907
4/26/18,57,42,49.5,0.12,0,0,363.8132324
4/28/18,58,37,47.5,0.06,0,0,356.879364
4/29/18,59,33,46,0.04,0,0,403.7036743
5/1/18,59,29,44,0,0,0,269.1346436
5/2/18,78,34,56,0,0,0,140.947464
5/3/18,85,55,70,0,0,0,104.2409592
5/4/18,80,60,70,0.07,0,0,266.3077698
5/5/18,81,38,59.5,0.19,0,0,234.1906586
5/6/18,74,43,58.5,0,0,0,290.9827881
5/7/18,66,47,56.5,0.03,0,0,329.7619019
5/8/18,63,34,48.5,0,0,0,221.3473053
5/9/18,75,39,57,0,0,0,101.4729614
5/10/18,79,57,68,0,0,0,292.9625854
5/11/18,75,42,58.5,0.45,0,0,333.6707764
5/12/18,54,44,49,0,0,0,345.4759216
5/13/18,50,39,44.5,0.27,0,0,328.147522
5/14/18,55,41,48,0.01,0,0,228.6228485
5/15/18,77,52,64.5,0.01,0,0,311.5958252
5/16/18,74,45,59.5,0.45,0,0,353.9943237
5/17/18,68,48,58,0,0,0,254.4811707
5/18/18,78,48,63,0,0,0,233.9358368
5/19/18,72,48,60,0.14,0,0,288.7207947
5/20/18,64,48,56,0.23,0,0,273.3650513
5/21/18,65,45,55,0.04,0,0,258.2253723
5/22/18,73,49,61,0.03,0,0,286.4497986
5/23/18,67,55,61,1.59,0,0,245.7154541
5/24/18,76,43,59.5,0,0,0,196.5918121
5/25/18,79,49,64,0,0,0,129.0806274
5/26/18,84,51,67.5,0,0,0,129.1095581
5/27/18,84,55,69.5,0.03,0,0,278.1551209
5/28/18,69,61,65,0.27,0,0,180.480484
5/29/18,83,61,72,0.05,0,0,86.75598907
5/30/18,84,55,69.5,0,0,0,5.29857254
5/31/18,85,64,74.5,0,0,0,11.45889759
6/1/18,78,66,72,0,0,0,163.8048096
6/2/18,86,58,72,0.16,0,0,309.2161865
6/4/18,69,53,61,0.02,0,0,269.9390869
6/5/18,70,48,59,0.02,0,0,261.5752563
6/6/18,60,49,54.5,0.11,0,0,300.596283
6/7/18,60,45,52.5,0.07,0,0,256.5932007
6/8/18,74,48,61,0,0,0,220.0091248
6/9/18,76,43,59.5,0,0,0,309.3768616
6/10/18,74,49,61.5,0,0,0,274.1874695
6/11/18,71,49,60,0,0,0,219.4458618
6/12/18,76,50,63,0,0,0,188.3201294
6/13/18,76,58,67,0.25,0,0,140.8059692
6/14/18,81,59,70,0.1,0,0,0
6/15/18,75,50,62.5,0,0,0,0
6/16/18,75,43,59,0,0,0,0
6/17/18,82,49,65.5,0,0,0,0
6/18/18,88,57,72.5,0,0,0,0
6/19/18,92,62,77,0.1,0,0,0.027258812
6/20/18,71,52,61.5,0,0,0,0
6/21/18,73,45,59,0,0,0,0
6/22/18,73,41,57,0,0,0,78.11582947
6/23/18,75,50,62.5,0.04,0,0,264.5802612
6/24/18,73,60,66.5,0.01,0,0,282.6904297
6/25/18,73,57,65,0.74,0,0,259.6329346
6/26/18,69,40,54.5,0,0,0,186.3064117
6/28/18,67,60,63.5,0.45,0,0,209.4889984
6/29/18,77,58,67.5,0.02,0,0,154.7197266
6/30/18,84,57,70.5,0,0,0,159.3861542
7/1/18,92,61,76.5,0,0,0,71.04165649
7/2/18,93,69,81,0,0,0,74.71391296
7/3/18,94,68,81,0.31,0,0,73.2317276
7/4/18,87,57,72,0,0,0,162.3104706
7/5/18,90,63,76.5,0.03,0,0,75.1529007
7/6/18,88,69,78.5,0.12,0,0,209.4754334
7/7/18,73,45,59,0,0,0,189.1227722
7/8/18,77,49,63,0,0,0,112.5885696
7/9/18,82,54,68,0,0,0,151.3392639
7/10/18,87,55,71,0,0,0,157.4371338
7/11/18,85,53,69,0,0,0,150.1795807
7/12/18,76,45,60.5,0,0,0,146.6557007
7/13/18,81,51,66,0,0,0,127.9518967
7/14/18,85,54,69.5,0,0,0,72.99568176
7/16/18,88,63,75.5,0,0,0,75.91017151
7/17/18,92,67,79.5,0.95,0,0,165.085434
7/18/18,81,53,67,0.01,0,0,152.8995209
7/19/18,73,44,58.5,0,0,0,87.27632141
7/20/18,79,48,63.5,0,0,0,35.54819489
7/21/18,83,60,71.5,0,0,0,69.0885849
7/22/18,76,60,68,0.23,0,0,73.37418365
7/23/18,80,65,72.5,0.17,0,0,74.72818756
7/24/18,78,70,74,0.46,0,0,77.16559601
7/25/18,76,69,72.5,0.76,0,0,74.17757416
7/26/18,74,64,69,0.88,0,0,74.4453125
7/27/18,84,64,74,0.01,0,0,75.05175018
7/28/18,79,62,70.5,0,0,0,75.5134964
7/29/18,79,57,68,0,0,0,74.93605804
7/30/18,77,55,66,0,0,0,77.26434326
7/31/18,76,57,66.5,0.02,0,0,76.84790039
8/1/18,79,62,70.5,0,0,0,75.55068207
8/2/18,80,66,73,0.01,0,0,74.84608459
8/3/18,79,67,73,0.1,0,0,74.68227386
8/4/18,75,62,68.5,0.03,0,0,72.85805511
8/5/18,85,59,72,0.01,0,0,74.52832794
8/6/18,87,61,74,0,0,0,71.38134766
8/7/18,89,65,77,0,0,0,70.87592316
8/8/18,83,66,74.5,0.05,0,0,72.36086273
8/9/18,82,64,73,1.78,0,0,73.46221161
8/10/18,80,59,69.5,0,0,0,75.2010498
8/12/18,76,63,69.5,0.27,0,0,73.1419754
8/13/18,79,64,71.5,0.02,0,0,75.98280334
8/14/18,71,64,67.5,0.84,0,0,74.2901535
8/15/18,69,59,64,0.35,0,0,74.40192413
8/16/18,85,61,73,0,0,0,75.72148132
8/17/18,87,62,74.5,0.26,0,0,76.73405457
8/18/18,84,66,75,0.42,0,0,80.03426361
8/19/18,71,62,66.5,0.19,0,0,79.98529816
8/20/18,76,58,67,0,0,0,84.23220062
8/21/18,76,59,67.5,0,0,0,78.33293915
8/22/18,72,66,69,0.14,0,0,82.17869568
8/23/18,74,49,61.5,0.35,0,0,82.25265503
8/24/18,74,50,62,0,0,0,83.0054245
8/25/18,80,53,66.5,0,0,0,81.46800995
8/26/18,76,61,68.5,0.02,0,0,80.38144684
8/27/18,82,61,71.5,0,0,0,86.29916382
8/29/18,90,70,80,0,0,0,79.49266052
8/30/18,90,65,77.5,0.13,0,0,82.29532623
9/1/18,72,56,64,0.03,0,0,81.96906281
9/2/18,75,66,70.5,0,0,0,78.2614212
9/3/18,86,70,78,0,0,0,79.62568665
9/4/18,89,67,78,0,0,0,81.27086639
9/5/18,86,64,75,0,0,0,79.55282593
9/6/18,91,66,78.5,0,0,0,80.9362793
9/7/18,80,62,71,0,0,0,80.6992569
9/8/18,74,54,64,0,0,0,81.8553772
9/9/18,63,48,55.5,0,0,0,46.30828094
9/10/18,58,46,52,0.35,0,0,72.98165131
9/11/18,59,46,52.5,1.61,0,0,90.33612061
9/12/18,71,59,65,0,0,0,86.4417038
9/13/18,74,61,67.5,0,0,0,83.2140274
9/14/18,81,64,72.5,0.05,0,0,83.34764862
9/15/18,80,65,72.5,0,0,0,79.6495285
9/16/18,83,60,71.5,0,0,0,80.03263855
9/17/18,84,60,72,0,0,0,83.27249146
9/18/18,75,63,69,1.47,0,0,75.59690094
9/19/18,80,59,69.5,0,0,0,83.94135284
9/20/18,70,47,58.5,0,0,0,94.95341492
9/21/18,73,46,59.5,0,0,0,77.03965759
9/22/18,75,56,65.5,0.2,0,0,64.59627533
9/23/18,60,41,50.5,0,0,0,45.33655548
9/24/18,66,40,53,0,0,0,59.21719742
9/25/18,67,41,54,0.83,0,0,69.93357086
9/26/18,68,52,60,0.06,0,0,82.23070526
9/27/18,73,45,59,0.48,0,0,68.51268005
9/28/18,61,46,53.5,0.28,0,0,71.5794754
9/29/18,68,51,59.5,0,0,0,57.87914658
9/30/18,63,39,51,0,0,0,50.66675949
10/1/18,55,43,49,0.01,0,0,91.37359619
10/2/18,60,54,57,0.02,0,0,110.0887756
10/3/18,68,53,60.5,0.81,0,0,122.597908
10/4/18,62,53,57.5,0.01,0,0,113.3920212
10/5/18,67,42,54.5,0.71,0,0,213.0240784
10/7/18,71,59,65,0.38,0,0,155.0194092
10/8/18,68,54,61,0.01,0,0,221.6693268
10/9/18,77,55,66,0,0,0,79.57280731
10/10/18,80,62,71,0,0,0,77.81900024
10/11/18,78,61,69.5,0.23,0,0,85.56347656
10/12/18,73,45,59,0.5,0,0,321.9063416
10/13/18,50,41,45.5,0.13,0,0,380.6269531
10/14/18,49,37,43,0.06,0,0,357.3937073
10/15/18,57,38,47.5,0.02,0,0,372.6932983
10/16/18,60,31,45.5,0.12,0,0,404.0776367
10/17/18,51,31,41,0,0,0,433.9208069
10/19/18,43,29,36,0,0,0,416.2886047
10/20/18,61,31,46,0,0,0,403.3859558
10/23/18,46,35,40.5,0,0,0,492.0359497
10/24/18,54,37,45.5,0.17,0,0,511.9104309
10/26/18,40,30,35,0,0,0,519.8806152
10/27/18,46,35,40.5,0.18,0,0,472.3459473
10/28/18,39,37,38,0.92,0,0,479.9158325
10/29/18,44,38,41,0.24,0,0,512.9782104
10/30/18,44,33,38.5,0.14,0,0,520.6079102
10/31/18,50,29,39.5,0.02,0,0,428.261261
11/1/18,62,43,52.5,0.11,0,0,463.7771912
11/2/18,60,44,52,0.32,0,0,370.7418213
11/3/18,62,39,50.5,0.17,0,0,446.0532227
11/4/18,43,29,36,0.14,0,0,473.1710205
11/5/18,49,29,39,0.01,0,0,484.4413452
11/6/18,48,43,45.5,0.05,0,0,427.4900818
11/7/18,59,44,51.5,0.13,0,0,423.6755676
11/8/18,57,35,46,0,0,0,480.8762817
11/9/18,45,29,37,0,0,0,533.8325195
11/11/18,33,26,29.5,0.03,0.1,0,541.2252808
11/12/18,38,28,33,0,0,0,564.4934692
11/13/18,45,27,36,0.27,0.7,1,572.5692139
11/15/18,27,18,22.5,0.04,0.5,1,634.296875
11/16/18,29,21,25,0.98,8.6,9,599.6385498
11/18/18,37,28,32.5,0,0,5,550.8103638
11/19/18,33,28,30.5,0.12,1.9,6,574.9161377
11/20/18,37,31,34,0.16,2.1,7,546.8881226
11/22/18,33,11,22,0.02,0.2,5,605.6670532
11/24/18,28,-3,12.5,0,0,4,571.5484009
11/25/18,41,25,33,0.2,0,2,531.1881714
11/28/18,34,28,31,0.2,3.9,4,579.9833374
11/29/18,33,28,30.5,0.05,0.8,4,559.2783203
11/30/18,34,29,31.5,0,0,2,555.4865723
12/2/18,40,31,35.5,0.21,0,0,472.04422
12/3/18,49,40,44.5,0.08,0,0,498.3260193
12/4/18,43,26,34.5,0.12,0.8,1,565.9699097
12/7/18,35,24,29.5,0.01,0.1,1,610.3405762
12/8/18,24,15,19.5,0.03,0.6,2,561.0656128
12/9/18,29,10,19.5,0,0,1,564.7681885
12/10/18,33,8,20.5,0,0,1,594.5720215
12/11/18,30,26,28,0,0,1,584.9718018
12/12/18,30,26,28,0.02,0.6,2,567.5199585
12/15/18,47,38,42.5,0,0,0,462.8989563
12/16/18,40,31,35.5,0,0,0,444.7429504
12/17/18,37,30,33.5,0.11,0,0,535.8496094
12/20/18,39,13,26,0,0,0,524.8526001
12/21/18,55,31,43,0.39,0,0,334.5729065
12/22/18,61,29,45,0.95,2,2,473.5029907
12/24/18,33,27,30,0.1,1,2,497.2716064
12/25/18,35,27,31,0.02,0.3,2,513.2745361
12/28/18,40,21,30.5,0.07,0,0,478.4833984
12/29/18,50,37,43.5,0.04,0,0,482.9494324
12/30/18,37,24,30.5,0.02,0.7,1,511.9943237
12/31/18,35,25,30,0,0,0,496.4941101
1/1/19,51,29,40,0.45,0,0,482.5025024
1/2/19,47,25,36,0,0,0,569.8981934
1/3/19,36,25,30.5,0.03,0,0,555.0824585
1/5/19,43,28,35.5,0.38,0,0,472.5180054
1/8/19,33,13,23,0.02,0,0,555.2584839
1/9/19,42,33,37.5,0.5,0,0,564.2619019
1/11/19,23,11,17,0.04,0.8,1,715.1497803
1/12/19,16,0,8,0,0,1,638.9711304
1/13/19,21,7,14,0,0,1,638.5888062
1/15/19,25,7,16,0,0,1,649.7108154
1/18/19,25,3,14,0.02,0.4,1,652.7866211
1/19/19,33,19,26,0.03,0.7,1,611.331604
1/20/19,21,16,18.5,1.04,10.2,10,627.5686646
1/21/19,17,-5,6,0.04,2.5,12,792.2875366
1/22/19,9,-5,2,0.06,1.2,10,774.7032471
1/24/19,44,25,34.5,0.18,0,4,629.2957764
1/25/19,44,23,33.5,0.36,0.9,5,683.991272
1/26/19,25,6,15.5,0,0,5,655.2211304
1/30/19,27,-4,11.5,0.02,0.5,5,729.2697144
1/31/19,13,-7,3,0.01,0.2,5,778.7723999